--Progetto seconda fase
--Gruppo 7
set search_path to progettof;
-----------------------------------------------------------------------------------------------------------------------------------------------------------------
CREATE TABLE utente(
email	VARCHAR(20) PRIMARY KEY,
ammontare NUMERIC(8,2) NOT NULL DEFAULT 0);

INSERT INTO utente VALUES ('wEc5whW@gmail.com' ,0.1);
INSERT INTO utente VALUES ('XGZDH@gmail.com' ,0.1);
INSERT INTO utente VALUES ('eBq1Riq6@gmail.com' ,4.1);
INSERT INTO utente VALUES ('6cguqnGHR@gmail.com' ,5.1);
INSERT INTO utente VALUES ('Efon8i@gmail.com' ,5.1);
INSERT INTO utente VALUES ('r4R6slAz@gmail.com' ,3.0);
INSERT INTO utente VALUES ('YCAU4J3Q@gmail.com' ,1.0);
INSERT INTO utente VALUES ('xnrYksjvU@gmail.com' ,5.1);
INSERT INTO utente VALUES ('A9Rsswu@gmail.com' ,3.1);
INSERT INTO utente VALUES ('Q6ohtq@gmail.com' ,1.0);
INSERT INTO utente VALUES ('bz3tO1v9M@gmail.com' ,2.1);
INSERT INTO utente VALUES ('C4tLAP1@gmail.com' ,3.1);
INSERT INTO utente VALUES ('WekHwfy@gmail.com' ,2.0);
INSERT INTO utente VALUES ('rOaB57KA@gmail.com' ,2.1);
INSERT INTO utente VALUES ('p4flCXJAL@gmail.com' ,4.1);
INSERT INTO utente VALUES ('1mRafdO@gmail.com' ,4.0);
INSERT INTO utente VALUES ('moE4HC@gmail.com' ,5.1);
INSERT INTO utente VALUES ('naLA7@gmail.com' ,3.0);
INSERT INTO utente VALUES ('DRl95kL@gmail.com' ,4.1);
INSERT INTO utente VALUES ('qTTWLO@gmail.com' ,1.1);
INSERT INTO utente VALUES ('1EQ8rQ@gmail.com' ,4.0);
INSERT INTO utente VALUES ('zWDIikr@gmail.com' ,4.1);
INSERT INTO utente VALUES ('60Znhn@gmail.com' ,5.1);
INSERT INTO utente VALUES ('pcM7E6@gmail.com' ,1.0);
INSERT INTO utente VALUES ('6deSUX@gmail.com' ,0.1);
INSERT INTO utente VALUES ('bcgSkHg@gmail.com' ,5.1);
INSERT INTO utente VALUES ('T9pfq@gmail.com' ,1.1);
INSERT INTO utente VALUES ('jw08D@gmail.com' ,4.1);
INSERT INTO utente VALUES ('fAqFHvgS@gmail.com' ,3.1);
INSERT INTO utente VALUES ('ovCCOX2m@gmail.com' ,1.1);
INSERT INTO utente VALUES ('H3Ixf@gmail.com' ,0.1);
INSERT INTO utente VALUES ('2goIGY@gmail.com' ,3.1);
INSERT INTO utente VALUES ('Y2N8rt9@gmail.com' ,4.1);
INSERT INTO utente VALUES ('H6J3ga5@gmail.com' ,4.0);
INSERT INTO utente VALUES ('VU28HExna@gmail.com' ,2.0);
INSERT INTO utente VALUES ('5rXQKUi@gmail.com' ,4.1);
INSERT INTO utente VALUES ('ZAiVpDjxp@gmail.com' ,2.1);
INSERT INTO utente VALUES ('haqn9Nn@gmail.com' ,0.1);
INSERT INTO utente VALUES ('cjkh8La@gmail.com' ,3.0);
INSERT INTO utente VALUES ('99WBw9qyR@gmail.com' ,4.0);
INSERT INTO utente VALUES ('LEOPz@gmail.com' ,2.0);
INSERT INTO utente VALUES ('bDErRL9@gmail.com' ,3.0);
INSERT INTO utente VALUES ('blyfo7HE5@gmail.com' ,2.0);
INSERT INTO utente VALUES ('mMnAAS@gmail.com' ,2.0);
INSERT INTO utente VALUES ('X1jhjh@gmail.com' ,1.0);
INSERT INTO utente VALUES ('nCjFDJmv@gmail.com' ,3.0);
INSERT INTO utente VALUES ('t9dQR@gmail.com' ,4.1);
INSERT INTO utente VALUES ('tvnH3w@gmail.com' ,1.1);
INSERT INTO utente VALUES ('4Q8iUtO@gmail.com' ,1.1);
INSERT INTO utente VALUES ('QFDMAa@gmail.com' ,0.0);
INSERT INTO utente VALUES ('wIXgQ@gmail.com' ,0.1);
INSERT INTO utente VALUES ('UW6X90@gmail.com' ,4.1);
INSERT INTO utente VALUES ('Xq0r4n@gmail.com' ,2.1);
INSERT INTO utente VALUES ('CHBwV@gmail.com' ,4.0);
INSERT INTO utente VALUES ('Sjpco@gmail.com' ,4.1);
INSERT INTO utente VALUES ('i2SSiHb6@gmail.com' ,5.1);
INSERT INTO utente VALUES ('QTYZ2mYm@gmail.com' ,5.1);
INSERT INTO utente VALUES ('SZBoj@gmail.com' ,3.1);
INSERT INTO utente VALUES ('UJFZCSN@gmail.com' ,3.0);
INSERT INTO utente VALUES ('0n2yo4eT1@gmail.com' ,3.0);
INSERT INTO utente VALUES ('iVHwN@gmail.com' ,1.0);
INSERT INTO utente VALUES ('1vHPIXoEn@gmail.com' ,1.1);
INSERT INTO utente VALUES ('7LF4GJ@gmail.com' ,0.0);
INSERT INTO utente VALUES ('23Q1L0cfA@gmail.com' ,4.1);
INSERT INTO utente VALUES ('edKz8pcz@gmail.com' ,5.0);
INSERT INTO utente VALUES ('7pvvQJQ@gmail.com' ,0.1);
INSERT INTO utente VALUES ('41dxZ3@gmail.com' ,4.0);
INSERT INTO utente VALUES ('5c8jUUA@gmail.com' ,1.1);
INSERT INTO utente VALUES ('Pkg7q@gmail.com' ,2.0);
INSERT INTO utente VALUES ('5qyvyf@gmail.com' ,4.1);
INSERT INTO utente VALUES ('njfiB@gmail.com' ,0.1);
INSERT INTO utente VALUES ('5Q7yAL@gmail.com' ,0.1);
INSERT INTO utente VALUES ('ZQ29Np@gmail.com' ,5.1);
INSERT INTO utente VALUES ('3IAanLJ@gmail.com' ,3.1);
INSERT INTO utente VALUES ('Zbdkn@gmail.com' ,4.0);
INSERT INTO utente VALUES ('UIa177nxS@gmail.com' ,2.0);
INSERT INTO utente VALUES ('xb2wF@gmail.com' ,1.1);
INSERT INTO utente VALUES ('FZ4bh@gmail.com' ,4.1);
INSERT INTO utente VALUES ('QXuIp@gmail.com' ,5.1);
INSERT INTO utente VALUES ('tuhUPgDy@gmail.com' ,2.1);
INSERT INTO utente VALUES ('dOJYedub4@gmail.com' ,0.0);
INSERT INTO utente VALUES ('IrpTlpIr@gmail.com' ,0.1);
INSERT INTO utente VALUES ('yXGIVE@gmail.com' ,5.0);
INSERT INTO utente VALUES ('fIwD6csd@gmail.com' ,4.0);
INSERT INTO utente VALUES ('J4u2k4Y7o@gmail.com' ,4.0);
INSERT INTO utente VALUES ('lIX18g@gmail.com' ,1.0);
INSERT INTO utente VALUES ('5S7c6Ty@gmail.com' ,4.0);
INSERT INTO utente VALUES ('rAWfZ3Zf1@gmail.com' ,5.0);
INSERT INTO utente VALUES ('MylZTbU@gmail.com' ,2.0);
INSERT INTO utente VALUES ('Cm8hG5cAV@gmail.com' ,0.1);
INSERT INTO utente VALUES ('Cf0UK@gmail.com' ,1.0);
INSERT INTO utente VALUES ('YkfsxnY7@gmail.com' ,3.0);
INSERT INTO utente VALUES ('ojtezWQ@gmail.com' ,0.1);
INSERT INTO utente VALUES ('RAgcmKYe@gmail.com' ,0.0);
INSERT INTO utente VALUES ('AJGNWLcp4@gmail.com' ,0.1);
INSERT INTO utente VALUES ('XLeAR@gmail.com' ,3.1);
INSERT INTO utente VALUES ('yQa64zc@gmail.com' ,0.1);
INSERT INTO utente VALUES ('qPWQLT1@gmail.com' ,1.1);
INSERT INTO utente VALUES ('ADFi5Psq@gmail.com' ,2.0);
INSERT INTO utente VALUES ('US5QDL@gmail.com' ,0.1);

-----------------------------------------------------------------------------------------------------------------------------------------------------------------
CREATE TABLE rid(
coordinateB CHAR(27) PRIMARY KEY,
email VARCHAR(20) NOT NULL,
FOREIGN KEY (email) REFERENCES utente);

INSERT INTO rid VALUES ('IT1862713847378772669015850','bcgSkHg@gmail.com');
INSERT INTO rid VALUES ('IT4748041616890211709655446','qTTWLO@gmail.com');
INSERT INTO rid VALUES ('IT9263480561190033402960233','XLeAR@gmail.com');
INSERT INTO rid VALUES ('IT9722275600703942032391073','njfiB@gmail.com');
INSERT INTO rid VALUES ('IT7360672420899780800126127','njfiB@gmail.com');
INSERT INTO rid VALUES ('IT7479491431657435740113797','ZAiVpDjxp@gmail.com');
INSERT INTO rid VALUES ('IT2565706694681483247752908','mMnAAS@gmail.com');
INSERT INTO rid VALUES ('IT8952313964628627143907997','WekHwfy@gmail.com');
INSERT INTO rid VALUES ('IT6437445424731385649558765','fAqFHvgS@gmail.com');
INSERT INTO rid VALUES ('IT0085387911162856964658764','tuhUPgDy@gmail.com');
INSERT INTO rid VALUES ('IT3255073942362650961589548','Sjpco@gmail.com');
INSERT INTO rid VALUES ('IT5702836090077675178522176','MylZTbU@gmail.com');
INSERT INTO rid VALUES ('IT6025260433601508086188297','QXuIp@gmail.com');
INSERT INTO rid VALUES ('IT5135714126998809885115978','xnrYksjvU@gmail.com');
INSERT INTO rid VALUES ('IT7373138568098611081988953','MylZTbU@gmail.com');
INSERT INTO rid VALUES ('IT9501151910433847178871031','Zbdkn@gmail.com');
INSERT INTO rid VALUES ('IT0215911506332725161775873','zWDIikr@gmail.com');
INSERT INTO rid VALUES ('IT4157362469841178411549961','LEOPz@gmail.com');
INSERT INTO rid VALUES ('IT9759446737322029501401082','SZBoj@gmail.com');
INSERT INTO rid VALUES ('IT4249658116708994777447381','yXGIVE@gmail.com');
INSERT INTO rid VALUES ('IT2460053543218789814894706','UJFZCSN@gmail.com');
INSERT INTO rid VALUES ('IT7590740927282687667455207','CHBwV@gmail.com');
INSERT INTO rid VALUES ('IT8162187608075451871114758','fAqFHvgS@gmail.com');
INSERT INTO rid VALUES ('IT6734568429657161600246902','njfiB@gmail.com');
INSERT INTO rid VALUES ('IT5001856489177165292182416','MylZTbU@gmail.com');
INSERT INTO rid VALUES ('IT0748491093919435710276754','UJFZCSN@gmail.com');
INSERT INTO rid VALUES ('IT3309170286878274285682048','LEOPz@gmail.com');
INSERT INTO rid VALUES ('IT3216115768253025164711991','mMnAAS@gmail.com');
INSERT INTO rid VALUES ('IT5131862911977176828269892','XGZDH@gmail.com');
INSERT INTO rid VALUES ('IT9263304533161159085239985','IrpTlpIr@gmail.com');
INSERT INTO rid VALUES ('IT2142503643379506432087920','yXGIVE@gmail.com');
INSERT INTO rid VALUES ('IT0753269888783591046497887','IrpTlpIr@gmail.com');
INSERT INTO rid VALUES ('IT5176355659416577168933955','wIXgQ@gmail.com');
INSERT INTO rid VALUES ('IT8319847583741993515559597','MylZTbU@gmail.com');
INSERT INTO rid VALUES ('IT6144941677128664664842398','XLeAR@gmail.com');
INSERT INTO rid VALUES ('IT9234263767547771933164259','wIXgQ@gmail.com');
INSERT INTO rid VALUES ('IT4546151958884896193909403','ojtezWQ@gmail.com');
INSERT INTO rid VALUES ('IT5799543857784912729026187','nCjFDJmv@gmail.com');
INSERT INTO rid VALUES ('IT2637046362053514865104977','ojtezWQ@gmail.com');
INSERT INTO rid VALUES ('IT8760165153486690899604300','XLeAR@gmail.com');
INSERT INTO rid VALUES ('IT1499680644703345767182991','Zbdkn@gmail.com');
INSERT INTO rid VALUES ('IT4550645295324132129272438','bcgSkHg@gmail.com');
INSERT INTO rid VALUES ('IT9568526623536612406144389','nCjFDJmv@gmail.com');
INSERT INTO rid VALUES ('IT9447061222448324387708856','Sjpco@gmail.com');
INSERT INTO rid VALUES ('IT8823426828416601244585725','yXGIVE@gmail.com');
INSERT INTO rid VALUES ('IT3014928106793825458266574','ojtezWQ@gmail.com');
INSERT INTO rid VALUES ('IT1449951233997807302081727','LEOPz@gmail.com');
INSERT INTO rid VALUES ('IT0145181784352191847196978','ZAiVpDjxp@gmail.com');
INSERT INTO rid VALUES ('IT6833043456609038274535768','IrpTlpIr@gmail.com');
INSERT INTO rid VALUES ('IT3009309400367089523392969','xnrYksjvU@gmail.com');

-----------------------------------------------------------------------------------------------------------------------------------------------------------------
CREATE TABLE cartaDiCredito(
numero CHAR(16) PRIMARY KEY,
circuito VARCHAR(20) NOT NULL,
dataS DATE CHECK (dataS > current_date),
email VARCHAR(20) NOT NULL,
FOREIGN KEY (email) REFERENCES utente);

INSERT INTO cartaDiCredito VALUES ('9115362120147973','American Express','29/7/2023','xnrYksjvU@gmail.com');
INSERT INTO cartaDiCredito VALUES ('8642800532312301','American Express','29/3/2020','RAgcmKYe@gmail.com');
INSERT INTO cartaDiCredito VALUES ('6455730834784233','Carta Si','25/1/2020','ojtezWQ@gmail.com');
INSERT INTO cartaDiCredito VALUES ('7638614273674360','Carta Si','8/6/2023','LEOPz@gmail.com');
INSERT INTO cartaDiCredito VALUES ('3203451600795183','American Express','23/5/2020','ojtezWQ@gmail.com');
INSERT INTO cartaDiCredito VALUES ('4609011813484052','American Express','3/7/2021','qTTWLO@gmail.com');
INSERT INTO cartaDiCredito VALUES ('3932977875012691','Carta Si','19/4/2020','QFDMAa@gmail.com');
INSERT INTO cartaDiCredito VALUES ('0447916182438049','Visa','25/4/2020','LEOPz@gmail.com');
INSERT INTO cartaDiCredito VALUES ('9185710680590115','Carta Si','22/4/2020','ojtezWQ@gmail.com');
INSERT INTO cartaDiCredito VALUES ('5575710458492182','Mastercard','3/2/2020','fAqFHvgS@gmail.com');
INSERT INTO cartaDiCredito VALUES ('2237210242534953','Mastercard','18/1/2020','CHBwV@gmail.com');
INSERT INTO cartaDiCredito VALUES ('0483618456965011','Visa','6/7/2022','qTTWLO@gmail.com');
INSERT INTO cartaDiCredito VALUES ('9508019132205065','Mastercard','13/11/2024','xnrYksjvU@gmail.com');
INSERT INTO cartaDiCredito VALUES ('9203976493262322','Mastercard','15/9/2024','zWDIikr@gmail.com');
INSERT INTO cartaDiCredito VALUES ('9169736574089689','Visa','26/8/2020','Sjpco@gmail.com');
INSERT INTO cartaDiCredito VALUES ('7880463698101241','American Express','16/7/2020','xnrYksjvU@gmail.com');
INSERT INTO cartaDiCredito VALUES ('8884554680804405','Visa','5/6/2024','qTTWLO@gmail.com');
INSERT INTO cartaDiCredito VALUES ('1979115764684892','Mastercard','21/9/2020','wIXgQ@gmail.com');
INSERT INTO cartaDiCredito VALUES ('1299837708920084','Carta Si','22/3/2020','QXuIp@gmail.com');
INSERT INTO cartaDiCredito VALUES ('4589939546555607','Carta Si','15/8/2023','yXGIVE@gmail.com');
INSERT INTO cartaDiCredito VALUES ('0148882673712779','Carta Si','3/8/2022','WekHwfy@gmail.com');
INSERT INTO cartaDiCredito VALUES ('0096034250337448','Visa','14/2/2020','WekHwfy@gmail.com');
INSERT INTO cartaDiCredito VALUES ('8330298537552405','American Express','16/7/2020','IrpTlpIr@gmail.com');
INSERT INTO cartaDiCredito VALUES ('4632232504096797','American Express','3/1/2020','XLeAR@gmail.com');
INSERT INTO cartaDiCredito VALUES ('2334311009703426','Visa','5/8/2020','iVHwN@gmail.com');
INSERT INTO cartaDiCredito VALUES ('6177385373335510','Visa','3/2/2020','Sjpco@gmail.com');
INSERT INTO cartaDiCredito VALUES ('1288702978457446','Carta Si','2/9/2024','RAgcmKYe@gmail.com');
INSERT INTO cartaDiCredito VALUES ('2664872160120659','Carta Si','13/10/2022','bcgSkHg@gmail.com');
INSERT INTO cartaDiCredito VALUES ('3635831936545031','American Express','18/9/2021','wIXgQ@gmail.com');
INSERT INTO cartaDiCredito VALUES ('2070483573471182','Visa','29/7/2023','ojtezWQ@gmail.com');
INSERT INTO cartaDiCredito VALUES ('7972761477426553','Carta Si','21/3/2020','LEOPz@gmail.com');
INSERT INTO cartaDiCredito VALUES ('2076497686875460','Carta Si','20/11/2020','ZAiVpDjxp@gmail.com');
INSERT INTO cartaDiCredito VALUES ('0154653422991278','Carta Si','15/3/2020','Zbdkn@gmail.com');
INSERT INTO cartaDiCredito VALUES ('1159345797107392','Mastercard','19/3/2020','tuhUPgDy@gmail.com');
INSERT INTO cartaDiCredito VALUES ('5221088530642017','Visa','9/1/2020','UJFZCSN@gmail.com');
INSERT INTO cartaDiCredito VALUES ('3473139643051945','Mastercard','27/6/2023','nCjFDJmv@gmail.com');
INSERT INTO cartaDiCredito VALUES ('6086081906526196','Visa','20/4/2020','QXuIp@gmail.com');
INSERT INTO cartaDiCredito VALUES ('4561643006680614','American Express','27/9/2024','iVHwN@gmail.com');
INSERT INTO cartaDiCredito VALUES ('3484304563393111','American Express','12/6/2023','MylZTbU@gmail.com');
INSERT INTO cartaDiCredito VALUES ('8515278610090410','American Express','7/9/2023','XLeAR@gmail.com');
INSERT INTO cartaDiCredito VALUES ('2456114820955942','Carta Si','23/6/2020','XGZDH@gmail.com');
INSERT INTO cartaDiCredito VALUES ('8143059302838822','Mastercard','4/3/2020','SZBoj@gmail.com');
INSERT INTO cartaDiCredito VALUES ('3686969581029304','Carta Si','28/6/2021','yXGIVE@gmail.com');
INSERT INTO cartaDiCredito VALUES ('6130135643386515','Visa','25/1/2020','IrpTlpIr@gmail.com');
INSERT INTO cartaDiCredito VALUES ('7443001003875524','Mastercard','19/8/2024','fAqFHvgS@gmail.com');
INSERT INTO cartaDiCredito VALUES ('6164109568204426','American Express','2/11/2023','zWDIikr@gmail.com');
INSERT INTO cartaDiCredito VALUES ('8155756055513008','Mastercard','27/5/2020','WekHwfy@gmail.com');
INSERT INTO cartaDiCredito VALUES ('5322334044081730','Visa','6/2/2020','xnrYksjvU@gmail.com');
INSERT INTO cartaDiCredito VALUES ('5272947179330196','American Express','7/9/2020','yXGIVE@gmail.com');
INSERT INTO cartaDiCredito VALUES ('8826638942459807','American Express','17/7/2021','XLeAR@gmail.com');

-----------------------------------------------------------------------------------------------------------------------------------------------------------------
CREATE TABLE abbonamento(
dataI DATE,
dataF DATE NOT NULL CHECK (dataF > dataI),
numSmartCard NUMERIC(20) NOT NULL,
email VARCHAR(20),
costo NUMERIC(4) CHECK (costo > 0),
tipo VARCHAR(20) NOT NULL,
riduzioneEta NUMERIC(4) DEFAULT 0,
riduzioneConv NUMERIC(4) DEFAULT 0,
cartaCarb NUMERIC(6) NOT NULL,
PRIMARY KEY (dataI,email),
FOREIGN KEY (email) REFERENCES utente);

INSERT INTO abbonamento VALUES ('18/3/2019','6/4/2019','19866092185221138073','Sjpco@gmail.com','21','GrWJoXljdeygEmEvvlvI','6','74','863447');
INSERT INTO abbonamento VALUES ('21/5/2019','11/6/2019','00296558201800421476','QFDMAa@gmail.com','21','HueQIFtytfYSryAMDlYT','939','204','977383');
INSERT INTO abbonamento VALUES ('23/10/2019','5/11/2019','51076292995733997114','njfiB@gmail.com','21','WdsyHYVcBYHSZXiAZrhT','725','50','001507');
INSERT INTO abbonamento VALUES ('27/8/2019','19/9/2019','43907644752379668962','fAqFHvgS@gmail.com','21','CSwIfHTYXEskLFikoIRa','087','152','009381');
INSERT INTO abbonamento VALUES ('22/10/2019','23/10/2020','39835345349458425160','XLeAR@gmail.com','21','jOTbyJkJcVvNEqDrYjgF','34','69','513092');
INSERT INTO abbonamento VALUES ('12/3/2019','29/3/2020','95286944304620246587','QXuIp@gmail.com','11','ZszQVuRCMOhBWnuMhcvj','73','13','069987');
INSERT INTO abbonamento VALUES ('26/1/2019','7/2/2019','18984247407446921798','RAgcmKYe@gmail.com','01','xsSymwUGcdqpqcwmBBOD','9','743','760892');
INSERT INTO abbonamento VALUES ('28/2/2019','26/3/2019','86991126553285522743','Sjpco@gmail.com','01','oeZFmnOCmxoMtONNeXaM','23','119','106065');
INSERT INTO abbonamento VALUES ('12/8/2019','10/9/2019','77065826393054393624','iVHwN@gmail.com','21','UuczLWqhShRrSeHIkUYn','48','57','815545');
INSERT INTO abbonamento VALUES ('24/3/2019','12/4/2019','71443017878921415823','njfiB@gmail.com','01','GVsutHtdcqUymNrGBDCv','1','201','672981');
INSERT INTO abbonamento VALUES ('6/5/2019','24/5/2020','92286283090820226712','ojtezWQ@gmail.com','21','zXmGvPWjMfMFsGgHJmRu','7','143','759202');
INSERT INTO abbonamento VALUES ('14/3/2019','26/3/2020','87567927173482243492','XGZDH@gmail.com','21','HHfKbKeztVFYiRRSrxta','0','89','070241');
INSERT INTO abbonamento VALUES ('13/9/2019','15/9/2020','56183765216727924623','XLeAR@gmail.com','01','mHGKtFdHzKlVmUjSSUaq','395','514','825389');
INSERT INTO abbonamento VALUES ('10/7/2019','2/8/2019','41608809676064856152','njfiB@gmail.com','21','psvURUDiqZtIxCDVruNn','442','266','494314');
INSERT INTO abbonamento VALUES ('27/7/2019','10/8/2019','90904201623839232280','Sjpco@gmail.com','21','PhBjUpQdtwXfjeLeobEN','71','861','730456');
INSERT INTO abbonamento VALUES ('1/6/2019','2/6/2020','76664169539552718304','QXuIp@gmail.com','01','bkUixSNsNnpHfNTfTLxD','038','7','736307');
INSERT INTO abbonamento VALUES ('2/7/2019','27/7/2020','55922467927010408336','mMnAAS@gmail.com','21','SNqsHwQvxVKeXbHSuCzK','7','2','747389');
INSERT INTO abbonamento VALUES ('1/3/2019','29/3/2020','84509210935304458788','LEOPz@gmail.com','11','ApmmICHBcxVgetTeOLck','457','5','341744');
INSERT INTO abbonamento VALUES ('21/8/2019','13/9/2019','97751480366276532312','Zbdkn@gmail.com','11','ppuxYFRVmLUOuSkSeyoW','945','676','689712');
INSERT INTO abbonamento VALUES ('1/8/2019','17/8/2020','13706961577082656672','fAqFHvgS@gmail.com','21','eDvIWmDpwnOGnpxcbnmJ','349','2','116828');
INSERT INTO abbonamento VALUES ('21/11/2019','16/12/2019','05240738340999120562','fAqFHvgS@gmail.com','11','RizccUmJeoQeqYMSenrY','6','30','739678');
INSERT INTO abbonamento VALUES ('22/2/2019','18/3/2019','00752959597137653990','UJFZCSN@gmail.com','21','bfSBzrMHhEYGkJqBrQsG','105','7','342013');
INSERT INTO abbonamento VALUES ('20/2/2019','7/3/2019','57589830104918889805','WekHwfy@gmail.com','21','ZwPFIhBXLKhvIBOuTjEu','75','8','606393');
INSERT INTO abbonamento VALUES ('14/7/2019','29/7/2020','09760252594688452513','yXGIVE@gmail.com','21','OlSpGMkbqOUmYeAfnWfQ','393','595','702804');
INSERT INTO abbonamento VALUES ('9/1/2019','26/1/2020','25160048949903918279','zWDIikr@gmail.com','21','HVpoNoEQQoIAsrvcCTkH','395','484','611852');
INSERT INTO abbonamento VALUES ('23/5/2019','3/6/2019','62840774817353931425','QXuIp@gmail.com','11','ODAcqXhIzkrjCakfocPx','8','093','196803');
INSERT INTO abbonamento VALUES ('23/3/2019','10/4/2019','63937883681214318762','wIXgQ@gmail.com','11','LFUCAMcUVUKSAfkyXRMA','606','0','404036');
INSERT INTO abbonamento VALUES ('5/2/2019','17/2/2020','42026200024399634164','LEOPz@gmail.com','01','PalLYRSmftzHezzigkxk','0','9','785185');
INSERT INTO abbonamento VALUES ('9/2/2019','27/2/2020','56880576126862513391','mMnAAS@gmail.com','01','MsFxPEGKzsuouSxjwHUL','3','149','063471');
INSERT INTO abbonamento VALUES ('5/11/2019','24/11/2020','28742070339020614106','QFDMAa@gmail.com','21','motmtiQsdCWSkqOmOCJw','752','6','831512');
INSERT INTO abbonamento VALUES ('24/5/2019','13/6/2019','26359671428019432600','MylZTbU@gmail.com','21','qGmpuOzuGpSFYbyFAPdk','82','5','229399');
INSERT INTO abbonamento VALUES ('12/6/2019','6/7/2019','27486855386807302973','XGZDH@gmail.com','11','gsqgauNfvOOLHvsiKxmA','076','0','680818');
INSERT INTO abbonamento VALUES ('21/5/2019','12/6/2019','61347723534889922799','wIXgQ@gmail.com','01','zeWzultIfwHFccmLRBgY','4','018','325808');
INSERT INTO abbonamento VALUES ('17/6/2019','9/7/2019','25733967025458936661','WekHwfy@gmail.com','01','vLDyXCuJSCPCxerPcauv','4','9','675262');
INSERT INTO abbonamento VALUES ('18/10/2019','6/11/2019','33094586592099924814','QFDMAa@gmail.com','21','xqdJNtkAbbTrMREEaIFZ','6','8','555159');
INSERT INTO abbonamento VALUES ('11/6/2019','25/6/2020','63716581207653582664','QXuIp@gmail.com','11','LHtPeTgawFQeezbmTPhe','945','47','045521');
INSERT INTO abbonamento VALUES ('8/4/2019','24/4/2020','98701137622679256422','SZBoj@gmail.com','11','aqzhOdnyEpEhhebrJpCg','372','25','861084');
INSERT INTO abbonamento VALUES ('22/2/2019','12/3/2019','00773803493710362715','WekHwfy@gmail.com','01','YDEfwwmHSCFKQbDOcRmc','57','83','834328');
INSERT INTO abbonamento VALUES ('23/3/2019','18/4/2019','86337179119612062755','WekHwfy@gmail.com','11','fuVYZnGvqSZyxQmrKQvz','564','548','521872');
INSERT INTO abbonamento VALUES ('24/10/2019','18/11/2019','99503046110136182015','xnrYksjvU@gmail.com','21','YgWtVJdudYjGooSYtsPb','7','9','578109');
INSERT INTO abbonamento VALUES ('24/2/2019','19/3/2019','54131670806991175492','fAqFHvgS@gmail.com','11','oVArjIARZEZSPdbvwnVU','0','71','163249');
INSERT INTO abbonamento VALUES ('21/6/2019','16/7/2019','70742706952782243039','yXGIVE@gmail.com','21','hduqtcfUjnJQjraOsumi','452','4','181872');
INSERT INTO abbonamento VALUES ('8/2/2019','13/2/2020','28167858673323137415','iVHwN@gmail.com','21','LmLoSRKVMLoBFwuItSHp','087','648','443651');
INSERT INTO abbonamento VALUES ('21/10/2019','9/11/2019','63736903968717517935','MylZTbU@gmail.com','11','bDaJpqqbrgvvJCcdTzug','78','731','888605');
INSERT INTO abbonamento VALUES ('12/11/2019','14/11/2020','03505376535356019722','Sjpco@gmail.com','11','RjaTACStmeJFtNLknOEO','7','2','006331');
INSERT INTO abbonamento VALUES ('20/3/2019','10/4/2019','56988472520739430042','mMnAAS@gmail.com','01','egfJXtVucbrTXQAjagwl','6','06','537808');
INSERT INTO abbonamento VALUES ('23/10/2019','5/11/2019','02009913813791617983','CHBwV@gmail.com','11','IgXvvLWLWnKSBeKOTfiC','8','556','256995');
INSERT INTO abbonamento VALUES ('11/9/2019','1/10/2019','10524628000442307155','zWDIikr@gmail.com','01','AUbzkcOJiTWWoQGUiWUk','99','8','517600');
INSERT INTO abbonamento VALUES ('1/5/2019','8/5/2020','02605160285673970107','WekHwfy@gmail.com','01','gvBeTfethNcQQhCyUpaa','548','43','256050');
INSERT INTO abbonamento VALUES ('1/2/2019','11/2/2020','74615461278508847588','nCjFDJmv@gmail.com','11','JRsOSVXCmUiwMTmAlKaV','26','81','205162');
INSERT INTO abbonamento VALUES ('8/1/2019','29/1/2020','47462883292334093009','njfiB@gmail.com','11','bEPBlGBdktMwJsSojdco','60','99','284916');
INSERT INTO abbonamento VALUES ('16/10/2019','20/10/2020','15186246439827331321','yXGIVE@gmail.com','11','KRxUwmbjnsMCehmAeeHe','6','275','035213');
INSERT INTO abbonamento VALUES ('24/11/2019','12/12/2019','88463091719455478341','QXuIp@gmail.com','11','XOTTYKBeNCGyfNRChmFU','8','01','435724');
INSERT INTO abbonamento VALUES ('19/8/2019','25/8/2020','86306477596748247461','ojtezWQ@gmail.com','11','lvXvFizKRMvHElXafAxL','6','8','647814');
INSERT INTO abbonamento VALUES ('12/11/2019','13/11/2020','75037284280728440614','ojtezWQ@gmail.com','11','xluzCyqPVeFsIIZGOgKu','8','7','115886');
INSERT INTO abbonamento VALUES ('5/7/2019','16/7/2020','45979101984217147597','tuhUPgDy@gmail.com','11','aNBVyBRhxTydVAuDLZPO','03','64','359506');
INSERT INTO abbonamento VALUES ('15/10/2019','1/11/2019','55379757572798256457','LEOPz@gmail.com','21','VejPYgaJOlyirjZvDklE','625','52','432648');
INSERT INTO abbonamento VALUES ('10/3/2019','13/3/2020','72766555921026205965','yXGIVE@gmail.com','21','HQloebvSiGVhEqWMdUzd','5','71','752240');
INSERT INTO abbonamento VALUES ('2/5/2019','21/5/2020','06944685855530736718','IrpTlpIr@gmail.com','11','xFpMpbaCXsKZIjLDQhNv','6','874','303348');
INSERT INTO abbonamento VALUES ('21/5/2019','13/6/2019','69839091646991069375','xnrYksjvU@gmail.com','01','WlZazBNUuNKpjESrlgSl','87','5','500540');
INSERT INTO abbonamento VALUES ('14/11/2019','2/12/2019','17920613230133297884','RAgcmKYe@gmail.com','11','KsxZaoPCNkCPqraKVfVs','44','8','442218');
INSERT INTO abbonamento VALUES ('9/9/2019','27/9/2020','43543512090783762829','QXuIp@gmail.com','11','YoWGxHWWzTdqRKlTcZRo','051','3','737154');
INSERT INTO abbonamento VALUES ('21/6/2019','7/7/2019','78626893418566899731','Sjpco@gmail.com','21','tKSVZfBYNupAvRmLmAWk','583','00','105415');
INSERT INTO abbonamento VALUES ('2/4/2019','6/4/2020','73949408185098739582','IrpTlpIr@gmail.com','21','SXxikTEWmheZFuPPIZmW','777','4','386745');
INSERT INTO abbonamento VALUES ('18/6/2019','21/6/2020','65663587975289452995','QFDMAa@gmail.com','21','ffIwANzGmhQRnAMKuQuQ','57','7','283552');
INSERT INTO abbonamento VALUES ('20/11/2019','26/11/2020','44115605263350911142','Sjpco@gmail.com','21','gLKuPFXPWkSrInKYycMg','85','8','922099');
INSERT INTO abbonamento VALUES ('22/4/2019','26/4/2020','16597323354877498835','XGZDH@gmail.com','21','gaoInBoUXwxeMmNfwmbO','680','142','932123');
INSERT INTO abbonamento VALUES ('6/6/2019','14/6/2020','84851998645854792077','yXGIVE@gmail.com','11','fwxtjKtzprEhxECukieJ','29','6','529857');
INSERT INTO abbonamento VALUES ('1/9/2019','24/9/2020','03687752762227779338','XGZDH@gmail.com','11','RaIJqZnwVrJnEGASdVHy','718','246','853771');
INSERT INTO abbonamento VALUES ('4/7/2019','21/7/2020','36511929937297646429','tuhUPgDy@gmail.com','01','kNYXNyVKDovWxtPxqiTo','873','9','791073');
INSERT INTO abbonamento VALUES ('19/3/2019','25/3/2020','16490985806869372004','Zbdkn@gmail.com','11','pXzHRswrDQdVyqvZgdqg','2','5','975583');
INSERT INTO abbonamento VALUES ('24/9/2019','7/10/2019','44452570255506979611','ojtezWQ@gmail.com','21','WPQgGpOqhylbXAsWULSl','8','6','094842');
INSERT INTO abbonamento VALUES ('23/8/2019','25/8/2020','92645707860611552884','CHBwV@gmail.com','11','lrjgnnlLlZcTmiMRIkHj','78','15','494377');
INSERT INTO abbonamento VALUES ('11/2/2019','21/2/2020','42526519172868703941','QXuIp@gmail.com','01','aTLzCBKNNSYHaeCsofki','316','646','830645');
INSERT INTO abbonamento VALUES ('7/1/2019','19/1/2020','16950803098798579283','njfiB@gmail.com','21','dpqBKVMLsIhtCJOXYQIb','57','5','066985');
INSERT INTO abbonamento VALUES ('14/11/2019','22/11/2020','26160680019679682355','XGZDH@gmail.com','11','KwDhuzumtfiuzlfOyLnI','643','7','313011');
INSERT INTO abbonamento VALUES ('27/3/2019','12/4/2019','01967526596855189904','IrpTlpIr@gmail.com','21','JcGJXSsrQBanLyymqtLb','0','648','139886');
INSERT INTO abbonamento VALUES ('19/3/2019','29/3/2020','02758630333025972511','tuhUPgDy@gmail.com','21','lOgzZHhwxlSYGLfMIcmU','115','2','514532');
INSERT INTO abbonamento VALUES ('12/7/2019','19/7/2020','29281501213931093771','mMnAAS@gmail.com','01','sVancohJWkWgPSAAoAmH','41','45','380064');
INSERT INTO abbonamento VALUES ('16/1/2019','3/2/2019','68898310177590726435','CHBwV@gmail.com','11','brbDGejjtQwWepXjqtny','828','614','270736');
INSERT INTO abbonamento VALUES ('7/2/2019','25/2/2020','86321088378112956415','XGZDH@gmail.com','01','uLJttclEwqpeMMDEyQNY','759','72','589069');
INSERT INTO abbonamento VALUES ('19/9/2019','22/9/2020','54673127184109532310','MylZTbU@gmail.com','01','HulMwwxhrgmGWDkwGEVb','98','11','122532');
INSERT INTO abbonamento VALUES ('26/8/2019','13/9/2019','86399137552954306676','IrpTlpIr@gmail.com','01','LnGTFWyHTUERZVhuukXT','589','35','648687');
INSERT INTO abbonamento VALUES ('16/1/2019','15/2/2019','78003629500625185695','wIXgQ@gmail.com','11','dBTjvggBMWTVUkycvuit','1','00','595270');
INSERT INTO abbonamento VALUES ('21/4/2019','9/5/2019','46327609476911527914','XLeAR@gmail.com','21','tYDjDjZtRFNdRcsYkFFg','30','420','959313');
INSERT INTO abbonamento VALUES ('22/10/2019','19/11/2019','22993124099148586955','RAgcmKYe@gmail.com','11','dxWSMWzTEsDZgQgpnfyW','3','199','389939');
INSERT INTO abbonamento VALUES ('11/2/2019','26/2/2020','47185332568373538544','XGZDH@gmail.com','01','rNREFGckHnPkdBQAXFQi','9','68','877908');
INSERT INTO abbonamento VALUES ('9/7/2019','15/7/2020','18848537598281603491','RAgcmKYe@gmail.com','21','yUdDuxxxQqbXFjQOMGXG','313','322','286602');
INSERT INTO abbonamento VALUES ('8/3/2019','18/3/2020','09902603689090433838','MylZTbU@gmail.com','21','GHHSoZXuHMmYsGyoYxmP','257','54','231574');
INSERT INTO abbonamento VALUES ('4/9/2019','21/9/2020','93203395731664502534','WekHwfy@gmail.com','01','fuesehyTAQdcXJToPPav','195','49','838389');
INSERT INTO abbonamento VALUES ('10/8/2019','18/8/2020','85168543745568790237','mMnAAS@gmail.com','01','QhdUygNaMzAOkXKPhINN','12','246','829883');
INSERT INTO abbonamento VALUES ('8/5/2019','20/5/2020','18528126858553244800','wIXgQ@gmail.com','01','ntFLNtUEOxsscyAvrllR','145','4','520427');
INSERT INTO abbonamento VALUES ('8/10/2019','10/10/2020','38147353400475158864','LEOPz@gmail.com','01','iihPgJvjFUwYQocSOJdF','262','98','658440');
INSERT INTO abbonamento VALUES ('14/2/2019','2/3/2019','19416336786002567076','WekHwfy@gmail.com','11','uEDucaWcVfucsFxSGqlA','351','9','238093');
INSERT INTO abbonamento VALUES ('28/2/2019','15/3/2019','27054286361099999951','zWDIikr@gmail.com','01','uVJmJBRpxuHxPAekCNWG','872','2','789808');
INSERT INTO abbonamento VALUES ('26/9/2019','11/10/2019','02959377784229322751','mMnAAS@gmail.com','21','JjIFiuZzNUhcPZPBARlk','34','535','172289');
INSERT INTO abbonamento VALUES ('9/10/2019','21/10/2020','01478478021379897556','qTTWLO@gmail.com','21','kIQhuHqthPKymzDZdfIe','87','466','029567');
INSERT INTO abbonamento VALUES ('16/4/2019','24/4/2020','27137822105725608133','XLeAR@gmail.com','21','hKimUjGbeJdQSmqZbHiD','49','482','937704');
INSERT INTO abbonamento VALUES ('11/4/2019','29/4/2020','88039273244623207621','IrpTlpIr@gmail.com','01','SHJFQuxJqHnEIMnFgxcA','764','10','164947');
INSERT INTO abbonamento VALUES ('1/1/2019','6/1/2020','68546669085320092163','IrpTlpIr@gmail.com','01','oSKyEUaTIGvEMKDKuNZv','1','17','056474');

-----------------------------------------------------------------------------------------------------------------------------------------------------------------
CREATE TABLE parcheggio
(nome VARCHAR(20) PRIMARY KEY,
longitudine VARCHAR(20) NOT NULL,
latitudine VARCHAR(20) NOT NULL,
zona VARCHAR(20)  NOT NULL,
indirizzo VARCHAR(20) NOT NULL,
numPosti NUMERIC(5) NOT NULL CHECK (numPosti > 0));

INSERT INTO parcheggio VALUES ('afXhVQflkWlMVwnzpWSY','JBiF8SSyznyhatsEH2JJ','xdrokMuoQUnkdbhtxV0A','EbVvUg','p 23/7','49593');
INSERT INTO parcheggio VALUES ('ZNbHcXiErprHhufUNkwK','bvVxRBuXf0YHx51kcuhS','OCXBKDkSADDGum50LC4G','YsBJsXdUapvG','YaRBn 7/8','18808');
INSERT INTO parcheggio VALUES ('MlKIsJaGntnmcGpKgGuI','Rlc7SclUm6ZStZbmQqRB','STrroKCK3wsjaBA7BAgO','Vpkryymv','bxaTr 35/8','56022');
INSERT INTO parcheggio VALUES ('QKgtTuQwnhIgLPIXiaBc','nOY9IUcmJBCrCL6r0sZA','pouKXYw9hN0QmgzyUK8X','mpWCuqDsIb','XikTnK 5/5','71501');
INSERT INTO parcheggio VALUES ('TNFHCfndIAvkGKfkWkLh','f6BwobFS1bTthsXQhLI2','r3mwieoP3nMhNwfb5H4v','wbfl','pfmTprPMdZg 5/6','73063');
INSERT INTO parcheggio VALUES ('TrjmEGmiSzoBrOKrLibV','RsjtvoBRqt4YmyBdSGeI','jGJ9BHnKzJc7NqI54iYZ','aVUxOqPjZzb','SE 24/3','98286');
INSERT INTO parcheggio VALUES ('jdJenFObRYcbYxrvwVrH','EzGJdS1hhQpWJrFrjIzD','ToUkbDoBaJ9H2hfm25TQ','FWopIkSbVlca','YpLAJP 42/6','29531');
INSERT INTO parcheggio VALUES ('zvOtpWuXdPkbOzjknBJt','jwSzzp3WHHZIcLE6BELl','OReCfp4RqCkTtUMN9xtM','eqcSyWvTDhrKwOp','ZW 13/6','82522');
INSERT INTO parcheggio VALUES ('OLNptwXZBFBhxMgRGIeU','0Pdkf5H5g8XV5XYeboqE','YomMbCSSxyOEdSCePgz1','','XIoHBp 3/6','65681');
INSERT INTO parcheggio VALUES ('aWsVyDJCihZhpfStSMMt','NakwrgLkdl6JZdFOnZ99','IT57PiSIMnDdcOIxNY59','ZCMGrKQygYyBpiylGHM','qsFVAt 14/1','9501');
INSERT INTO parcheggio VALUES ('mShESzgecTYVEZPUdkkR','l0ksg8gGqrKEpDFAXfWN','V3PFKH8q9ahtHFdA9iZ7','SYzNGZslramK','sfSPD 2/1','52303');
INSERT INTO parcheggio VALUES ('gQiqwPaUGBrwXivjcWAj','DZKIvakfSsQ5KQV9iDJ8','70SXNxzoMrLB90cvxrdH','YDnoww','mOydKjWmY 43/0','89499');
INSERT INTO parcheggio VALUES ('SQiooVqrZfVvlrsNclQb','PBoXvI1JwtGZcMIwfGE9','4zVN10LvZXrx5kBQNkei','NfAFopvAznslP','yrJhbtGadnxZVZV 7/2','6380');
INSERT INTO parcheggio VALUES ('hvmrCtSvWbswyrBlFfFU','9N0VJguPBDHiYe1BQ8z7','fcojtd4ZuuqZlnM9eXVU','GLgENLCNnZGvajmR','EPbUxS 40/2','50097');
INSERT INTO parcheggio VALUES ('hIfEzGCaXIAFMMLAPyxY','aC4wREtM6gUGRTAGSzrB','wKjWdKL5SJ8dqoZ9jFBn','n','faOLlvyCHzI 29/3','43545');
INSERT INTO parcheggio VALUES ('ogCcMZsCePrretgmdzVm','E3zVg6e32YNRSSYOJp75','etyf3TONGXBhvdc4yf9k','','OBAz 27/1','50322');
INSERT INTO parcheggio VALUES ('DdaPdIzolgeFBRJAnmSU','27z5gewivNDAORNrvNH8','TGAw0wlmyVJcwwUwRqG0','EwOCTJKl','WyyAdOTbe 43/6','6683');
INSERT INTO parcheggio VALUES ('FxXAFeJARUQVVdfcailz','9SpyBqJGjceYOUZlOPlU','fTHVvn8qlhTix7yFlGlK','wRDLUFQ','eMw 0/2','40829');
INSERT INTO parcheggio VALUES ('gGLqdcGKHUNvAHrNtuzJ','5B9rMmDtD67KvGgmaG1r','utbXLQTOnfEsmuoIDedm','aIZdhwCoiTox','A 6/3','80647');
INSERT INTO parcheggio VALUES ('DxvSnrWREBzRVgpFrmry','GJbNwY7DiItxBXAR3uzA','FcTcBr6bc9hw76Z2V89u','ulRFvRvsUoNjhyIgx','A 0/9','94024');
INSERT INTO parcheggio VALUES ('HtPZjrNWfNobtqMelUGT','1ZtsLKKD18sB1h8WgkSG','0BHJ41z4W5faBs23F27I','ogh','garR 35/0','64638');
INSERT INTO parcheggio VALUES ('GnKblZCwLcagYJXaMqgu','NhfliO7GdEOCEQgpSMgn','59la9jTXZ5lS2EjcHyfl','JsWNuxIDHStCLgYqpl','vxLMjsfYHH 33/6','18354');
INSERT INTO parcheggio VALUES ('jgbNWDCHqYZIdtqlmcNj','qeSJDlKpmWzLpBKjETKr','8vFVHeZYB8cux69UxqgA','NNOxnSUnMzSMZTrmM','Q 34/8','15445');
INSERT INTO parcheggio VALUES ('RnyoZEirXhuHqBjRCiKx','BqJHi7ho8Xve0iAGkCLa','saHy7vWjxEN3mWs54Np0','QUlTRZnORaWVP','pSIRNEjznQsFhK 9/6','27289');
INSERT INTO parcheggio VALUES ('VsrdHXxXGKfbutiRCKur','4qZguRELk47oXfUZqfvh','C5iuCExJo9PgTTgezVBV','uHQitQstudsrZV',' 37/3','9453');
INSERT INTO parcheggio VALUES ('bsaFILHItXnqWjMBpbbn','TnIa8WbMrm2t4gwexvLH','mssVxrGv0V3ytoce55Pg','rZVOljMlGjhRyOlc','herkekaAVujA 11/2','78750');
INSERT INTO parcheggio VALUES ('RAOwBJAoQdZnMXsWMmLy','g9eTPMAX7EVgSyG9HZhT','Tl0mpgSWpIni0eEDBJRb','QBdgXdTqfot','wJpMc 1/1','8529');
INSERT INTO parcheggio VALUES ('UsZyWaCpAbpSEUanYhTO','wNm9K8YkMyxl9kZB62jg','g5FcaBJABbLyU7KD8GdC','MYJhKwevqHVYaPHVswx','PuGviRghdtrs 34/2','7105');
INSERT INTO parcheggio VALUES ('lUDBphRiBbETnzfIincs','IZq7avX6JpVeOpfpICIL','UxhjPAqfq8LJIcvaFgwH','ETZjWxghFjGhmOOa','boSAlcVS 38/7','59246');
INSERT INTO parcheggio VALUES ('NNSShmyxKDFhenaDgIjp','ZTZVz02sIYajYRCOu9Qz','83R9zZvQKVERqDwc9TtC','zxHCwcxMBs','Ivy 3/4','20779');
INSERT INTO parcheggio VALUES ('BmzKnHkXQPpDpHjEOxSu','j4Bw38gjLy6C1csG3L1C','aD5X55N5yERCNrjI1s1Q','yBESKBkuEyaao','lSYrFEPBNBFCNs 11/2','8279');
INSERT INTO parcheggio VALUES ('dSLvUAigMxMWhjgXNzir','TPNFn54rPUrKYejQyHGa','gy4i66RjzEgzmHxm0oOM','gjtphOZDxqlYtLyZ','MCYnwgKmSnCT 23/9','88984');
INSERT INTO parcheggio VALUES ('MKctEZaUrLLAYHJCCjfN','pPI7T7qut4wlOxAGqNwL','gStEmkNaFpPSvQ6AcRpZ','nwDgyZfAsBTKICSseU','SE 17/6','38411');
INSERT INTO parcheggio VALUES ('mtbpqePbMydgiYkcznpB','z7FuqkIdEXvjZp9DK4nk','TclDFg8Q6g7NfPJsyV2q','oROGgNCkHirvo','ftrLEhZJgdLFnd 5/8','39366');
INSERT INTO parcheggio VALUES ('vYTZeElsohhMkNpMlDFF','m3J260bm5xdMmx0n9sjn','nIalsW6NgbquphTRbC4x','sNwEbwYCOLugwPy','lWMhSRpT 41/5','54287');
INSERT INTO parcheggio VALUES ('HoIdAexllQaZfiyXWaWG','wfmlHBhwtIrm30J8moWW','B79mT3LMcRoKPdiP8693','UzJfoiGEicZoO','lXkPX 10/0','63226');
INSERT INTO parcheggio VALUES ('GuonSBdqXYtyXEdbNiPf','eEWiBdWKknPi3JtWUwSR','Xf89wAk02Gc4o9X40Kt6','wahmHPKkTEf','XjV 31/7','1103');
INSERT INTO parcheggio VALUES ('ExEBCGDXyegTbAHDRSRF','Cxm39J641tDc2AzvOd41','PQFDQcpktAHmfNnCG2pa','yhlfq','qjfwZRPr 45/5','44765');
INSERT INTO parcheggio VALUES ('tMrWLlsdFngQRVGsXkgA','acLyqiv8v053psBJbY4d','umAA5EXZgcPNAYjs3lsS','LvrRsYO','SOSohjqOg 12/7','94193');
INSERT INTO parcheggio VALUES ('vStKmCizlhechLQAruDJ','pt36x5CZ2256idisidyP','9Zw8LmWTJUjdpqqRZ2Lv','FVUYdf',' 20/2','85255');
INSERT INTO parcheggio VALUES ('qfaIYzbuJcbrsyGvjqdB','4UFT3NGL2Y8GuMyewVKH','O9WvBFGYFsF2n7dI5cGr','JDyM','cmlURSVK 19/5','74744');
INSERT INTO parcheggio VALUES ('OMGkyHabRgDDxwJNCzNE','KicbLmZZdPTZKBBpHrhy','IG2d3MteE3AbeDSwNkGi','oTQesqGICIfFMjbLcR','dObXhTmnXg 43/0','79988');
INSERT INTO parcheggio VALUES ('ddXpaBnrXzSmUBSNbAjP','OLCw5bUX9tXa5QWmZp75','6kkOXLOSh4OoR0lx84Jd','fJPpTgKomzcHWqodShU','VvSAfbDdzSrwH 43/3','53573');
INSERT INTO parcheggio VALUES ('OuJjLbmDDTuIgOaViTRy','vqJ5iM0ztMJuR77y2SlA','YXwfeGXIQVS56tERQCLm','zl','JT 21/9','57900');
INSERT INTO parcheggio VALUES ('dlXctHLsoybgEISfDlGr','NnyhE6LnNHCBvTpxvumu','2BJnJ0d2wOQAC6ybqIWy','vHUQ',' 48/4','58568');
INSERT INTO parcheggio VALUES ('KstpSDvFJCHQmuiKhXvu','6HAOk1orSalEThHlHkIl','2yjrbOI8TmxQsCaA0bzX','wqgHaXdeYOdoapiX','gto 4/6','61');
INSERT INTO parcheggio VALUES ('hHlguVEiRdvdblPhzrcQ','mqfMpBsCAs1EzNrMnZxV','6voUK3FL21aWu5JKED4x','FhpoJSPtaLZkjzveZ',' 28/0','69837');
INSERT INTO parcheggio VALUES ('FqlsjKlmiuWzDOUViTJe','eUWVUfWhdBBecFHd5Ykv','Rz66bDUnJQ8P6ZvylI1N','KzLDrfjSDIiow','rhzfjbgAEuMnQDk 47/9','47594');
INSERT INTO parcheggio VALUES ('MlPoLGZEJclyiPQkgqlU','R9lps555La0GMEDrYJuI','FljbYKcWUEHlO0XJkjhh','jIeJdlHwsnRfnwR','ce 18/7','33460');
INSERT INTO parcheggio VALUES ('qWjAgITGQnBeUvKGFpOQ','iLedX6l8YhFFuaChRXfW','e2IY9rz0bO3xRBpxuHYv','','iNXquyCEd 34/2','79770');

-----------------------------------------------------------------------------------------------------------------------------------------------------------------
CREATE TABLE categoria
(tipo VARCHAR(20) PRIMARY KEY);

INSERT INTO categoria VALUES ('City Car  ');
INSERT INTO categoria VALUES ('Van       ');
INSERT INTO categoria VALUES ('Utilitaria');
INSERT INTO categoria VALUES ('MicroCar  ');
INSERT INTO categoria VALUES ('Berlina   ');
INSERT INTO categoria VALUES ('Lussuosa  ');

-----------------------------------------------------------------------------------------------------------------------------------------------------------------
CREATE TABLE modello
(nomemodello VARCHAR(20),
produttore VARCHAR(20),
numeroPosti NUMERIC(1) NOT NULL CHECK (numeroPosti > 0),
numeroPorte NUMERIC(1) NOT NULL,
velocitaMax NUMERIC(3) NOT NULL CHECK (velocitaMax > 0),
consumoMed NUMERIC(2) NOT NULL CHECK (consumoMed > 0),
airbag BOOL,
servosterzo BOOL,
ariaCond BOOL,
altezza NUMERIC(3,2) NOT NULL CHECK (altezza > 0),
capacitaBagagli NUMERIC(4) NOT NULL CHECK (capacitaBagagli > 0),
larghezza NUMERIC(3,2) NOT NULL CHECK (larghezza > 0),
cilindrata NUMERIC(4) NOT NULL CHECK (Cilindrata > 0),
kw NUMERIC(3,1) NOT NULL CHECK (kw > 0),
tipo VARCHAR(20) NOT NULL,
PRIMARY KEY (nomemodello,produttore),
FOREIGN KEY (tipo) REFERENCES categoria);
							
INSERT INTO modello VALUES ('BEjfPcWeeyscKNNooZUX','ClXRdyVPVALXKDdsssbq','7','8','60','48','false','true','false','6.83','5928','7.39','5492','1.1','Utilitaria');
INSERT INTO modello VALUES ('VgWMpKbHvZDFDFbiNytA','JZxwOWxRpkqaVyzkrAku','5','5','127','29','true','true','true','3.50','5980','8.67','3966','38.0','Utilitaria');
INSERT INTO modello VALUES ('TtucyVYzNnRSRTctKNas','QFltLpBfxmXbAWRKxiiX','5','2','90','64','true','false','false','2.67','3690','5.81','15','74.1','Utilitaria');
INSERT INTO modello VALUES ('ebcfNmtXQbEUZwJXafIT','yOnbHccLgckLvAFWLQgY','2','8','121','49','false','false','true','7.20','302','5.46','9967','29.1','Utilitaria');
INSERT INTO modello VALUES ('mQCEAijTiQCCtBtnKuLF','wEfuOBpwlnDprFeZpVjF','2','5','32','21','true','false','true','6.92','5688','4.66','50','58.1','Utilitaria');
INSERT INTO modello VALUES ('qoabbzhwoxyMsSrNwTUu','CHRgPxwaENyNuLLStBmw','4','8','73','68','false','true','true','8.40','6938','1.22','304','64.6','Utilitaria');
INSERT INTO modello VALUES ('LeyGTPaJYLVmRUnRMHio','YPvQnaivtjWvFBDmPGrF','6','5','188','19','true','false','false','7.57','8282','6.49','2609','49.1','Utilitaria');
INSERT INTO modello VALUES ('SpyLyEYdrgGGWsslPHMz','uvXtWJYBxPhgVpQLAvBV','7','1','292','10','true','true','false','1.95','899','1.72','5325','58.5','Utilitaria');
INSERT INTO modello VALUES ('rZCeFGrwSzGukfXjiElE','pkjQVNpNtNQcwCshMHvZ','2','8','4','30','true','false','true','7.30','7936','8.85','2708','24.7','Utilitaria');
INSERT INTO modello VALUES ('roSXdIwVuQMiaclXTDIZ','ALgjokZulSqbKsrwAluO','5','6','291','39','false','false','true','8.66','2279','3.27','2883','14.1','Utilitaria');
INSERT INTO modello VALUES ('WUPXeRfbQuUmxzBRgUZs','iOxpAOwHBFgdtyYSbbVN','1','7','305','75','false','true','false','1.66','6210','6.17','2502','66.4','Utilitaria');
INSERT INTO modello VALUES ('TtdkZrBIBKQCcNXmGnaI','eSAcCbbBakhigMGzhmxy','8','4','436','79','true','true','true','5.70','8260','4.19','5723','54.0','Utilitaria');
INSERT INTO modello VALUES ('OXgohfaSAatELZDCoGMl','zsxZTrWpQOdYADvOxZeY','3','2','435','12','false','false','true','4.25','6667','5.12','7026','72.3','Utilitaria');
INSERT INTO modello VALUES ('SXppTcMIrPXNwFzYENpH','migUAUfKGdSkfjOVeKcn','3','1','135','55','true','false','true','2.58','1295','7.73','1801','5.0','Utilitaria');
INSERT INTO modello VALUES ('LCmsqOankCHqaxIkxfco','UAdrjAwYfKFcfOVPmJWO','3','4','473','55','false','true','true','5.48','5765','5.24','7302','23.0','Utilitaria');
INSERT INTO modello VALUES ('oNnrbgQobTgQMawIEUrO','ppZAvtvYIqVKvvNXPkzU','2','8','302','18','false','true','false','4.14','856','4.16','5780','47.3','Utilitaria');
INSERT INTO modello VALUES ('smRmMhujMnUEqsGQZPTj','xgYmmrcmVgURujqEnars','1','2','73','63','true','true','false','7.35','319','4.94','23','18.6','Utilitaria');
INSERT INTO modello VALUES ('nSHSSXeaFWfUIFflLejq','KSyXqkFXoxdiRwWCqLzK','1','7','347','68','false','true','false','3.9','611','5.29','6073','58.2','Utilitaria');
INSERT INTO modello VALUES ('cKgmWYMimGuPndvNQtqA','yEaqaizMfWDSYIpFQygR','8','3','161','8','false','false','false','4.79','2864','2.65','4302','31.0','Utilitaria');
INSERT INTO modello VALUES ('WhmXsNButBYBVhsOTSlB','lSAfhusIYAYHuZtKWSbl','8','2','311','33','false','true','true','1.69','4008','6.38','770','64.5','Utilitaria');
INSERT INTO modello VALUES ('DwevWjVuurNHxGthJwIt','JLarmZmGQyEcFaqXUUeo','4','5','302','22','true','false','false','7.88','1133','2.62','8567','5.4','Utilitaria');
INSERT INTO modello VALUES ('JlEEShPpFhDpnVLqKdKg','wDRrAajrqnAJcgptOKqW','6','3','374','13','true','true','true','3.75','8931','7.7','4924','39.6','Utilitaria');
INSERT INTO modello VALUES ('qIbjilymiVzTYubVVaAz','lVFqqipBMrSsbUZKAgvw','7','6','56','13','true','false','true','4.0','6499','2.59','5101','17.3','Utilitaria');
INSERT INTO modello VALUES ('IkdeGeuVQzTARIrzBHLR','gANuAYReUFMPdrlIwoHT','8','2','91','29','false','false','true','5.86','5968','5.7','3529','86.2','Utilitaria');
INSERT INTO modello VALUES ('ikaKWydahMXLRGXpEyGV','PjlUeDPcBpOuCEELLmPZ','8','4','270','2','true','false','false','2.46','4236','2.32','3804','93.7','Utilitaria');
INSERT INTO modello VALUES ('kzTdBSyZQdVFWvOttrKo','YDppUplhLtrqAivxKKXG','2','3','424','51','true','true','false','8.9','7998','6.71','9989','83.1','Utilitaria');
INSERT INTO modello VALUES ('wHeHsYLHIuudQfEMqsNR','ecAYCsSczMCdftdxkRRl','1','8','373','23','true','false','true','1.32','1369','4.84','400','6.0','Utilitaria');
INSERT INTO modello VALUES ('UDckAgmkdwUijaTIdlhb','xdiIfZxQlXRTBaPTsSNl','3','7','283','53','false','true','false','1.76','2331','1.24','2590','82.4','Utilitaria');
INSERT INTO modello VALUES ('oCUEFFyxRSKkPNuWHLhs','JuBAdykGmPBEiNGRawQR','1','2','357','50','false','true','true','3.51','8846','3.58','1227','64.4','Utilitaria');
INSERT INTO modello VALUES ('OZvmljNgeGgRbJPitQjy','eYlxJQoDKGfvwvmmpxwK','2','2','373','70','true','false','true','1.64','5449','7.6','6768','63.8','Utilitaria');
INSERT INTO modello VALUES ('hcbTSCMYHjNkIpCJuhnX','MCOPYdrmWSKntafPoBXk','8','3','410','38','false','true','false','1.26','1439','6.40','1553','96.6','Utilitaria');
INSERT INTO modello VALUES ('nikJiZNvpEsdaHhmWPMj','YirWovvUziEuKweKRyWX','2','2','402','42','true','true','true','5.39','3873','3.57','9235','33.0','Utilitaria');
INSERT INTO modello VALUES ('BgnMbBsFluPpUvNnPNph','zDutDAvZYdXxHrMLcuMt','6','2','36','71','true','true','true','8.93','1748','2.24','4940','80.5','Utilitaria');
INSERT INTO modello VALUES ('jtEHVQPrmHdKGFREoksb','ByHzGiIfzGGzyKWaEfeM','4','5','437','21','false','true','true','6.29','2728','5.20','6979','62.6','Utilitaria');
INSERT INTO modello VALUES ('dsUzjxMVuiTpqBOxaUJD','fenlvPCrEQoZLYJfkKcc','6','8','174','57','true','true','false','1.78','3268','5.82','4900','62.8','Utilitaria');
INSERT INTO modello VALUES ('DTpIaWJhPfsAeucKorRi','GtquulaoxZkmGXmzfWah','2','8','23','75','false','false','true','3.30','6640','1.76','5792','87.4','Utilitaria');
INSERT INTO modello VALUES ('aXXTDDOEcjZIaapYJeXo','jnpjtokCTNKOpJqYZfxT','1','6','457','49','false','true','false','8.53','1513','8.98','4677','25.6','Utilitaria');
INSERT INTO modello VALUES ('oBAzJOhHlJVMecwvkCZX','eVYyriNNlcBrLkoYzigx','3','8','405','17','false','true','false','5.29','7298','1.20','2778','41.8','Utilitaria');
INSERT INTO modello VALUES ('UYRhYMAYEmDZTrNLEGPV','KtOmDgRAjOmnWcxmNhgn','4','7','317','65','false','true','false','8.72','101','7.96','3475','1.6','Utilitaria');
INSERT INTO modello VALUES ('LUtIYgAZhWllYogQNHEK','GBANjqlsZAroMVqXfFwv','6','5','212','9','false','true','false','6.72','466','7.50','5757','33.2','Utilitaria');
INSERT INTO modello VALUES ('LGuuuYgGzStuKyZSWFam','jsjpfDnlnwpPmIyAlxVK','6','6','138','79','true','false','true','1.76','3878','1.38','6352','39.4','Utilitaria');
INSERT INTO modello VALUES ('RrBzvbpybMNlZPNxKrtK','NaYgwoNkhzPiOsJFILST','5','2','187','41','false','false','true','8.53','6140','1.16','9577','94.5','Utilitaria');
INSERT INTO modello VALUES ('vnvhSnUytaEUkIBycZwo','mbPqbuFlRisBzpBFbeAu','4','6','240','14','true','true','false','4.92','5802','4.20','7944','39.7','Utilitaria');
INSERT INTO modello VALUES ('MkbZLMbGvgvrSZQsnYSo','KXOyfTVaMzdgejOZUXRg','7','4','436','36','false','true','false','7.31','8296','1.73','5784','52.8','Utilitaria');
INSERT INTO modello VALUES ('QhijRQfwBnSJqzCdaJkg','QrCJGogJjUOVGKFSKjZY','2','2','74','50','true','true','false','8.2','8054','1.33','9237','11.8','Utilitaria');
INSERT INTO modello VALUES ('ZmvgINtBjUolmwlyYngM','hUEUOVuYFWSBtuRAgvgH','2','8','321','14','true','true','true','7.72','7441','4.86','114','56.6','Utilitaria');
INSERT INTO modello VALUES ('zUdTfkKAAbPXGzlLIrsD','hFDzUVjIxGHeaZrfcVwx','2','2','49','47','false','true','false','2.81','5983','3.21','5556','62.4','Utilitaria');
INSERT INTO modello VALUES ('TIqRZPPigZGXJNttuDKO','dDIGriwaplTFlQmmtNId','8','6','24','59','true','true','false','8.33','2953','2.60','2124','44.7','Utilitaria');
INSERT INTO modello VALUES ('KIWvFtvrxfYRHtFsXLcX','zKjVLhvdlyuQAXSVYVgR','8','8','305','10','false','true','false','4.47','3715','5.9','213','68.6','Utilitaria');
INSERT INTO modello VALUES ('rcuQCDEeTegMXHWUfRQI','meyPNbJlDZjKtyOAjvhB','8','6','45','64','false','true','false','5.60','8310','5.92','3876','70.0','Utilitaria');
INSERT INTO modello VALUES ('oPVUcztHcoUMRfPdJDqn','sMUeERtZPAeeZFAtMZyz','4','7','286','5','false','true','false','5.41','8667','4.20','6763','30.3','Utilitaria');
INSERT INTO modello VALUES ('HDxhquHFaAhPVHONgbSm','WZgGyubhbDrTtBNJNzWm','5','7','142','47','false','true','false','4.26','9622','8.78','6291','74.3','Utilitaria');
INSERT INTO modello VALUES ('pDSzukOpgTVrphBSPPqI','QKMOAQvamNZrdRgjqMkl','7','1','95','54','true','true','true','8.37','7978','8.74','3390','86.4','Utilitaria');
INSERT INTO modello VALUES ('IJKlDdAUQlzSPXeacLgo','vjisTXbqPqsEtCDxJVtc','6','7','333','46','true','true','true','2.94','3471','4.32','8404','7.3','Utilitaria');
INSERT INTO modello VALUES ('hYSXvNrzAOfpldOGJbRN','BWkhxsiqFkBLugHtXBfS','3','8','261','32','false','true','false','8.88','9814','1.68','4947','21.4','Utilitaria');
INSERT INTO modello VALUES ('yrNYmmjsRavUONlHWcVX','UpFEjEMcFbSwxNvXCDni','3','4','395','64','false','true','false','8.7','4298','6.43','4595','51.7','Utilitaria');
INSERT INTO modello VALUES ('pxiHpYMqMbhtLzYXJQPe','nUQzsJNwyTAymwYeWWvC','5','1','376','71','true','false','true','7.87','3146','7.30','1918','36.4','Utilitaria');
INSERT INTO modello VALUES ('xdZgaVSxCIFuJXJXLFvx','twqKsTwKGZkHcUcVASnK','2','6','88','9','true','true','false','6.6','4775','1.67','7649','32.0','Utilitaria');
INSERT INTO modello VALUES ('BNBbOtTvxHZarUNgpDeH','xWDmTKUirmMMjUzEFxwY','5','4','404','31','false','true','false','4.67','8441','7.70','6117','53.1','Utilitaria');
INSERT INTO modello VALUES ('nfOtxpFqfnuRzLKYLHxw','boHsNGssueGpmaAgKvDN','6','5','16','13','false','false','false','8.82','5798','7.49','107','84.8','Utilitaria');
INSERT INTO modello VALUES ('jOtQTLZfdmYVfGeBLERC','RiEjmjfwPInkNEcjwRkd','5','7','105','28','false','true','false','3.26','5509','7.5','3908','87.5','Utilitaria');
INSERT INTO modello VALUES ('LRusvePOcMWoApNCZbyn','ICraHumaOpXddtJokrQi','3','7','258','17','false','true','true','8.60','4367','4.74','7263','37.5','Utilitaria');
INSERT INTO modello VALUES ('bPwunxcTDLeUtvZIuksk','CzVofvpEHAXXqXlbWDSt','6','4','478','18','true','true','false','8.93','8860','7.62','8474','77.3','Utilitaria');
INSERT INTO modello VALUES ('GmNYDimCZmofkAwFChoC','TyxuTHnIrdBmUaErDozO','4','7','192','55','true','true','false','1.93','1142','4.59','9721','32.8','Utilitaria');
INSERT INTO modello VALUES ('PUjyklrFVxxocRMdgeSm','fmRylJqJyBxXkHOzGnuM','3','3','232','6','false','true','false','1.90','6116','3.71','7308','24.3','Utilitaria');
INSERT INTO modello VALUES ('pjsAknRJgwOIjgUzhVZD','mmhaZHyKAuugDfiTMSUb','8','8','396','53','true','true','true','5.10','7215','7.60','3423','39.3','Utilitaria');
INSERT INTO modello VALUES ('ETdmKFmEQXdmVsDuaUKk','fftMgedmqQUvlfedaHrL','1','3','103','59','true','true','false','6.71','9071','5.32','2279','29.3','Utilitaria');
INSERT INTO modello VALUES ('RtBiXYxUpKYFXMdLrkhg','xpbXleDrzYKimqnfPIQP','2','3','82','46','false','false','true','1.75','2986','3.41','2453','55.7','Utilitaria');
INSERT INTO modello VALUES ('kVBXYNxifhsMXKXGYMwq','IcEdoiDgOpaPLavuPFVI','4','5','127','53','false','false','false','7.40','318','8.79','9842','81.0','Utilitaria');
INSERT INTO modello VALUES ('ILqReyhqAmcrUkGszQCN','wONGxLoOzWKEpBpUELWS','1','6','56','38','false','true','false','5.84','8670','3.31','273','33.5','Utilitaria');
INSERT INTO modello VALUES ('qldStrBlLwkSVxiUXhoE','KciPNzrSOAoUWVWxZIPI','4','7','39','72','false','false','true','6.43','1141','5.4','6009','76.5','Utilitaria');
INSERT INTO modello VALUES ('apwPUmpyqOhzmMdfsnIU','BsoVBQPbGZykBuRmevTX','6','3','416','65','true','false','true','1.85','7033','6.60','2785','64.3','Utilitaria');
INSERT INTO modello VALUES ('KCLvGzPOWiBCxdXLClQL','RdoeomIKYCLaDNvptdqN','8','2','480','40','true','true','false','3.48','6580','1.73','3414','9.8','Utilitaria');
INSERT INTO modello VALUES ('HtRkjOqcntanrZfvFaRg','vIUTaIOPjdLIRSkDkSXX','5','7','331','67','false','true','true','6.33','7713','4.92','3059','95.1','Utilitaria');
INSERT INTO modello VALUES ('FqzsVuGvKjboVKIlQeuo','YTKBBDGnJYTiIPKcJNAp','3','6','142','25','false','false','true','6.95','2583','5.48','6705','43.4','Utilitaria');
INSERT INTO modello VALUES ('WElQAgwTXjrUeFPuZOZS','UekPOyljQCcnipzlqOrm','5','4','145','33','false','false','false','2.66','8827','8.13','2355','27.2','Utilitaria');
INSERT INTO modello VALUES ('VsXXcdzmZEiNschmBORS','UQnfIhbSOObNTOMePsAM','4','1','257','80','false','true','false','6.30','1725','3.34','3891','65.4','Utilitaria');
INSERT INTO modello VALUES ('jhyPGFmebOmaBhxYzTTn','pUdYoedpbsFtRMihdCaS','4','6','18','45','true','true','false','6.19','3799','8.26','1882','98.5','Utilitaria');
INSERT INTO modello VALUES ('nQARoEapGpQlKsCxWPIX','qZGWdfVtLACzlyfvPnux','3','6','177','16','true','true','false','8.17','4932','8.73','8591','2.6','Utilitaria');
INSERT INTO modello VALUES ('cqBZwDuLQKhiNejypWjN','oWdgnhUjayhqrrsaWQlR','2','3','402','45','true','true','false','3.60','2978','1.15','7314','45.3','Utilitaria');
INSERT INTO modello VALUES ('OnZoLkdmdwJoAxWSmbAN','TlaBKjUsItUHNcnJCSLH','5','1','109','60','true','true','false','5.24','363','4.72','2435','54.5','Utilitaria');
INSERT INTO modello VALUES ('wlznWYwPbtykkUTGpWru','VhbKaHIyuVPPcsmRHrct','3','1','436','36','true','false','false','6.60','9418','4.93','1438','83.3','Utilitaria');
INSERT INTO modello VALUES ('DbfkMLnTrvKCLqDqHxjs','apqEXwsfNenAdPoLBteB','7','3','482','10','false','true','true','5.1','9533','4.41','640','12.0','Utilitaria');
INSERT INTO modello VALUES ('dRVBygQDUPTTNLqHwNRx','TvOEWGWuKbfoWCdDFQIX','4','3','385','6','false','false','true','3.86','8075','3.38','2770','94.4','Utilitaria');
INSERT INTO modello VALUES ('aZtNhROJRiWUmLEAtqYA','GgjhYElcnrgUISVJOuvE','5','1','112','78','false','true','true','4.19','3151','4.92','8674','61.3','Utilitaria');
INSERT INTO modello VALUES ('yFXnpAFiKnKUskoymvhL','DVJkzgugfZDbsKTdXAUN','8','5','309','23','true','false','true','5.26','6499','6.1','1701','62.5','Utilitaria');
INSERT INTO modello VALUES ('lOWAReZgFZZMJCYizvYf','JUVxCttABtuTUNzdOCgo','8','2','167','42','false','true','false','8.5','4222','3.44','8579','94.1','Utilitaria');
INSERT INTO modello VALUES ('aCbgzhoYSxGqVEChgXUB','ToUlYXAkdldpokqhfDZq','2','7','347','60','true','true','true','5.47','413','2.98','3227','6.3','Utilitaria');
INSERT INTO modello VALUES ('VBGbGSUWmZEVZXcDtoBF','nlNswlvpSJiILxQRtqXP','2','4','210','19','true','false','false','3.39','3280','5.83','5414','2.1','Utilitaria');
INSERT INTO modello VALUES ('XIHqtXQWwHrBfaRMQQnr','djALVjlLQoyWTPdyUWhW','3','4','465','55','true','true','false','1.78','789','5.11','7202','56.5','Utilitaria');
INSERT INTO modello VALUES ('xKWwLCmbVSBpekJgzgcB','bFHejmkUizGogaSGWUVl','5','4','7','14','true','false','true','3.51','4690','6.30','5235','88.4','Utilitaria');
INSERT INTO modello VALUES ('OhVWcAkAJkdNQUrNXSyt','BSjndNOyhrPUMXfSBIoZ','3','3','397','78','true','false','false','8.13','690','6.3','4568','77.3','Utilitaria');
INSERT INTO modello VALUES ('pYxXpGliwkAtdNAPoJbd','tjlPJeeIjiDJaZVIbjzL','6','1','164','30','true','false','true','6.72','1412','6.71','8115','60.6','Utilitaria');
INSERT INTO modello VALUES ('teSIvBSyIIzEtRczvZIX','UNYoBKrviiHlZyIaeofv','6','5','448','68','false','true','true','3.62','2434','8.8','4941','4.6','Utilitaria');
INSERT INTO modello VALUES ('kQFexBiqgRNBVsyEUkqb','IwRyBOdGFtPkSQcOGFOx','8','7','110','7','false','false','true','4.87','5614','6.80','3308','39.1','Utilitaria');
INSERT INTO modello VALUES ('BPseEUMqgSWOcQtOrBOF','DhqUZLomLFpZgWhaGCRm','4','8','214','29','true','true','true','4.20','4495','7.19','3727','57.6','Utilitaria');
INSERT INTO modello VALUES ('OdBTetyAlmNpVOJpUjXY','QsCAPkiTpQHUtvLiXYfq','5','2','428','13','false','true','true','4.51','1691','6.23','3300','14.1','Utilitaria');
INSERT INTO modello VALUES ('fAObstaEbQOFsSvGaRdx','WSRvKMOzOodXvAljLTjU','2','3','282','77','true','false','false','7.58','6234','4.12','9972','35.7','Utilitaria');
INSERT INTO modello VALUES ('dxBQvWrJeKAMDdtXaLqn','XPpaRWDytbJcBtNxRRtR','3','7','232','68','true','true','false','7.91','1353','7.33','8777','48.6','Utilitaria');
INSERT INTO modello VALUES ('LriJVKtQljclHlBYdLgi','hvURawWuZwzyytfoFXHJ','8','3','325','56','true','true','true','2.56','4879','6.23','822','15.8','Utilitaria');

-----------------------------------------------------------------------------------------------------------------------------------------------------------------
CREATE TABLE vettura 
(targa CHAR(7) PRIMARY KEY,
nome VARCHAR(20)  NOT NULL,--UNIQUE
colore VARCHAR(20) NOT NULL,
chilometraggio NUMERIC(7) NOT NULL CHECK (chilometraggio >= 0),
seggiolini NUMERIC(1) NOT NULL CHECK (seggiolini >= 0),
trasportoAnimali BOOL,
nomeParcheggio VARCHAR(20) NOT NULL,
nomeModello VARCHAR(20) NOT NULL,
produttore VARCHAR(20) NOT NULL,
FOREIGN KEY (nomeModello, produttore) REFERENCES modello,
FOREIGN KEY (nomeParcheggio) REFERENCES parcheggio);
			
INSERT INTO vettura VALUES ('cC708Sv','CjZLTwaEL','GdUuqlooqqxWMVYk','6038874','4','true','gGLqdcGKHUNvAHrNtuzJ','VsXXcdzmZEiNschmBORS','UQnfIhbSOObNTOMePsAM');
INSERT INTO vettura VALUES ('he204to','oScXLiyZm','wrOQxZErpTG','3949627','2','true','DdaPdIzolgeFBRJAnmSU','lOWAReZgFZZMJCYizvYf','JUVxCttABtuTUNzdOCgo');
INSERT INTO vettura VALUES ('eo878yO','vGVrGz','Pb','7566600','1','false','jgbNWDCHqYZIdtqlmcNj','zUdTfkKAAbPXGzlLIrsD','hFDzUVjIxGHeaZrfcVwx');
INSERT INTO vettura VALUES ('kC487Et','jXbqTdKDBa','QIjOkWuiiBdDUYQt','3122466','0','true','jdJenFObRYcbYxrvwVrH','OdBTetyAlmNpVOJpUjXY','QsCAPkiTpQHUtvLiXYfq');
INSERT INTO vettura VALUES ('ij918EF','xCzLpgwRoEQ','X','9266964','2','false','afXhVQflkWlMVwnzpWSY','vnvhSnUytaEUkIBycZwo','mbPqbuFlRisBzpBFbeAu');
INSERT INTO vettura VALUES ('ui086dJ','UD','PGodwhGqsCUMYD','9395291','7','true','gGLqdcGKHUNvAHrNtuzJ','ikaKWydahMXLRGXpEyGV','PjlUeDPcBpOuCEELLmPZ');
INSERT INTO vettura VALUES ('iK067Rs','heFB','BuR','3848453','8','false','HtPZjrNWfNobtqMelUGT','dxBQvWrJeKAMDdtXaLqn','XPpaRWDytbJcBtNxRRtR');
INSERT INTO vettura VALUES ('sy263Gl','dFvrjoC','igg','0810329','1','true','SQiooVqrZfVvlrsNclQb','mQCEAijTiQCCtBtnKuLF','wEfuOBpwlnDprFeZpVjF');
INSERT INTO vettura VALUES ('iR359xs','CuMIieTDabUqOQFaxz','DLwigc','8937239','5','false','tMrWLlsdFngQRVGsXkgA','aXXTDDOEcjZIaapYJeXo','jnpjtokCTNKOpJqYZfxT');
INSERT INTO vettura VALUES ('hm644xQ','eGiCtInudM','k','6565021','5','false','hIfEzGCaXIAFMMLAPyxY','bPwunxcTDLeUtvZIuksk','CzVofvpEHAXXqXlbWDSt');
INSERT INTO vettura VALUES ('qF866MK','AhZVl','kzYZOu','2841058','8','true','jgbNWDCHqYZIdtqlmcNj','mQCEAijTiQCCtBtnKuLF','wEfuOBpwlnDprFeZpVjF');
INSERT INTO vettura VALUES ('ri349QS','AuiZzIIERC','GSDgwgZdNh','6678233','0','false','qfaIYzbuJcbrsyGvjqdB','hYSXvNrzAOfpldOGJbRN','BWkhxsiqFkBLugHtXBfS');
INSERT INTO vettura VALUES ('TR087ID','nLpOWpEfPAqDqbYv','OizPkdyxWkUVgePzb','9571236','1','false','hHlguVEiRdvdblPhzrcQ','LeyGTPaJYLVmRUnRMHio','YPvQnaivtjWvFBDmPGrF');
INSERT INTO vettura VALUES ('Rm706kU','hFxANeFvHelwfefs','po','1793924','0','true','afXhVQflkWlMVwnzpWSY','qIbjilymiVzTYubVVaAz','lVFqqipBMrSsbUZKAgvw');
INSERT INTO vettura VALUES ('wc354wZ','PQmIk','LERbKjzmZJjITUvKwZ','0944485','3','false','qfaIYzbuJcbrsyGvjqdB','pxiHpYMqMbhtLzYXJQPe','nUQzsJNwyTAymwYeWWvC');
INSERT INTO vettura VALUES ('Fw140aB','u','FxICi','0878059','3','false','MKctEZaUrLLAYHJCCjfN','BgnMbBsFluPpUvNnPNph','zDutDAvZYdXxHrMLcuMt');
INSERT INTO vettura VALUES ('cm933FE','lUi','eOHzjqUjEs','5223607','0','true','lUDBphRiBbETnzfIincs','ETdmKFmEQXdmVsDuaUKk','fftMgedmqQUvlfedaHrL');
INSERT INTO vettura VALUES ('Xc899zh','ZLsFmaKlVLvetKfekD','XCMOXsYPTeewNHa','5414045','6','false','ddXpaBnrXzSmUBSNbAjP','LGuuuYgGzStuKyZSWFam','jsjpfDnlnwpPmIyAlxVK');
INSERT INTO vettura VALUES ('eZ851Wj','SdqzdfPBbVRzUwn','tTMfWVGD','5559385','5','true','DdaPdIzolgeFBRJAnmSU','FqzsVuGvKjboVKIlQeuo','YTKBBDGnJYTiIPKcJNAp');
INSERT INTO vettura VALUES ('Nd094Yg','L','gYMjYX','5881022','8','false','tMrWLlsdFngQRVGsXkgA','wHeHsYLHIuudQfEMqsNR','ecAYCsSczMCdftdxkRRl');
INSERT INTO vettura VALUES ('Om723Rl','oNvZOkXZgmZZaFbpVV','vvadhpxtM','6207717','1','true','MlPoLGZEJclyiPQkgqlU','VsXXcdzmZEiNschmBORS','UQnfIhbSOObNTOMePsAM');
INSERT INTO vettura VALUES ('Ra043Ek','XJhooNHJevFwYFSeu','cMFslQfrvJQc','4866565','7','false','GuonSBdqXYtyXEdbNiPf','pDSzukOpgTVrphBSPPqI','QKMOAQvamNZrdRgjqMkl');
INSERT INTO vettura VALUES ('KH324VD','pHxTqkUGZEo','YQ','3636874','2','true','afXhVQflkWlMVwnzpWSY','OXgohfaSAatELZDCoGMl','zsxZTrWpQOdYADvOxZeY');
INSERT INTO vettura VALUES ('ae568Ek','qjpERSfaoDLNImV','WxepBzqfqFZjEhwmjJq','1256807','8','false','MKctEZaUrLLAYHJCCjfN','VBGbGSUWmZEVZXcDtoBF','nlNswlvpSJiILxQRtqXP');
INSERT INTO vettura VALUES ('nY942pv','soVTMyhHFxwkaf','bSg','5619186','2','true','OLNptwXZBFBhxMgRGIeU','jOtQTLZfdmYVfGeBLERC','RiEjmjfwPInkNEcjwRkd');
INSERT INTO vettura VALUES ('qY230YC','ERvmiNoP','em','2048984','0','true','TNFHCfndIAvkGKfkWkLh','OdBTetyAlmNpVOJpUjXY','QsCAPkiTpQHUtvLiXYfq');
INSERT INTO vettura VALUES ('Hw469qg','STAvdWblwImBt','ebyBrbuYXQmyw','6303356','1','true','jgbNWDCHqYZIdtqlmcNj','dxBQvWrJeKAMDdtXaLqn','XPpaRWDytbJcBtNxRRtR');
INSERT INTO vettura VALUES ('Xa519nl','zeAJPQaaUvPRDB','B','4157029','6','false','tMrWLlsdFngQRVGsXkgA','KCLvGzPOWiBCxdXLClQL','RdoeomIKYCLaDNvptdqN');
INSERT INTO vettura VALUES ('MT801hx','yqjNsEQ','idBVgGlNIh','2116623','5','false','hIfEzGCaXIAFMMLAPyxY','DbfkMLnTrvKCLqDqHxjs','apqEXwsfNenAdPoLBteB');
INSERT INTO vettura VALUES ('an245RW','AEGcB','mfcVbaibfRYFhjow','9614194','0','false','BmzKnHkXQPpDpHjEOxSu','kVBXYNxifhsMXKXGYMwq','IcEdoiDgOpaPLavuPFVI');
INSERT INTO vettura VALUES ('HG704UN','PCvqVvFDjKNcxQ','rAmKgXAIfPxw','3535063','3','false','hIfEzGCaXIAFMMLAPyxY','QhijRQfwBnSJqzCdaJkg','QrCJGogJjUOVGKFSKjZY');
INSERT INTO vettura VALUES ('jM291Lk','UQNsGZoS','O','0215648','6','true','tMrWLlsdFngQRVGsXkgA','wHeHsYLHIuudQfEMqsNR','ecAYCsSczMCdftdxkRRl');
INSERT INTO vettura VALUES ('Wp277Di','g','KoOKikiK','3720611','7','true','MlPoLGZEJclyiPQkgqlU','BEjfPcWeeyscKNNooZUX','ClXRdyVPVALXKDdsssbq');
INSERT INTO vettura VALUES ('pr202OE','OmQXnCmjSNam','','9378604','8','false','hHlguVEiRdvdblPhzrcQ','VBGbGSUWmZEVZXcDtoBF','nlNswlvpSJiILxQRtqXP');
INSERT INTO vettura VALUES ('YU804NM','upSZIuUqYDxCipJ','abqeraIzgDaDDftXAc','6184097','7','true','hHlguVEiRdvdblPhzrcQ','QhijRQfwBnSJqzCdaJkg','QrCJGogJjUOVGKFSKjZY');
INSERT INTO vettura VALUES ('ou571sF','furuKzzwZP','QBTIz','3280913','3','true','vYTZeElsohhMkNpMlDFF','ikaKWydahMXLRGXpEyGV','PjlUeDPcBpOuCEELLmPZ');
INSERT INTO vettura VALUES ('uU393GG','G','','6159761','1','false','afXhVQflkWlMVwnzpWSY','jOtQTLZfdmYVfGeBLERC','RiEjmjfwPInkNEcjwRkd');
INSERT INTO vettura VALUES ('iW199KI','cMPWrD','y','8319308','5','true','lUDBphRiBbETnzfIincs','VsXXcdzmZEiNschmBORS','UQnfIhbSOObNTOMePsAM');
INSERT INTO vettura VALUES ('uj744VC','CwZFf','btqfRnblPBuKzvwEswD','4337529','0','false','OLNptwXZBFBhxMgRGIeU','lOWAReZgFZZMJCYizvYf','JUVxCttABtuTUNzdOCgo');
INSERT INTO vettura VALUES ('ey895jc','YEQDrtcCvcZKf','LEHSXqnklS','3525453','1','false','gGLqdcGKHUNvAHrNtuzJ','dxBQvWrJeKAMDdtXaLqn','XPpaRWDytbJcBtNxRRtR');
INSERT INTO vettura VALUES ('fo741Ch','WrBLSyadoRFWB','vVceWMnAKN','6134107','1','true','hIfEzGCaXIAFMMLAPyxY','pxiHpYMqMbhtLzYXJQPe','nUQzsJNwyTAymwYeWWvC');
INSERT INTO vettura VALUES ('Bd021Nb','cK','TY','0835114','3','false','MKctEZaUrLLAYHJCCjfN','VBGbGSUWmZEVZXcDtoBF','nlNswlvpSJiILxQRtqXP');
INSERT INTO vettura VALUES ('he894Cr','KKAwCHkxdjWgTYLZLV','M','1387169','7','false','vYTZeElsohhMkNpMlDFF','VsXXcdzmZEiNschmBORS','UQnfIhbSOObNTOMePsAM');
INSERT INTO vettura VALUES ('rG655qL','gEh','XrxQvahKYDjDbs','6582021','4','true','MlPoLGZEJclyiPQkgqlU','dsUzjxMVuiTpqBOxaUJD','fenlvPCrEQoZLYJfkKcc');
INSERT INTO vettura VALUES ('Je827BA','JJCvYuHQirhlTs','HSStH','5083676','7','true','MlPoLGZEJclyiPQkgqlU','xKWwLCmbVSBpekJgzgcB','bFHejmkUizGogaSGWUVl');
INSERT INTO vettura VALUES ('Vd244zD','HKEvpv','pFxA','6922442','2','true','jdJenFObRYcbYxrvwVrH','TtucyVYzNnRSRTctKNas','QFltLpBfxmXbAWRKxiiX');
INSERT INTO vettura VALUES ('bH903vw','WLgNCDZ','nwAkriHZWiHS','1219527','1','false','vYTZeElsohhMkNpMlDFF','QhijRQfwBnSJqzCdaJkg','QrCJGogJjUOVGKFSKjZY');
INSERT INTO vettura VALUES ('iw674It','bPFWilLqYYBALl','IwamdeEkdmxBChzyul','5845701','2','false','hIfEzGCaXIAFMMLAPyxY','KCLvGzPOWiBCxdXLClQL','RdoeomIKYCLaDNvptdqN');
INSERT INTO vettura VALUES ('jU275NK','mVbdJwhtRvYv','FgKjYgQKeeixHcrOVYO','3912302','3','true','MKctEZaUrLLAYHJCCjfN','kQFexBiqgRNBVsyEUkqb','IwRyBOdGFtPkSQcOGFOx');
INSERT INTO vettura VALUES ('FS870WN','ukyWqeaXzIS','MV','3562416','2','false','hHlguVEiRdvdblPhzrcQ','lOWAReZgFZZMJCYizvYf','JUVxCttABtuTUNzdOCgo');
INSERT INTO vettura VALUES ('sM020tM','paPv','','5527170','1','false','MlKIsJaGntnmcGpKgGuI','pYxXpGliwkAtdNAPoJbd','tjlPJeeIjiDJaZVIbjzL');
INSERT INTO vettura VALUES ('ew496ml','sOaKZzQWvrXRuNV','FxrDMSUl','8350437','0','false','hIfEzGCaXIAFMMLAPyxY','dsUzjxMVuiTpqBOxaUJD','fenlvPCrEQoZLYJfkKcc');
INSERT INTO vettura VALUES ('Ah080ys','C','AvhfYUHpuTLPRk','1124132','6','false','lUDBphRiBbETnzfIincs','BNBbOtTvxHZarUNgpDeH','xWDmTKUirmMMjUzEFxwY');
INSERT INTO vettura VALUES ('WQ428og','WQJSujMRRwooz','syAqHrB','8348824','0','true','lUDBphRiBbETnzfIincs','oCUEFFyxRSKkPNuWHLhs','JuBAdykGmPBEiNGRawQR');
INSERT INTO vettura VALUES ('aH122mz','qQUaO','','4957117','6','true','SQiooVqrZfVvlrsNclQb','zUdTfkKAAbPXGzlLIrsD','hFDzUVjIxGHeaZrfcVwx');
INSERT INTO vettura VALUES ('El346aK','b','iEztteHpL','3483616','0','false','dlXctHLsoybgEISfDlGr','ETdmKFmEQXdmVsDuaUKk','fftMgedmqQUvlfedaHrL');
INSERT INTO vettura VALUES ('DF901fn','bjYWmxLcdbDNX','FPhAkoROqqmXEZnxWsF','0700057','0','true','MKctEZaUrLLAYHJCCjfN','WUPXeRfbQuUmxzBRgUZs','iOxpAOwHBFgdtyYSbbVN');
INSERT INTO vettura VALUES ('il023Wq','EibB','fcQTMCrqz','9190955','4','true','jgbNWDCHqYZIdtqlmcNj','pDSzukOpgTVrphBSPPqI','QKMOAQvamNZrdRgjqMkl');
INSERT INTO vettura VALUES ('lD600pJ','pMqWokEVchrFnVQplB','NIIhoOFNnAbLgmKh','7842347','3','false','VsrdHXxXGKfbutiRCKur','aZtNhROJRiWUmLEAtqYA','GgjhYElcnrgUISVJOuvE');
INSERT INTO vettura VALUES ('Jw126vi','qoMZBnWrEBlumqZjQW','GhkxYKTnQdrftRhFfd','1758006','6','true','lUDBphRiBbETnzfIincs','dxBQvWrJeKAMDdtXaLqn','XPpaRWDytbJcBtNxRRtR');
INSERT INTO vettura VALUES ('Bs337cD','tROAK','SAoriaJfcLVcpn','5993119','8','true','lUDBphRiBbETnzfIincs','TtucyVYzNnRSRTctKNas','QFltLpBfxmXbAWRKxiiX');
INSERT INTO vettura VALUES ('DE607CE','jKNkTbKxgola','JEymEeREjmpGPqvcuGi','8462960','0','true','HtPZjrNWfNobtqMelUGT','qIbjilymiVzTYubVVaAz','lVFqqipBMrSsbUZKAgvw');
INSERT INTO vettura VALUES ('ZV041Qq','zMpDxlnMAprXvCigOu','CuqFGvuA','2617584','1','true','DdaPdIzolgeFBRJAnmSU','vnvhSnUytaEUkIBycZwo','mbPqbuFlRisBzpBFbeAu');
INSERT INTO vettura VALUES ('MK814wv','RaoFXllSiFjvieQqCJ','lqVQa','1705127','1','true','ddXpaBnrXzSmUBSNbAjP','pDSzukOpgTVrphBSPPqI','QKMOAQvamNZrdRgjqMkl');
INSERT INTO vettura VALUES ('iu328JI','ccSf','TzgGGn','6964330','5','true','BmzKnHkXQPpDpHjEOxSu','OdBTetyAlmNpVOJpUjXY','QsCAPkiTpQHUtvLiXYfq');
INSERT INTO vettura VALUES ('at762eK','q','PkxuDDXjZwsktDDQJp','8065809','4','true','TNFHCfndIAvkGKfkWkLh','vnvhSnUytaEUkIBycZwo','mbPqbuFlRisBzpBFbeAu');
INSERT INTO vettura VALUES ('CJ552HA','AmcemBIkKpDeZOQ','ji','9789929','6','true','DdaPdIzolgeFBRJAnmSU','qIbjilymiVzTYubVVaAz','lVFqqipBMrSsbUZKAgvw');
INSERT INTO vettura VALUES ('nt151SX','yIBszdKd','jTDEtfZlyWnl','6619362','5','false','SQiooVqrZfVvlrsNclQb','pYxXpGliwkAtdNAPoJbd','tjlPJeeIjiDJaZVIbjzL');
INSERT INTO vettura VALUES ('bH148jz','UHyBksAp','zepJROEwDjJvkQRD','1594868','2','true','lUDBphRiBbETnzfIincs','xKWwLCmbVSBpekJgzgcB','bFHejmkUizGogaSGWUVl');
INSERT INTO vettura VALUES ('su011bs','qgEynXjfDrWUCqrFSW','QNdPz','2526425','7','true','lUDBphRiBbETnzfIincs','smRmMhujMnUEqsGQZPTj','xgYmmrcmVgURujqEnars');
INSERT INTO vettura VALUES ('uI417Qk','aTLVH','MeEWSbG','8522316','2','true','MKctEZaUrLLAYHJCCjfN','QhijRQfwBnSJqzCdaJkg','QrCJGogJjUOVGKFSKjZY');
INSERT INTO vettura VALUES ('Wa000kH','UPz','cWDBkaDJVGYNQzmEmjl','2866190','2','true','OLNptwXZBFBhxMgRGIeU','FqzsVuGvKjboVKIlQeuo','YTKBBDGnJYTiIPKcJNAp');
INSERT INTO vettura VALUES ('Ly047nM','OIhfHUJ','LWsJNdGESFPlKFVFaAu','4483702','1','true','MlPoLGZEJclyiPQkgqlU','aZtNhROJRiWUmLEAtqYA','GgjhYElcnrgUISVJOuvE');
INSERT INTO vettura VALUES ('QE220fQ','UUt','zRzaPgKnkSYkrNJ','4339916','5','false','dlXctHLsoybgEISfDlGr','WUPXeRfbQuUmxzBRgUZs','iOxpAOwHBFgdtyYSbbVN');
INSERT INTO vettura VALUES ('wr671Jw','jDxkEeFTjp','IXNu','1454386','4','true','TNFHCfndIAvkGKfkWkLh','PUjyklrFVxxocRMdgeSm','fmRylJqJyBxXkHOzGnuM');
INSERT INTO vettura VALUES ('UR309ve','zg','jDWPJfHHhahdTmSTu','1963037','0','true','tMrWLlsdFngQRVGsXkgA','LCmsqOankCHqaxIkxfco','UAdrjAwYfKFcfOVPmJWO');
INSERT INTO vettura VALUES ('Tz325bs','Dp','gOQ','6490257','7','false','dlXctHLsoybgEISfDlGr','DbfkMLnTrvKCLqDqHxjs','apqEXwsfNenAdPoLBteB');
INSERT INTO vettura VALUES ('WR116Bc','IcLyHN','KcaJnMnRaZodFVfHAcz','1826590','7','false','MlPoLGZEJclyiPQkgqlU','qIbjilymiVzTYubVVaAz','lVFqqipBMrSsbUZKAgvw');
INSERT INTO vettura VALUES ('er495oh','RIfniDWhCkNJtTrc','w','1121367','3','true','gGLqdcGKHUNvAHrNtuzJ','LCmsqOankCHqaxIkxfco','UAdrjAwYfKFcfOVPmJWO');
INSERT INTO vettura VALUES ('Aq259vR','wIFTVr','VfIzAptNIDBOpWNYDE','6393596','1','true','OLNptwXZBFBhxMgRGIeU','hcbTSCMYHjNkIpCJuhnX','MCOPYdrmWSKntafPoBXk');
INSERT INTO vettura VALUES ('vh306CI','ej','izuNepBhGvphgBgMxg','6937352','3','false','afXhVQflkWlMVwnzpWSY','zUdTfkKAAbPXGzlLIrsD','hFDzUVjIxGHeaZrfcVwx');
INSERT INTO vettura VALUES ('fg019Hp','IuUrpmZoMzVK','sYIdBI','6924853','3','false','MKctEZaUrLLAYHJCCjfN','pDSzukOpgTVrphBSPPqI','QKMOAQvamNZrdRgjqMkl');
INSERT INTO vettura VALUES ('ro151xS','XRbb','VbwNXZIYDNXOmbah','6088724','6','true','jgbNWDCHqYZIdtqlmcNj','hYSXvNrzAOfpldOGJbRN','BWkhxsiqFkBLugHtXBfS');
INSERT INTO vettura VALUES ('zT021mt','tNtJ','PZsvHYtIslsxgeVLO','4874298','0','true','vYTZeElsohhMkNpMlDFF','kVBXYNxifhsMXKXGYMwq','IcEdoiDgOpaPLavuPFVI');
INSERT INTO vettura VALUES ('Nf546eL','GjHnPkmJF','y','2038989','3','true','MlKIsJaGntnmcGpKgGuI','pYxXpGliwkAtdNAPoJbd','tjlPJeeIjiDJaZVIbjzL');
INSERT INTO vettura VALUES ('gX272Dg','bnoHvRLVQDsYggiVUZT','KGATvPWGXLbkYhKQ','4378718','7','false','mShESzgecTYVEZPUdkkR','qldStrBlLwkSVxiUXhoE','KciPNzrSOAoUWVWxZIPI');
INSERT INTO vettura VALUES ('hZ234Sg','fmUBDONoiidjl','vQgDpJRulHFGLNJIv','7484351','3','true','tMrWLlsdFngQRVGsXkgA','WUPXeRfbQuUmxzBRgUZs','iOxpAOwHBFgdtyYSbbVN');
INSERT INTO vettura VALUES ('zL244TH','BLbKWuIQfqpHdErN','BfNNKyngsgPyX','4415114','1','false','MlKIsJaGntnmcGpKgGuI','bPwunxcTDLeUtvZIuksk','CzVofvpEHAXXqXlbWDSt');
INSERT INTO vettura VALUES ('FM520FJ','mNuZeMiXhye','OtGPcxmtN','5781590','0','false','VsrdHXxXGKfbutiRCKur','FqzsVuGvKjboVKIlQeuo','YTKBBDGnJYTiIPKcJNAp');
INSERT INTO vettura VALUES ('bs741ZT','JHmm','PRKCuDpwJ','2094718','2','true','jdJenFObRYcbYxrvwVrH','kQFexBiqgRNBVsyEUkqb','IwRyBOdGFtPkSQcOGFOx');
INSERT INTO vettura VALUES ('EZ289FZ','swbfpaQ','jsgaPGtoMFSsLS','0953264','8','true','mShESzgecTYVEZPUdkkR','OXgohfaSAatELZDCoGMl','zsxZTrWpQOdYADvOxZeY');
INSERT INTO vettura VALUES ('hU103tP','EcUjkh','lFp','6918121','7','true','MlKIsJaGntnmcGpKgGuI','BNBbOtTvxHZarUNgpDeH','xWDmTKUirmMMjUzEFxwY');
INSERT INTO vettura VALUES ('LM176ZP','INzNHrtwL','IMUGAfvYsqVPbfM','8653223','4','true','HtPZjrNWfNobtqMelUGT','nQARoEapGpQlKsCxWPIX','qZGWdfVtLACzlyfvPnux');
INSERT INTO vettura VALUES ('Dm352iD','ONdgZzQDxQPEUEDr','xvgnxI','1586044','8','true','SQiooVqrZfVvlrsNclQb','DwevWjVuurNHxGthJwIt','JLarmZmGQyEcFaqXUUeo');
INSERT INTO vettura VALUES ('rs944Wt','TTuonOwWarhpAnbo','gVXclhzWsvhjOnq','6925928','8','false','BmzKnHkXQPpDpHjEOxSu','TtucyVYzNnRSRTctKNas','QFltLpBfxmXbAWRKxiiX');
INSERT INTO vettura VALUES ('ra560Lf','LUJCPBnMdwKi','XnbxzeNfQnjMyDuDI','6305845','4','false','VsrdHXxXGKfbutiRCKur','oPVUcztHcoUMRfPdJDqn','sMUeERtZPAeeZFAtMZyz');
INSERT INTO vettura VALUES ('xQ841re','vdVtPkfn','LXCPaeFFlJ','2206908','4','false','tMrWLlsdFngQRVGsXkgA','ETdmKFmEQXdmVsDuaUKk','fftMgedmqQUvlfedaHrL');
INSERT INTO vettura VALUES ('qP101dp','oIkutkXe','','2001343','4','false','OLNptwXZBFBhxMgRGIeU','mQCEAijTiQCCtBtnKuLF','wEfuOBpwlnDprFeZpVjF');
INSERT INTO vettura VALUES ('uX146LR','jmThegNnQF','wePKOvsOlC','4768025','5','false','vYTZeElsohhMkNpMlDFF','ETdmKFmEQXdmVsDuaUKk','fftMgedmqQUvlfedaHrL');
INSERT INTO vettura VALUES ('Ew405Yo','gpeMoiklbcykWREBkNC','FBDkcqiSuv','7777733','4','true','gGLqdcGKHUNvAHrNtuzJ','UYRhYMAYEmDZTrNLEGPV','KtOmDgRAjOmnWcxmNhgn');
									
-----------------------------------------------------------------------------------------------------------------------------------------------------------------
CREATE TABLE prenotazione
(dataRitiro DATE,
orarioRitiro TIME,
dataConsegna DATE NOT NULL CHECK (dataConsegna > dataRitiro),
orarioConsegna TIME NOT NULL,
targa CHAR(7),
dataRitiroE DATE,
orarioRitiroE TIME,
dataConsegnaE DATE,
orarioConsegnaE TIME,
penale NUMERIC(5) DEFAULT 0 CHECK (penale >= 0), 
kmPercorsi NUMERIC(6) DEFAULT 0 CHECK (kmPercorsi >= 0),
dataAnnullamento DATE,
orarioAnnullamento TIME,
email VARCHAR(20) NOT NULL,
PRIMARY KEY (dataRitiro, orarioRitiro, targa),
FOREIGN KEY (targa) REFERENCES vettura,
FOREIGN KEY (email) REFERENCES utente);

INSERT INTO prenotazione VALUES ('11/4/2019','20:33','15/4/2020','1:51','MT801hx','11/4/2019','20:41','15/4/2020','11:19','2628','3178','16/5/2019','6:0','qTTWLO@gmail.com');
INSERT INTO prenotazione VALUES ('14/9/2019','17:37','22/9/2020','11:21','UR309ve','14/9/2019','5:24','22/9/2020','15:20','7681','96759','13/6/2019','0:56','IrpTlpIr@gmail.com');
INSERT INTO prenotazione VALUES ('2/4/2019','19:33','12/4/2020','13:41','Jw126vi','2/4/2019','2:15','12/4/2020','18:7','5952','98876','6/6/2019','5:50','WekHwfy@gmail.com');
INSERT INTO prenotazione VALUES ('22/8/2019','1:27','10/9/2019','14:46','cC708Sv','22/8/2019','7:46','10/9/2019','2:26','5724','29120','4/11/2019','14:16','XLeAR@gmail.com');
INSERT INTO prenotazione VALUES ('5/10/2019','6:25','14/10/2020','8:27','MK814wv','5/10/2019','5:23','14/10/2020','5:55','4064','76142','17/8/2019','23:56','Zbdkn@gmail.com');
INSERT INTO prenotazione VALUES ('28/4/2019','16:21','8/5/2019','11:49','ra560Lf','28/4/2019','8:5','8/5/2019','10:54','1894','70988','15/7/2019','9:24','QXuIp@gmail.com');
INSERT INTO prenotazione VALUES ('16/3/2019','17:56','4/4/2019','15:28','nt151SX','16/3/2019','11:45','4/4/2019','16:6','7000','85412','21/11/2019','0:36','QXuIp@gmail.com');
INSERT INTO prenotazione VALUES ('6/2/2019','16:29','13/2/2020','4:18','ui086dJ','6/2/2019','22:51','13/2/2020','5:1','370','11709','26/5/2019','5:31','ZAiVpDjxp@gmail.com');
INSERT INTO prenotazione VALUES ('4/11/2019','16:18','19/11/2020','21:3','MK814wv','4/11/2019','14:27','19/11/2020','8:56','9325','89314','17/6/2019','12:6','Zbdkn@gmail.com');
INSERT INTO prenotazione VALUES ('3/5/2019','23:16','25/5/2020','23:57','uI417Qk','3/5/2019','4:35','25/5/2020','6:14','2788','3577','10/11/2019','6:25','Sjpco@gmail.com');
INSERT INTO prenotazione VALUES ('27/4/2019','0:38','3/5/2019','14:1','DE607CE','27/4/2019','3:23','3/5/2019','8:11','1138','56876','16/9/2019','6:12','ZAiVpDjxp@gmail.com');
INSERT INTO prenotazione VALUES ('6/2/2019','7:18','28/2/2020','8:48','Rm706kU','6/2/2019','21:36','28/2/2020','10:22','6177','91876','1/5/2019','23:19','zWDIikr@gmail.com');
INSERT INTO prenotazione VALUES ('8/5/2019','11:2','10/5/2020','14:0','wr671Jw','8/5/2019','22:31','10/5/2020','3:34','3612','86887','23/5/2019','20:9','MylZTbU@gmail.com');
INSERT INTO prenotazione VALUES ('27/6/2019','6:43','28/6/2020','17:4','wc354wZ','27/6/2019','23:9','28/6/2020','11:14','6205','36192','10/3/2019','6:38','iVHwN@gmail.com');
INSERT INTO prenotazione VALUES ('20/11/2019','22:9','9/12/2019','10:46','cC708Sv','20/11/2019','19:6','9/12/2019','15:9','8302','73302','14/7/2019','16:5','IrpTlpIr@gmail.com');
INSERT INTO prenotazione VALUES ('11/2/2019','23:29','21/2/2020','0:53','aH122mz','11/2/2019','20:18','21/2/2020','7:6','1594','73619','1/3/2019','21:26','tuhUPgDy@gmail.com');
INSERT INTO prenotazione VALUES ('27/6/2019','13:1','8/7/2019','21:2','Nd094Yg','27/6/2019','5:33','8/7/2019','16:36','1116','38174','24/3/2019','16:35','ojtezWQ@gmail.com');
INSERT INTO prenotazione VALUES ('13/11/2019','5:14','28/11/2020','16:7','Om723Rl','13/11/2019','1:44','28/11/2020','0:50','3982','4032','23/10/2019','10:48','bcgSkHg@gmail.com');
INSERT INTO prenotazione VALUES ('14/5/2019','12:51','18/5/2020','19:46','qF866MK','14/5/2019','2:50','18/5/2020','16:54','3579','4737','21/3/2019','14:15','RAgcmKYe@gmail.com');
INSERT INTO prenotazione VALUES ('6/9/2019','14:5','25/9/2020','22:1','Xc899zh','6/9/2019','11:27','25/9/2020','12:17','6109','37387','24/5/2019','15:28','Zbdkn@gmail.com');
INSERT INTO prenotazione VALUES ('25/4/2019','16:6','19/5/2019','0:51','ro151xS','25/4/2019','5:8','19/5/2019','12:17','2398','52485','3/5/2019','23:43','qTTWLO@gmail.com');
INSERT INTO prenotazione VALUES ('4/1/2019','5:32','20/1/2020','20:26','QE220fQ','4/1/2019','12:23','20/1/2020','6:57','5450','93913','24/6/2019','1:55','mMnAAS@gmail.com');
INSERT INTO prenotazione VALUES ('7/7/2019','19:50','28/7/2020','1:1','rs944Wt','7/7/2019','17:45','28/7/2020','17:32','5514','16174','22/3/2019','7:26','nCjFDJmv@gmail.com');
INSERT INTO prenotazione VALUES ('19/11/2019','22:34','13/12/2019','8:32','ey895jc','19/11/2019','17:11','13/12/2019','11:44','8073','49965','21/1/2019','4:42','njfiB@gmail.com');
INSERT INTO prenotazione VALUES ('10/1/2019','10:20','17/1/2020','9:25','rG655qL','10/1/2019','12:6','17/1/2020','10:40','2674','97630','27/9/2019','18:18','Sjpco@gmail.com');
INSERT INTO prenotazione VALUES ('26/6/2019','21:36','4/7/2019','13:14','TR087ID','26/6/2019','21:26','4/7/2019','5:26','639','38667','12/3/2019','4:52','nCjFDJmv@gmail.com');
INSERT INTO prenotazione VALUES ('11/6/2019','2:24','5/7/2019','5:34','Dm352iD','11/6/2019','8:5','5/7/2019','11:40','4379','5147','15/11/2019','12:25','XLeAR@gmail.com');
INSERT INTO prenotazione VALUES ('24/10/2019','13:26','10/11/2019','0:0','zL244TH','24/10/2019','14:21','10/11/2019','17:50','3439','77975','3/6/2019','5:29','tuhUPgDy@gmail.com');
INSERT INTO prenotazione VALUES ('25/8/2019','13:40','24/9/2019','23:12','UR309ve','25/8/2019','18:2','24/9/2019','16:46','4536','23912','23/10/2019','17:34','WekHwfy@gmail.com');
INSERT INTO prenotazione VALUES ('24/10/2019','4:31','18/11/2019','4:9','il023Wq','24/10/2019','7:55','18/11/2019','4:4','2654','67990','7/1/2019','11:18','ZAiVpDjxp@gmail.com');
INSERT INTO prenotazione VALUES ('22/2/2019','8:21','6/3/2019','21:22','an245RW','22/2/2019','7:9','6/3/2019','5:47','3117','93897','22/9/2019','13:39','ojtezWQ@gmail.com');
INSERT INTO prenotazione VALUES ('18/1/2019','21:44','28/1/2020','21:7','Bd021Nb','18/1/2019','12:9','28/1/2020','1:23','3519','5003','20/9/2019','2:8','tuhUPgDy@gmail.com');
INSERT INTO prenotazione VALUES ('17/4/2019','16:38','8/5/2019','18:23','Bs337cD','17/4/2019','17:51','8/5/2019','14:7','2655','73507','4/2/2019','20:8','Sjpco@gmail.com');
INSERT INTO prenotazione VALUES ('22/4/2019','4:40','25/4/2020','7:1','hU103tP','22/4/2019','0:35','25/4/2020','4:33','7302','26426','1/5/2019','21:13','njfiB@gmail.com');
INSERT INTO prenotazione VALUES ('16/6/2019','23:3','7/7/2019','3:2','uU393GG','16/6/2019','13:24','7/7/2019','0:29','1089','90553','13/1/2019','1:24','SZBoj@gmail.com');
INSERT INTO prenotazione VALUES ('6/2/2019','5:46','26/2/2020','23:37','Bd021Nb','6/2/2019','17:50','26/2/2020','1:50','9192','88808','12/7/2019','18:21','mMnAAS@gmail.com');
INSERT INTO prenotazione VALUES ('15/2/2019','3:17','2/3/2019','11:43','iR359xs','15/2/2019','6:4','2/3/2019','14:28','6567','29935','7/7/2019','2:49','IrpTlpIr@gmail.com');
INSERT INTO prenotazione VALUES ('4/1/2019','4:26','15/1/2020','0:6','gX272Dg','4/1/2019','9:22','15/1/2020','4:36','2696','15096','19/10/2019','19:23','zWDIikr@gmail.com');
INSERT INTO prenotazione VALUES ('3/4/2019','6:43','8/4/2020','22:37','nY942pv','3/4/2019','18:32','8/4/2020','4:18','7782','8650','7/4/2019','17:11','njfiB@gmail.com');
INSERT INTO prenotazione VALUES ('9/7/2019','21:7','7/8/2019','6:49','ou571sF','9/7/2019','13:37','7/8/2019','18:4','491','52974','12/8/2019','6:2','RAgcmKYe@gmail.com');
INSERT INTO prenotazione VALUES ('24/1/2019','22:41','16/2/2019','0:14','FS870WN','24/1/2019','20:43','16/2/2019','14:32','4370','20204','3/5/2019','11:34','SZBoj@gmail.com');
INSERT INTO prenotazione VALUES ('19/1/2019','20:40','29/1/2020','21:16','Wp277Di','19/1/2019','1:35','29/1/2020','21:37','1652','4334','10/10/2019','13:12','wIXgQ@gmail.com');
INSERT INTO prenotazione VALUES ('18/2/2019','13:47','12/3/2019','22:39','ey895jc','18/2/2019','7:16','12/3/2019','0:28','141','19196','23/8/2019','13:22','fAqFHvgS@gmail.com');
INSERT INTO prenotazione VALUES ('10/4/2019','6:33','3/5/2019','18:15','Nd094Yg','10/4/2019','9:11','3/5/2019','3:35','9928','67709','20/10/2019','5:44','zWDIikr@gmail.com');
INSERT INTO prenotazione VALUES ('7/6/2019','17:55','2/7/2019','3:57','WR116Bc','7/6/2019','1:23','2/7/2019','14:41','973','4219','17/3/2019','9:20','mMnAAS@gmail.com');
INSERT INTO prenotazione VALUES ('24/2/2019','5:1','26/2/2020','8:44','he204to','24/2/2019','9:14','26/2/2020','23:1','4873','31710','20/2/2019','18:18','LEOPz@gmail.com');
INSERT INTO prenotazione VALUES ('24/11/2019','21:10','26/11/2020','3:52','ij918EF','24/11/2019','4:43','26/11/2020','13:49','9046','61071','24/1/2019','12:15','Sjpco@gmail.com');
INSERT INTO prenotazione VALUES ('4/8/2019','6:26','25/8/2020','11:11','aH122mz','4/8/2019','13:49','25/8/2020','21:20','2958','17909','4/3/2019','8:28','IrpTlpIr@gmail.com');
INSERT INTO prenotazione VALUES ('15/4/2019','20:40','9/5/2019','2:19','Fw140aB','15/4/2019','22:9','9/5/2019','15:54','8219','2394','21/7/2019','18:54','MylZTbU@gmail.com');
INSERT INTO prenotazione VALUES ('22/3/2019','5:39','14/4/2019','8:41','Rm706kU','22/3/2019','9:5','14/4/2019','17:52','2472','89191','23/2/2019','3:7','XGZDH@gmail.com');
INSERT INTO prenotazione VALUES ('10/5/2019','20:16','13/5/2020','21:53','iw674It','10/5/2019','17:53','13/5/2020','10:18','8464','2211','27/5/2019','14:38','Zbdkn@gmail.com');
INSERT INTO prenotazione VALUES ('3/3/2019','6:9','13/3/2020','18:11','eZ851Wj','3/3/2019','8:46','13/3/2020','0:32','1245','42135','8/9/2019','23:18','ojtezWQ@gmail.com');
INSERT INTO prenotazione VALUES ('22/5/2019','0:1','4/6/2019','15:3','ey895jc','22/5/2019','2:47','4/6/2019','9:8','4954','43243','25/11/2019','6:2','XLeAR@gmail.com');
INSERT INTO prenotazione VALUES ('15/11/2019','22:38','7/12/2019','13:51','rs944Wt','15/11/2019','16:15','7/12/2019','4:25','8977','97577','6/10/2019','23:32','nCjFDJmv@gmail.com');
INSERT INTO prenotazione VALUES ('1/2/2019','20:25','17/2/2020','4:30','MT801hx','1/2/2019','21:15','17/2/2020','8:40','8220','24536','20/2/2019','13:12','LEOPz@gmail.com');
INSERT INTO prenotazione VALUES ('7/11/2019','15:26','20/11/2020','21:43','su011bs','7/11/2019','12:19','20/11/2020','3:6','5079','75201','13/11/2019','17:50','ojtezWQ@gmail.com');
INSERT INTO prenotazione VALUES ('7/2/2019','12:4','28/2/2020','9:2','Xc899zh','7/2/2019','14:31','28/2/2020','4:21','2491','83757','6/2/2019','22:50','XLeAR@gmail.com');
INSERT INTO prenotazione VALUES ('20/10/2019','14:29','3/11/2019','7:54','bH903vw','20/10/2019','15:10','3/11/2019','8:13','3027','900','11/8/2019','7:38','qTTWLO@gmail.com');
INSERT INTO prenotazione VALUES ('8/4/2019','19:6','14/4/2020','1:50','jM291Lk','8/4/2019','17:18','14/4/2020','15:28','506','61550','5/9/2019','15:49','Sjpco@gmail.com');
INSERT INTO prenotazione VALUES ('4/2/2019','8:23','2/3/2019','6:3','lD600pJ','4/2/2019','6:27','2/3/2019','15:10','2922','12629','12/5/2019','15:8','tuhUPgDy@gmail.com');
INSERT INTO prenotazione VALUES ('17/1/2019','15:52','27/1/2020','0:22','eo878yO','17/1/2019','2:11','27/1/2020','15:7','5693','15168','14/11/2019','10:16','Zbdkn@gmail.com');
INSERT INTO prenotazione VALUES ('17/8/2019','23:30','7/9/2019','14:31','Om723Rl','17/8/2019','21:53','7/9/2019','20:4','559','33624','23/7/2019','11:0','njfiB@gmail.com');
INSERT INTO prenotazione VALUES ('13/10/2019','11:13','4/11/2019','10:56','Ly047nM','13/10/2019','12:52','4/11/2019','22:32','7177','55910','10/4/2019','20:6','mMnAAS@gmail.com');
INSERT INTO prenotazione VALUES ('22/8/2019','8:22','24/8/2020','12:13','bH148jz','22/8/2019','9:32','24/8/2020','11:24','1062','27761','9/6/2019','0:9','nCjFDJmv@gmail.com');
INSERT INTO prenotazione VALUES ('28/5/2019','11:19','23/6/2019','20:42','jU275NK','28/5/2019','21:17','23/6/2019','2:23','3905','72324','7/11/2019','9:36','MylZTbU@gmail.com');
INSERT INTO prenotazione VALUES ('21/7/2019','8:34','26/7/2020','19:18','DF901fn','21/7/2019','12:30','26/7/2020','17:15','9028','5925','19/2/2019','18:54','bcgSkHg@gmail.com');
INSERT INTO prenotazione VALUES ('7/5/2019','3:11','4/6/2019','9:11','iu328JI','7/5/2019','7:54','4/6/2019','22:48','3498','73438','13/2/2019','6:22','zWDIikr@gmail.com');
INSERT INTO prenotazione VALUES ('24/7/2019','9:57','19/8/2019','23:11','Rm706kU','24/7/2019','10:12','19/8/2019','9:45','4172','61687','7/8/2019','21:15','ZAiVpDjxp@gmail.com');
INSERT INTO prenotazione VALUES ('18/5/2019','15:16','2/6/2019','5:38','iW199KI','18/5/2019','0:54','2/6/2019','6:13','8327','85049','15/8/2019','13:23','nCjFDJmv@gmail.com');
INSERT INTO prenotazione VALUES ('4/1/2019','17:17','26/1/2020','12:1','hZ234Sg','4/1/2019','17:22','26/1/2020','22:57','4307','45420','18/4/2019','21:27','ojtezWQ@gmail.com');
INSERT INTO prenotazione VALUES ('19/6/2019','19:21','3/7/2019','21:54','sM020tM','19/6/2019','2:47','3/7/2019','23:8','8204','86168','15/9/2019','18:41','wIXgQ@gmail.com');
INSERT INTO prenotazione VALUES ('1/3/2019','18:3','29/3/2020','23:6','iW199KI','1/3/2019','12:52','29/3/2020','6:39','7596','14886','10/11/2019','14:13','RAgcmKYe@gmail.com');
INSERT INTO prenotazione VALUES ('26/7/2019','11:1','29/7/2020','12:13','sy263Gl','26/7/2019','10:39','29/7/2020','19:23','5710','27455','22/4/2019','19:31','wIXgQ@gmail.com');
INSERT INTO prenotazione VALUES ('6/7/2019','18:48','17/7/2020','19:41','sM020tM','6/7/2019','23:12','17/7/2020','20:53','3900','75211','16/3/2019','4:24','bcgSkHg@gmail.com');
INSERT INTO prenotazione VALUES ('28/10/2019','11:12','27/11/2019','22:54','Bd021Nb','28/10/2019','4:55','27/11/2019','0:40','4480','42643','25/2/2019','11:44','tuhUPgDy@gmail.com');
INSERT INTO prenotazione VALUES ('28/11/2019','12:47','3/12/2019','12:4','EZ289FZ','28/11/2019','5:56','3/12/2019','13:41','7974','78974','26/3/2019','11:34','MylZTbU@gmail.com');
INSERT INTO prenotazione VALUES ('26/2/2019','7:31','14/3/2019','23:56','iu328JI','26/2/2019','20:1','14/3/2019','9:19','2967','41943','21/4/2019','13:50','qTTWLO@gmail.com');
INSERT INTO prenotazione VALUES ('6/7/2019','19:5','1/8/2019','15:33','nY942pv','6/7/2019','4:26','1/8/2019','19:41','2958','13796','11/5/2019','22:52','nCjFDJmv@gmail.com');
INSERT INTO prenotazione VALUES ('27/6/2019','12:29','29/6/2020','20:40','ou571sF','27/6/2019','14:9','29/6/2020','18:18','6438','45615','13/3/2019','15:19','RAgcmKYe@gmail.com');
INSERT INTO prenotazione VALUES ('1/11/2019','5:39','2/11/2020','23:36','Xc899zh','1/11/2019','14:5','2/11/2020','20:50','6409','53824','20/1/2019','3:26','LEOPz@gmail.com');
INSERT INTO prenotazione VALUES ('19/1/2019','12:32','7/2/2019','8:16','jM291Lk','19/1/2019','22:52','7/2/2019','23:41','8225','85055','24/4/2019','19:16','IrpTlpIr@gmail.com');
INSERT INTO prenotazione VALUES ('2/9/2019','13:30','13/9/2020','16:27','ui086dJ','2/9/2019','0:41','13/9/2020','10:33','7562','27638','9/4/2019','4:55','LEOPz@gmail.com');
INSERT INTO prenotazione VALUES ('8/8/2019','4:44','21/8/2020','23:36','nt151SX','8/8/2019','16:32','21/8/2020','4:32','4621','78636','11/9/2019','7:51','QXuIp@gmail.com');
INSERT INTO prenotazione VALUES ('25/6/2019','6:17','3/7/2019','6:18','ew496ml','25/6/2019','14:26','3/7/2019','11:35','6326','86538','23/9/2019','22:49','SZBoj@gmail.com');
INSERT INTO prenotazione VALUES ('26/8/2019','16:58','10/9/2019','5:9','MT801hx','26/8/2019','7:54','10/9/2019','14:17','5374','89529','4/10/2019','5:38','njfiB@gmail.com');
INSERT INTO prenotazione VALUES ('17/1/2019','22:15','15/2/2019','14:30','Fw140aB','17/1/2019','21:34','15/2/2019','18:24','7024','5601','9/11/2019','5:2','fAqFHvgS@gmail.com');
INSERT INTO prenotazione VALUES ('26/3/2019','13:13','7/4/2019','15:31','he204to','26/3/2019','1:28','7/4/2019','23:51','2422','74634','18/3/2019','10:47','IrpTlpIr@gmail.com');
INSERT INTO prenotazione VALUES ('6/5/2019','16:38','27/5/2020','3:31','qF866MK','6/5/2019','7:0','27/5/2020','4:20','6700','48637','13/10/2019','21:49','QXuIp@gmail.com');
INSERT INTO prenotazione VALUES ('19/2/2019','13:2','13/3/2019','16:55','MK814wv','19/2/2019','0:27','13/3/2019','13:26','9643','68323','16/4/2019','18:25','ZAiVpDjxp@gmail.com');
INSERT INTO prenotazione VALUES ('26/5/2019','16:1','3/6/2019','17:21','Tz325bs','26/5/2019','8:26','3/6/2019','11:35','2639','4293','18/6/2019','10:2','bcgSkHg@gmail.com');
INSERT INTO prenotazione VALUES ('21/2/2019','21:13','7/3/2019','13:52','KH324VD','21/2/2019','18:29','7/3/2019','11:3','6241','37161','17/5/2019','9:41','tuhUPgDy@gmail.com');
INSERT INTO prenotazione VALUES ('9/5/2019','2:52','4/6/2019','20:46','fo741Ch','9/5/2019','6:30','4/6/2019','12:58','1740','98618','2/9/2019','16:32','bcgSkHg@gmail.com');
INSERT INTO prenotazione VALUES ('2/9/2019','10:38','16/9/2020','0:9','Om723Rl','2/9/2019','17:30','16/9/2020','13:9','4923','71327','24/2/2019','3:51','zWDIikr@gmail.com');
INSERT INTO prenotazione VALUES ('13/5/2019','2:20','4/6/2019','9:38','ae568Ek','13/5/2019','4:17','4/6/2019','20:32','2760','97026','20/7/2019','3:34','bcgSkHg@gmail.com');
INSERT INTO prenotazione VALUES ('7/7/2019','14:31','28/7/2020','23:15','uU393GG','7/7/2019','10:43','28/7/2020','16:26','1837','97962','26/6/2019','12:2','iVHwN@gmail.com');
INSERT INTO prenotazione VALUES ('10/1/2019','11:28','22/1/2020','11:21','MT801hx','10/1/2019','21:23','22/1/2020','22:41','7702','33664','19/3/2019','15:25','XLeAR@gmail.com');
INSERT INTO prenotazione VALUES ('11/6/2019','22:20','3/7/2019','21:36','uU393GG','11/6/2019','9:45','3/7/2019','22:28','4812','78380','17/8/2019','23:35','fAqFHvgS@gmail.com');
INSERT INTO prenotazione VALUES ('24/9/2019','19:2','14/10/2019','7:21','jU275NK','24/9/2019','15:16','14/10/2019','14:45','1482','60984','16/1/2019','7:44','tuhUPgDy@gmail.com');
INSERT INTO prenotazione VALUES ('4/5/2019','23:26','28/5/2020','23:29','Je827BA','4/5/2019','10:25','28/5/2020','4:52','1723','80043','16/11/2019','18:19','ojtezWQ@gmail.com');
INSERT INTO prenotazione VALUES ('24/9/2019','5:11','20/10/2019','7:3','CJ552HA','24/9/2019','20:10','20/10/2019','0:41','8041','12271','5/10/2019','1:29','nCjFDJmv@gmail.com');

-----------------------------------------------------------------------------------------------------------------------------------------------------------------
CREATE TABLE privato
(cf VARCHAR(16) PRIMARY KEY,
indirizzoResidenza VARCHAR(20) NOT NULL,
professione VARCHAR(20) NOT NULL,
genere CHAR(1) NOT NULL,
email VARCHAR(20) NOT NULL,
FOREIGN KEY (email) REFERENCES utente);
		
INSERT INTO privato VALUES ('mqLIzkaLKrWhjcJM','DhZcXNrHdGXtjkkqojPq','DQTlQwAMtelkVsLcKFQn','F','nCjFDJmv@gmail.com');
INSERT INTO privato VALUES ('sDmpslhHkWmMxZzp','rsFPDiZnUalmevxAmQLf','KgOOZPVTMFMgbXrhXKGI','M','XGZDH@gmail.com');
INSERT INTO privato VALUES ('nXjNEBrmhIHbgoaR','zTKiNSvQPLMUCbJiuNRf','aDKGSWkmZnnWFrHOFhKO','F','yXGIVE@gmail.com');
INSERT INTO privato VALUES ('hywjzEqUdIPeiQOo','wzloHEAasYjfgljpZMTh','qczHAXVJXheDQgeBuiuU','M','SZBoj@gmail.com');
INSERT INTO privato VALUES ('wEYdjNrxOVNIoZAH','pKEoEynxgPTyfftTctsy','tMVXeUadTJBrcSxPhAuw','M','xnrYksjvU@gmail.com');
INSERT INTO privato VALUES ('bVXafhSzudkLtZUl','gogQCpuxgrkVdMSbTRdv','WobNQRGibfabYfoKzDQg','F','bcgSkHg@gmail.com');
INSERT INTO privato VALUES ('iNMqLneCDQvWnDWa','wTGIFipRIerzZiYpgROY','BEsnbRJcZTSNduXqNLCZ','M','mMnAAS@gmail.com');
INSERT INTO privato VALUES ('krqEPJoSBUPBzXlo','yYNaCmfFdEFmVFRLBtkT','ZlxaSaQughgCHXQbJuZi','F','QXuIp@gmail.com');
INSERT INTO privato VALUES ('ZieQPsUnLrlnfPqM','PanCWiktncEUJbblLfeB','GtcpoXiHtIsAWoMuOOUP','M','QXuIp@gmail.com');
INSERT INTO privato VALUES ('hCEPuzzzxoZwiDaR','QSZIClFNPgbMCpUxiYSB','DHsZvCDdwfJmSjDwHZsk','M','njfiB@gmail.com');
INSERT INTO privato VALUES ('KWpFktYuqHKiMDCt','ysKbrSGduEGrylruRTIm','mOyjhQAhkVqWAHGteLOh','M','XGZDH@gmail.com');
INSERT INTO privato VALUES ('bFrLEvjkMSXGiPzp','qsCRBxjPrkxBefOHxHFY','aBIlsfKQywTimLXetPUy','F','UJFZCSN@gmail.com');
INSERT INTO privato VALUES ('OzZbmSEgLRPnCtlR','rKvePTDrEfmOsQmPzHFs','gFZzrHONZsqGdWJxDNof','M','bcgSkHg@gmail.com');
INSERT INTO privato VALUES ('smIXnbvzKaPnVWGt','tLQTFSEcgDWUGKcvCSLq','UbIJHEfRyjPSrUZgijsN','M','nCjFDJmv@gmail.com');
INSERT INTO privato VALUES ('xXVMlFRdeoeCmBgv','KdaCYtSZmLdhabJxXzbp','FmxJYwlYKvfzLoCuQhNT','M','iVHwN@gmail.com');
INSERT INTO privato VALUES ('cEGTvSApkDvbRavL','bCUUJwiSjZoUJCAPjXWp','ktvVvmXDtahwDWLHHvnY','M','QXuIp@gmail.com');
INSERT INTO privato VALUES ('NnqHqWvfIXtGPLlZ','nKVvgHOMQZOeRutLYTvV','rRMhDQJnUdOlxgAhfILM','F','qTTWLO@gmail.com');
INSERT INTO privato VALUES ('pdxQshtZOXJesBcc','IXSDqiBtBRNxdQRYliEq','OIpUMTvOshFcfjScawqV','F','qTTWLO@gmail.com');
INSERT INTO privato VALUES ('tZtmzodNNkiUicYx','BkqnKLYjEKKJbkMkLPHt','oDbMJHRrgpeYTBIrGRkK','M','QFDMAa@gmail.com');
INSERT INTO privato VALUES ('CldxqQuEvZYIIJsJ','BXzkJIMbCdOeQzKdXszh','TkgddCjwSXJNzgtloiZJ','F','tuhUPgDy@gmail.com');
INSERT INTO privato VALUES ('IBShksejGcGoMcOw','ZXDkTdCtTTWIdFoAzDpZ','JtbWcHCbpsUvHdTMomPa','F','yXGIVE@gmail.com');
INSERT INTO privato VALUES ('zopdMZrFlpMSptVD','BpMEHlCplHUKCMOqoCZH','moBCYKmmIYAtkQfqDAPP','M','ojtezWQ@gmail.com');
INSERT INTO privato VALUES ('qLGlyDGPPYLXlcYH','CKQTLAYNLzzfILRKonCk','EcCUjasIQaXGVuTufkjk','M','fAqFHvgS@gmail.com');
INSERT INTO privato VALUES ('yOiugSFvLWJHCbMR','OWEjkMjuPtDbWxQryKsp','drFddWWTAAeHSpnnoPrS','M','IrpTlpIr@gmail.com');
INSERT INTO privato VALUES ('FBYgBjnkyvvZlXHp','PpieleSImsROmKfKtnCa','kbpBLnNVIulwYGaVhsCZ','M','ojtezWQ@gmail.com');
INSERT INTO privato VALUES ('XjQzSfObqcEejhQQ','XKWcNkRyxszLGrjFWeGI','QhOcPRvicmSzcUXbHHyx','F','SZBoj@gmail.com');
INSERT INTO privato VALUES ('DnZgFtvYIFnzUYLv','rZNhmuEcbZHZiMcYKSZB','bOzkSnkCJKKMLzOpTDSl','M','XLeAR@gmail.com');
INSERT INTO privato VALUES ('FkCNwpUHsCcWzyhj','tECIsazoLPfPjRLhQolJ','hHBAabvgWIXJwTNUnnJT','M','xnrYksjvU@gmail.com');
INSERT INTO privato VALUES ('bXyVNjRUjiOpKJmO','WZcVZcmHtXjzbWNxgdwt','sLZYVZcKvnwqbPNwHsCU','M','SZBoj@gmail.com');
INSERT INTO privato VALUES ('vOIPLBDzHLDiuPmB','YeJZwUtfypAkLDWSsaLr','CGddIpUJeqGhoBEgtyhA','F','WekHwfy@gmail.com');
INSERT INTO privato VALUES ('zqWQMAuyKKRvDqGo','gIotghlYvwgEEQxJYwnP','fslyMpoAaUlXDWWyTsmN','F','tuhUPgDy@gmail.com');
INSERT INTO privato VALUES ('IEVebjTPuZxjwWAC','rhBPZpwBRBNADZNNWMts','hQKTSdjklathEjuhlggk','M','iVHwN@gmail.com');
INSERT INTO privato VALUES ('qqrwgcZRfvtuxVEo','BtPxEGdGNGgVoeRaQasT','fENHlPDtGUgTXPuMvKNq','M','njfiB@gmail.com');
INSERT INTO privato VALUES ('kwwhUsmaRdlvxovv','LQJchqoTEFRSiKItQmTA','IOjzVIguifabvsXPsjXZ','M','UJFZCSN@gmail.com');
INSERT INTO privato VALUES ('aViRTxwFxpyCOOkh','vtEWQGaEIzvjbBonczjh','cMsIUexdhEpyfOnHFNeL','M','mMnAAS@gmail.com');
INSERT INTO privato VALUES ('kYtToyNGRspHNqBW','dXOXhXcjUEqSzQdtmadl','XaAkGmfYajGoMYcvMHEi','F','CHBwV@gmail.com');
INSERT INTO privato VALUES ('eOszSPjgsZNOeTjt','DwILKoemqSQunmvAsKTy','mvzXTOtTbJARSbCyNzZZ','F','IrpTlpIr@gmail.com');
INSERT INTO privato VALUES ('UiGyvqMngIAZhStB','NbejyWnrKOmVBTJNnQoE','egRLyugbQbZEnzkQvFPE','F','CHBwV@gmail.com');
INSERT INTO privato VALUES ('QxmfHUWZSdOHaWBf','EwPJPrYlXrfQYzCanhae','hfTAfDgPNkyOfGhtHMro','M','yXGIVE@gmail.com');
INSERT INTO privato VALUES ('CGEipLTaSJDvDOAu','dIJXpcrRiSTyhMnmBjNb','GsQRJYMEwxiKgmmTDQov','M','qTTWLO@gmail.com');
INSERT INTO privato VALUES ('mWqdLGZgNXBdbOcz','ntinXVAwFhoOpEXPGdct','HtOLTalDnDkCAUydgDwp','F','nCjFDJmv@gmail.com');
INSERT INTO privato VALUES ('AtLKkpbPrZHnDAfy','LnyYtVswGdaoqXwQqGtQ','aceBDweOeEcJhlcgUcaZ','F','mMnAAS@gmail.com');
INSERT INTO privato VALUES ('nbBcYRSUcNnYixXN','qHnousilmUflAdiFRDIf','QqQNUfpfwEtMAjlewmdT','M','CHBwV@gmail.com');
INSERT INTO privato VALUES ('AyapSPqKkYDAJBQd','tNwxkNcXSIEMPrkQugsR','IAaCPZQuGeJlmHJvDgTj','M','nCjFDJmv@gmail.com');
INSERT INTO privato VALUES ('ZcaDVpBEpJCDfptx','OpkrdZPyiqeGEYdQiQhr','SwAwcmjTuOHdmSNUZPMV','M','xnrYksjvU@gmail.com');
INSERT INTO privato VALUES ('HxLUHhduHJazpGZU','JopAZhcseuZhrgofZrma','rEDBVsjOmIfpbOuRHFYx','M','MylZTbU@gmail.com');
INSERT INTO privato VALUES ('dTpGbsTXGZLbTPZz','nCiBXGriOAgqvtLtJJkZ','NXgsvUKvSaZXobHyimAg','M','Sjpco@gmail.com');
INSERT INTO privato VALUES ('PEYaIjeTExFWZagO','AvtvvNUmnWYlcdVPIiuX','dQdjHjFkVWnwQjJWvcFV','F','LEOPz@gmail.com');
INSERT INTO privato VALUES ('fvsxTqTUxbrZygIf','LpFphWvueSecbLLbxuQl','IWUrPPwprAiKnRJtvYZX','M','IrpTlpIr@gmail.com');
INSERT INTO privato VALUES ('hMUKHnzQRRtFMFXo','JcqECtdBfNUkTPOoxPVk','LXHzTaYDHBuWNRpLmfSk','M','SZBoj@gmail.com');
INSERT INTO privato VALUES ('YfWgeQjmJRAdvUTL','PrWyiuVwtqUdwhKjchcd','PhWREMWtwiNHFaYcHPVR','M','tuhUPgDy@gmail.com');
INSERT INTO privato VALUES ('deiRwzUFZezICLkS','RWkDBhsrQuMOeTljsVSz','jilUrEpusVapQNymywWM','F','QXuIp@gmail.com');
INSERT INTO privato VALUES ('NSbcxlXVRHEEfeZj','vdZOZyBQjlLFwpwETYUO','HjyhYjTUqWrnFRNAApvJ','M','wIXgQ@gmail.com');
INSERT INTO privato VALUES ('SVTVBBuolJzdZqlX','IclePoHQKkMNdPDojxSt','jaDLLFNraKRXLovvtKVM','M','xnrYksjvU@gmail.com');
INSERT INTO privato VALUES ('QEPECAtXcWJBnPjZ','rZIKusQOWbRpvnyiXEvB','IaPLGOhnCcqbbsoMqJKw','M','mMnAAS@gmail.com');
INSERT INTO privato VALUES ('tXzSDtzusgxwiXdT','JzMHuhPNWxDvrRmAgQTb','EsliERBQCMxyhIDDGKCi','M','CHBwV@gmail.com');
INSERT INTO privato VALUES ('vYmhJlhKPcqqVhle','rVMVNBpeAeQLEphzzykr','VreSqBnfJCitbDNHnZdF','M','Sjpco@gmail.com');
INSERT INTO privato VALUES ('fSwQhBOLWrzVovEA','ovDWMkpWaTYtNWkEiZDq','WdVtqOBKXPnBgZXFEvgf','M','yXGIVE@gmail.com');
INSERT INTO privato VALUES ('fKIIaMcWywDReYyS','rGwwZVmSpuRgSTWruomS','soTsXvSqXUCjCyfMZRiY','M','LEOPz@gmail.com');
INSERT INTO privato VALUES ('bFbjQukXVfBgfQwD','nikhkLbaqtquKXdgXWJh','AeqnUjjFiNnXIYNSbJHg','M','MylZTbU@gmail.com');
INSERT INTO privato VALUES ('KxDGEVdVoEbLkoxN','negGJmfkneRUoUQUhWPV','HZoHfQtDUfFSwnMSsYXj','M','UJFZCSN@gmail.com');
INSERT INTO privato VALUES ('NyvUxdZaZcncItHh','bQqdIuhNydouowrhenLN','rcvJcQqFQPCNyqpkDOXr','M','XLeAR@gmail.com');
INSERT INTO privato VALUES ('wdEVLocilTFPKefM','oHwUEKaMdHJstikFlufR','mhYlJmcGWHSCYmhizCEq','F','MylZTbU@gmail.com');
INSERT INTO privato VALUES ('GPyHHtHmdbAzyrRV','kygaoBQEFMqqDJsciwUY','aqHfxJzofVJHbYgnzeuS','M','RAgcmKYe@gmail.com');
INSERT INTO privato VALUES ('vjzQAvFNwlBwOPJU','LnSSTWiLIEOlUzLFrgBQ','jkbxLVvfzaCTuMbSfmma','F','qTTWLO@gmail.com');
INSERT INTO privato VALUES ('tqWIcgEyxjijaDMN','vBggFaqpsFtWDBWtfuLb','pyUfoSlgtitfYrTPFNoa','F','CHBwV@gmail.com');
INSERT INTO privato VALUES ('IHPzrJlQfUSeqTmE','QzVPyxbqSayLHGxvtrxm','OnABfwpJeJlSjZwnhQJR','F','njfiB@gmail.com');
INSERT INTO privato VALUES ('HWFshYNhTiOsFdRa','uIoHplTdzmtiqjrYgKHG','RORhaOqbkfOKbSmkAkuA','F','XLeAR@gmail.com');
INSERT INTO privato VALUES ('KcUDynjyUxYsEUWY','WpmOIxTpKtXMZfCpsJsi','MscgCcErYSvzYkCqgOHS','M','wIXgQ@gmail.com');
INSERT INTO privato VALUES ('lfOLQixcMhnmWTlN','zzCEFqfMNbsJmlBDVnEh','GGKWYiLrPUriXXQrZIoo','F','ojtezWQ@gmail.com');
INSERT INTO privato VALUES ('BtYtMxcJvrJrxZPX','XQghjANapesESEtvucPB','mIlDmLliHEteViOmEimt','M','QFDMAa@gmail.com');
INSERT INTO privato VALUES ('wCqZEkqqpDRSgSgU','beoLQpApgHQoBgJCgAuj','USEZbvIYNjIUvRPPvkGf','M','Zbdkn@gmail.com');
INSERT INTO privato VALUES ('fQoBwIwSregmxUmp','IZpdjkRPNADknebDYuyW','irpvtSfwFmCFCSpljBHL','M','ojtezWQ@gmail.com');
INSERT INTO privato VALUES ('IPzkuHzoOTRhNolM','zOBoXBpWQbhVICPjpeoc','XoWgpQIFKbOjCVaxCRIY','F','RAgcmKYe@gmail.com');
INSERT INTO privato VALUES ('XVJPmGwJLfxpfZfA','peVsnWBOgSBfoyWnEVJU','ZIPkYItvkxyPyZYMGCWU','M','nCjFDJmv@gmail.com');
INSERT INTO privato VALUES ('oMtwLcatphFfYkNf','seQsmckQHPaxRWAwvJrj','YJghqakYSVdhsmOjpNik','F','wIXgQ@gmail.com');
INSERT INTO privato VALUES ('KPbHnazWBHPWEvZv','QixmghIJcvQSQpnGTaPX','fFUkggkfDApFSeILAoRn','F','RAgcmKYe@gmail.com');
INSERT INTO privato VALUES ('rstGCCvTEQQHzAnr','PzBTFyUCYwYmPQDpIomd','UCuhxSGJpntjvTaNYkuS','F','qTTWLO@gmail.com');
INSERT INTO privato VALUES ('oGyDNelBbslurubl','AOPGpxtpIOCDALFqbHUp','owKEmahHQpDFNHWbBceV','M','XLeAR@gmail.com');
INSERT INTO privato VALUES ('TwUzCBQuwMFXjfrn','YxCdvVQZvNKEUakreXsO','lWVQoOjaHyvuhijvfmfl','F','bcgSkHg@gmail.com');
INSERT INTO privato VALUES ('CgoEKzJkrSMqvFPJ','hmcDnCJtkGFKHmWFYwjE','HieZvITzJiJLFQmrQBbD','F','bcgSkHg@gmail.com');
INSERT INTO privato VALUES ('sIhjqVZGQDonwcay','yfsKCdyAohhYAfRCycso','fFkcKczfTAJygunTehDC','M','RAgcmKYe@gmail.com');
INSERT INTO privato VALUES ('fRWZTgWfeVhAvDHw','lFCeUtnveTsvIChAADnv','cYaevMyRpKLJTcrPuTMv','F','nCjFDJmv@gmail.com');
INSERT INTO privato VALUES ('BbGQETXqexmwHGHP','jjkauXrnhELXZmkyNvjC','joVqUvJQuXHqqtKIXdbc','F','UJFZCSN@gmail.com');
INSERT INTO privato VALUES ('yeBSmDMjufcXcvyg','npBrkKoqMrXpOrohDdWx','SVakRJrUoUizOMJExyan','M','XLeAR@gmail.com');
INSERT INTO privato VALUES ('ZjWfPBhBjAcsIwua','EnEINShoTWhRSfHtzLCY','kmbMIrfWhwfHPVcZRLDa','F','SZBoj@gmail.com');
INSERT INTO privato VALUES ('bItYGHVnOhRJnOfi','tlRlMQmEGurISZcbTfUj','jGcwMUyhEugUWEXbdDrc','M','LEOPz@gmail.com');
INSERT INTO privato VALUES ('uCbPUOojaTPiWigK','unefjkLRsUBvHoqGHNXF','OCSBkYFnkMqvtOTreFJF','F','iVHwN@gmail.com');
INSERT INTO privato VALUES ('xslZMVYyckAKFodz','UGTdtDHhFeGWnkGkMbHi','PtuFtvhjMVagdzpPMoOp','F','wIXgQ@gmail.com');
INSERT INTO privato VALUES ('JPyXBUQyKtgbOqwk','MUnDMCiFSwwccAIhSHZa','utKNyJwFhycaXhxrIbxE','M','tuhUPgDy@gmail.com');
INSERT INTO privato VALUES ('VLHyBPdnNRYcBWah','yPeIXwLLPqOamLaTtihM','LOcInzTAxREDSKnAKoYr','M','SZBoj@gmail.com');
INSERT INTO privato VALUES ('ExXJHDKsfLKzqOEt','kfRUXwyBGjRlqMqssjWn','UtbRkEcNKilmbBSyAypm','F','MylZTbU@gmail.com');
INSERT INTO privato VALUES ('nBQWbKqHhXHNsDgE','YilxgCUXlChFGMBtSBYv','ymvykNthQEQSreZUdgJw','M','iVHwN@gmail.com');
INSERT INTO privato VALUES ('AQnsjtLICGhYFtam','cZHrRjhVvULZqNdHlmym','lgRgVngQpaXInGbVvNZm','M','xnrYksjvU@gmail.com');
INSERT INTO privato VALUES ('HQAibxCFLeNuxZqc','AkqYszChdzNHMWqBJeRu','gHpjZGIVrJptHmLALUgX','F','Sjpco@gmail.com');
INSERT INTO privato VALUES ('OMWynBQgswlGAZpB','EVtJRqnDZCFonIGnnzWR','nKqcICKkbmegeYzjsTOS','F','nCjFDJmv@gmail.com');
INSERT INTO privato VALUES ('pkFwKSvoxKXmqmzu','ZPWfNvVkPDyywFxlQGpQ','wNyCYnrUAAzBWYjBBRzi','F','iVHwN@gmail.com');
INSERT INTO privato VALUES ('gJDlEupBADfhwrjx','pVUJgYmmMDLsvwaYNpTe','BCOrBJKdkJdaBnxHrcCV','M','iVHwN@gmail.com');
INSERT INTO privato VALUES ('IImodjEUqZLHYxTl','SbflStgsboaUMxARzJGi','gOOcAOABsZPSiWxBXcRu','M','SZBoj@gmail.com');
INSERT INTO privato VALUES ('cNDFGvbPlLcgMSBU','OPKmoVLVvbbrscprpNfh','lcIFAqfjQYauJYQPqnVC','M','ojtezWQ@gmail.com');

-----------------------------------------------------------------------------------------------------------------------------------------------------------------
CREATE TABLE azienda
(partitaIva NUMERIC(11) PRIMARY KEY,
indirizzoSedeLegale VARCHAR(20) NOT NULL,
ragioneSociale VARCHAR(20) NOT NULL,
nomeReferente VARCHAR(20) NOT NULL,
cognomeReferente VARCHAR(20) NOT NULL,
telefonoReferente NUMERIC(10) NOT NULL,
indirizzoSedeOp VARCHAR(20),
dataNascitaRapp DATE NOT NULL,
luogoNascitaRapp VARCHAR(20) NOT NULL,
cognomeRapp VARCHAR(20) NOT NULL,
nomeRapp VARCHAR(20) NOT NULL,
settoreAttivita VARCHAR(20) NOT NULL,
telefono NUMERIC(10) NOT NULL UNIQUE,
email VARCHAR(20) NOT NULL,
FOREIGN KEY (email) REFERENCES utente);
						
INSERT INTO azienda VALUES ('60417718619','IvXIzSNjaZZnWLexTJNY','KObxQSrqkugmNmcOGJJD','NLpxbaRLASsjWZfUjFgD','QgZViCejZsDrDJqZgDeH','8365977360','VtRkIiZhtghufbAhKYjB','7/10/200','cDUBLHgcKuGEeAFRTJSQ','vKGtnkREaHrGZfXXjIxB','CebVsNzyUgHjcjKsGhZF','GYORKMJMIyCeZMUTzhXS','1444679788','XLeAR@gmail.com');
INSERT INTO azienda VALUES ('89354965661','szqmzwUDYPPrBQvNxfVN','jznXupognooAGAgdksqA','SoHHaOgojwTtZJYZRJLs','TMtbHSHnGFzmmDaZuoLq','5705339841','auexYISEyNIAeqoGICGb','21/6/1790','JhekcRqQvZuVzuuaUXqh','mMOjIqWrXSBvRgjOPwvG','KADHoItgGSYAAUgBlcDS','BtvbPcISXMfTljuPopfq','3506275702','QXuIp@gmail.com');
INSERT INTO azienda VALUES ('90573694844','AyPfDbAPBmDtvGUmVYHO','nCnXlyLixGMgNiLbZGXI','XFgAJKkrhexkAIHnDcDO','VZvQAnOTlsNPQIZeRgxR','1147625540','nHzNYREPZxcwImvrORTK','10/6/140','wmvnOfVlhzSDHoxbvUvi','ZbfeuCyHpjIRdlJOVifa','hhEhqJUXwSPBfnonTojv','nmEcRJRvbMURCvdXLVYI','7048789308','SZBoj@gmail.com');
INSERT INTO azienda VALUES ('20826817725','AxwItrucnVpFIkOLDoWb','tyxWRWbcsXRcNpjUBPkx','ZwqksfRORiDLoMzpnRYr','tFcTDOViqfVtafRLcTsE','8638077143','ESMMcrIBJoWjErlrtqyj','26/4/755','AVLaqacWrKpZiyOtcqCJ','WnXTZGVmOIBKQVDoxIwE','FEzMMSsAuxhxwluKOHev','IGsiinWiRTgPnLshlNlx','6018520298','ojtezWQ@gmail.com');
INSERT INTO azienda VALUES ('59049754098','mihPOOcOnXegvAdujHWs','EcEGmYOCvpufpqWYvfbZ','eUpFBWiagDwHEHGQmAFU','NmXNNkHovItjEytQzRZf','5400168316','WMkgsXUCFZaiCAdZIdbP','3/10/1530','DSVAkZFqVskyNkjruVCm','IWYDIpnqLvyghELuJsRS','xTDLZqhYlDriTAIKnCKt','LoeraeTDiiSnkyjUUXDl','4608461454','qTTWLO@gmail.com');
INSERT INTO azienda VALUES ('13541520837','vJQcGDWaZUhtRoAgPkqA','doZEfZFtBztdxxKulNmG','mMZdiEjpGSzdBARheeUs','uClGzKXqprjTRfDcGFim','9998661107','sMowZAjxSExFoBjQVURS','24/1/743','wnFuhZcDPHwOLEhmCLVg','kUvHpmYWhqJykEYrBKfF','wJnqlnKCvVzeSOqWAJTE','ibnkPTHxvbdVpDojyDRU','7702246092','nCjFDJmv@gmail.com');
INSERT INTO azienda VALUES ('99282409578','CzMjclsVhmhsreZJuyRi','ZpfURltInxbHDLWrThVo','oLFslpeiNyDdWtUFNtog','wKYNqtYUwUxrbwrrqDzJ','2762396336','ZezVkiRbpsaMrMFEDiRs','21/2/208','TpDQcBqQNKKxojgvzTMC','WmErwIJEkkmJNghYldey','RLzyOMEtAuCAnoyiSQAM','WQWwypXoQjCdRGjCwOnS','6462087060','nCjFDJmv@gmail.com');
INSERT INTO azienda VALUES ('79995007074','wmbkNyoLudplPTjgUGzP','cFipxJHIYrvcnLNxmFlA','gfLNvRyPLLiiTloshQpq','wXDrllQitdxipQjzyFGr','7671878953','QZUiTqJvVNoIvsfJZdfy','18/4/1536','uHuNnHoIQzLcxyMWkOyr','iqMPBUNbxzVwakonRSRB','uTuXaXSuERHuDvcsUAJF','eQUljNkiVQkmRekqbgcv','8930165575','wIXgQ@gmail.com');
INSERT INTO azienda VALUES ('58475980674','OuhfupRcrYbzkJvnStDz','KwYRPdWbMDbyFWDoqLJm','leaXyQbUnYGkfLffjKBp','NCGXiqNvMZxkJPzHbcpg','0187283852','wXewGFrhJwkXzjxPFSvP','13/8/1483','NQQxLrojXFHuuwxWRdkl','kamuHlffTLhTnNpNnkwE','EetpZwVVCPGvRADgHVUI','FOfJxcIsOKsoHMuYckld','5483841848','Sjpco@gmail.com');
INSERT INTO azienda VALUES ('70150516200','HXEKDjJIfmrHoeoEpRWQ','JuAYJXrAZWlmyHCUVPkc','rQpPAnbtwbCoogqXUfyR','oePplIRTpIvvQiObspxf','6477674821','NoMGAAgaZWjIayzgUlzK','15/5/864','lOqqOtVAptkRQzvSwSAH','CixYeGadFNfshrvpjlDd','UyyOYzOJIZoUqEdVVCqa','EYPwKRRROGTbOnOVHRjk','9293466965','wIXgQ@gmail.com');
INSERT INTO azienda VALUES ('95312843616','TijseHNIWKJKPhWmKQCw','wsjBseoqJEkVUaZWhXbA','grWnveRUHcGKUMFXVuMc','FxlaRKGvqpqSwHKVPdgr','5484509257','hMvFkrZRLICslCVGeRjC','24/2/1600','zmTDOCCffEIEWDbjhOAz','EsNYloNYbRjZDEmKbqQL','WLTQjkDhAlTiwdikEXge','oBbDgFiXBRifJQsNPgsL','9482940051','mMnAAS@gmail.com');
INSERT INTO azienda VALUES ('74307916322','UWxnyyIUzMLSbyfaORsa','BNnRCFsuasHsPClPlBFo','eOwRjsAleOGVeckMwRjf','WQmzProVAXQKltyxwate','5118349010','VyYMXaJUAzAHDTlLopre','5/4/96','KzeDIcphNkgBBYKeYFWP','vpnkOdpEIKuteAHbeHak','XRFbwropUbQBMYagAkMU','coZHjtROrOPrFUhxaozU','7259845792','mMnAAS@gmail.com');
INSERT INTO azienda VALUES ('45474072801','aQmFBsayLGxSlQdPmwSU','aXezLyheOYYhoCaHxHBX','skWIJCefxvaLicxgYFmI','SQpvousDztdXJdqDwZhl','9599057935','nsyXuCegxkSrcisivFmr','24/1/350','pajZAsbxGGYyLTIbjOrk','uXOifMjlbpysYufXkUvz','tVTPjiBBEyDtMZVihxZa','xWDTJftkSMwGHeRgjsKN','8515332872','zWDIikr@gmail.com');
INSERT INTO azienda VALUES ('81358689161','NMjgLkcqhxKuTDmvruyz','GnhMuvXncNRxhWzrLebc','ELYiEwcLUbfsyxpskRVd','SJHdYlfTjJPUOqXIBZRt','0023621898','atvJanbFkXiIvyHqTajQ','26/8/2007','AklucwukKNdeORxeBuLu','iJBDyhaklYWnlUBpeePc','bxwqJVKfAmNxSwDKlmHd','idmqWicfkxoPJywAXUKG','5660342599','XLeAR@gmail.com');
INSERT INTO azienda VALUES ('74612900400','WCRvRpeSPIAgwASWtmgV','ShxVDLKMjDQRouOXWxrE','xKIuGzTikpgorKVVFQTP','NcpYzrDZalEtCdUCeYUc','4268335205','gksZfgfaGePrQxtsDFoE','2/8/840','jHZuXsLOZJtDbMxjGUJw','hgaghjfxwfVmNayNLTqk','MHcMMUsKrNkkviGcZrrf','TSYvtyHwYaFSPiwhkXdx','0095558939','MylZTbU@gmail.com');
INSERT INTO azienda VALUES ('22711626018','vXdozIPiIOojMMaTgLSz','nwPSQhbMVJFJmPdQjclc','zyFsWVfdEEdyeopMrzEe','GGpNqbzTAWMwJswEbVRF','0574306171','nlHHSAcIuqmQrMuJBIhb','26/10/840','FlLouGLyUrFeDLKSaYuM','eeAsfeGKVXZWEsLTNzZE','jxtViImWChNBhtmOqNEo','xvJZstCBrltyIcHmNhdF','7812776281','zWDIikr@gmail.com');
INSERT INTO azienda VALUES ('86844860240','SYveqKFLVrnErBpAkZhk','omLOWhtuOQHeucnuujMa','inwvRDjqnlFrdYcMoSqB','QsvpawLTeAnFnQwCsdtM','4065039496','DiprAEvXBkuviKLorYuQ','17/10/920','LTszUWlvJIEMJaTOxmzB','pqCuDryZchAYGUQvtuEu','rkuoEgXwmcrIqwqhVrwB','DHiCnHbAVOYpKOizemVM','6697275911','QXuIp@gmail.com');
INSERT INTO azienda VALUES ('26167681279','oAxXGvfRYoeVjIxMNdlE','XIZXXISmxocLFJBzKIJX','mRRFTZrwyfqYQuUHswSI','sqxzJkYmvCYSQsLJoNKG','8977902057','HQKPEXBpAJvdLsXtIElT','21/2/1498','rUYwEfcwNlMcxbXXBniI','cPVFmcUZgIHFrTXhiMZt','GKuzWDezaXgcXwVjLZPf','YpXmbfxZqKJyXMGlcPov','9799313325','wIXgQ@gmail.com');
INSERT INTO azienda VALUES ('97163371435','CgLiRQCYHRYnvVGdwnpT','PJBKwTlvXrrmRjDLGnaI','mTvIOATMVVkidZKYDcnZ','PGRNCBsWfTtpjVEDxoSf','5421302238','UtIHjbezdlRPpqhRrLao','14/7/1031','aVWgVabHVbRnwfMxDLHv','cxhIzzsLoWsKLaJErwux','pVGNXLRlkyHwZMaQifWC','IZRpUltGcpaxhFEWESKy','7826457821','nCjFDJmv@gmail.com');
INSERT INTO azienda VALUES ('73299548693','urLUfgIBuXWttKtliSpu','sFfVuivSQkUnXNJlqneK','pywYKQYhigmxTgyBGDsM','ACGRzPihDGmGFUahifEu','1153626792','FmPEPWmydNFCOVUTdvaZ','12/11/719','cJjcbktQoyNpchOVkSpd','DTUnAGfUFryjnMpWZgJX','KRzyaLeuIhApxXaDExVp','iaJLrlHDImQQMIFbdqAC','2986161250','Sjpco@gmail.com');
INSERT INTO azienda VALUES ('32371149506','gIqoQmhvVPGZUQBITNxA','zvyfgOISuDtPrMWeAfUF','flnmKEeAmEVajhcDSwnk','OFWkaxksrlxselRzTSzg','0712296441','OMTmeIOgBuLRJLGBNzBI','14/5/1255','TaKUzyPyeShYxyIMLzAH','erDbfxixoMcdNrkBNTfI','cyVnrlzFoQVgBBBdfEGC','WhguMAuvtFXJgOlJyQDY','3929926133','fAqFHvgS@gmail.com');
INSERT INTO azienda VALUES ('69717223790','ETQaZWEpKQLjKvCHUfSj','qccAquWSdzYIYbyEtxqE','dyokXOfeNVrDdeHnLRIb','PVvIeogOAJjPdvBTadQN','1351251598','ZpgvdqRFxCQTthpVtqwp','8/8/1314','YcmVxIAHzlwHhNiyHncW','BvRSsJJhJTdpHhwReMfg','dPHywQRUbwLDmqCFaYIb','KdMPupqwUunlTzSLXytb','8938398979','SZBoj@gmail.com');
INSERT INTO azienda VALUES ('80907213537','GsuUtJsIqbYvyFLOsjMV','YsrIvcrbKsnHHIPPzdMu','kvDYzmhERhKxzoMgOviR','anWGIsrsABLkPmCwcPRI','6668377057','cjACnwnvDhKpSFIwzTto','5/6/1728','GuztSVgmUPcXhLHzHiZv','CmUdjtlWxCofoYWDpIFN','aJqbbLDBbRNOIwzChlSU','NTHqLsiLtxqNvIpEDYMO','2362284970','mMnAAS@gmail.com');
INSERT INTO azienda VALUES ('80644182710','qTbHrmLnraqkEFzNDDuD','wHskkckOEuvMOLSXqQds','bHHulmBKtAHSRQOAoxnl','TDvypKCyRFvhzVUlryGw','0577532606','ctRBaiWtBSgVLTTvYYly','14/9/18','BCZQtfIucdzbLRVunHIm','cEdnsFgmpDvXTaUxOMwT','KDiMwzfkHaRVFIXjegHf','HZrGULJncnoSfXkDVCfk','8804663851','zWDIikr@gmail.com');
INSERT INTO azienda VALUES ('94356472664','xHvBPldGISPPOOuTzmLi','jgbZEHFKYElwRGiuLlzE','ZFIGxPkSbdQmJOODXIlF','SQdtLfYJkeqWMyrHuELU','7180344739','HAIrsOqNdKWnCYIZImnb','16/3/1677','YSuRMFQqftHmZwHtMGpg','QTTZQmOmvcDbtGgDhGQT','dxEAgFKlcmKZxQVLQyNz','vRvzdfUJjCSOPGJvnGYJ','0593745781','ZAiVpDjxp@gmail.com');
INSERT INTO azienda VALUES ('32111509351','VgFhOKtxQEdvAZWGtOsR','RajwSLhSvNSGgqtVNzAq','PFgUcCjQvoIpMXuDZLzp','dRPmfDbHvsxGzVqlSJSN','0870983072','fyOagziBZDHxvittmlQP','2/4/1464','XvgFlCYEyhHBczBzlGhO','goVUEJVptQOjsVEODAhi','KNlIbULAqTVyzzeblwmz','vXGIcyDoWjQWeskgnWwh','6854798674','iVHwN@gmail.com');
INSERT INTO azienda VALUES ('84137910532','mSBUWZBswsrIWPBPUhAs','dFBQBeDfxxLhUhTMzOrs','cbsHtRaZMcRqBMVDgLYh','EubVXnfsPUVJZqiTyGwF','3462499693','ABwNrjMnodQVCCOXAMvx','11/8/1599','lYsofeqlOOTUDSIbring','pzNOjFTxxaFisHLdxXKf','NSEMXoiAxHATGUQJfyFO','HTCuhobVrzwQnDzVStHM','2012763475','SZBoj@gmail.com');
INSERT INTO azienda VALUES ('03749559679','YjfxsMxjcmtBeYImjmnz','oYWYnwxjqzCJyIMhjsSY','MlHyeQlcUSJwiDgNGWnr','udfveGhBEXplvmvvohOV','3565714232','DVMIpzOgFhzIpVhXvDEd','27/4/1795','eSYAokzdfZXiCIEKegaR','xIJBiAyomllhTToaNuCN','GYuFZXnlbyxsRSkAhxdO','aIJvkeSTReugirHHHhsl','8549863710','CHBwV@gmail.com');
INSERT INTO azienda VALUES ('79691980905','ppZWLvqJZrdsZOqKQlhJ','VZiKyVxJdiEHzaKWntRq','GQUkeZrGBJArzvDMebfw','xgAhZXrgUACOzZnirgyx','5211429334','LntrPZUONXtTeOmWYcdv','8/8/159','JEmKgEiLOlNOXVFPcRUT','quLalxodZobAHmJUjAMl','tdOyUuMQAMBURNwGLtgQ','mRMBuhFGumolBYTBhHFD','4979053502','iVHwN@gmail.com');
INSERT INTO azienda VALUES ('84758977403','gIVhRPUagUCMjUSNQxFd','PupAROufRPcUmyjMgXTp','sAuMJnwgsFySexkWelDo','xgEkRitonjaOvznqYzmk','7578962589','ZhzjwNhnsgQvEWMdoned','23/11/725','hIYZLvIGXjKVNrqmSblX','ljxWKsnweknsxcxiTHfc','uKxiBMBBDilZNWNQskTj','sQgkRsYCMmkAIcVcEMIL','0149877525','RAgcmKYe@gmail.com');

-----------------------------------------------------------------------------------------------------------------------------------------------------------------
CREATE TABLE conducente
(numPatente VARCHAR(20) PRIMARY KEY,
cf VARCHAR(16),
categoriaPatente VARCHAR(20) NOT NULL,
numCartaIdentita VARCHAR(9) NOT NULL,
luogoNascita VARCHAR(20) NOT NULL,
dataNascita DATE NOT NULL,
cognome VARCHAR(20) NOT NULL,
nome VARCHAR(20) NOT NULL,
indirizzoResidenza VARCHAR(20) NOT NULL,
partitaIva NUMERIC(11),
FOREIGN KEY (cf) REFERENCES privato,
FOREIGN KEY (partitaIva) REFERENCES azienda);

INSERT INTO conducente VALUES ('afhhikHhwOLMMzubJlum','OzZbmSEgLRPnCtlR','jkNpvhWjdrqEFADnFdes','ykcHZItAw','fQnOjHtPOxLqBWpXXWuo','6/3/1988','JFWtThytFiywTvQUoQBV','FrGaCYvUMTkFVupaPmDT','QwFBIyshMtVyNoptbgts','42199318244');
INSERT INTO conducente VALUES ('OndXCrDuguQBQqOHdTWv','xXVMlFRdeoeCmBgv','BrFbMODTmgMXMbpsXDTY','fEbcQuRFW','KzzTyhTspHGHScvDRWob','24/5/1972','fJlKgJELSoRdfylOnzfQ','xFgMYPCTzYOcWSTbwoSx','jDBLnerThmZTdxGMoakU','99877481479');
INSERT INTO conducente VALUES ('JfRGaYXtNzmKTcOwtXvs','fvsxTqTUxbrZygIf','IsPAGXogfUTdFQDdvrmC','MbUrIRLXR','OIthqoqcVXqVloUZvBgv','17/6/1953','kzGTXuoRZFKDCsgmbyWH','KlnONTUfGQiXVVIHDWMo','nOiqfhGlqSedTUWHrfMq','89508873347');
INSERT INTO conducente VALUES ('aMjcCQajOFgrajwdZtzt','KcUDynjyUxYsEUWY','XLqRTQnCklbaWeitfkAO','GAOYAZXSq','cRdcxxxTQpKCkOumvTPm','7/8/1997','OmGZKtHSqXDOtnlJRuSZ','DvQaENVuLfkODlZrcAHG','ZnmzHnXgpSEFBTxbojyQ','99877481479');
INSERT INTO conducente VALUES ('MzZUHIvRPevTbxJMxmtY','fRWZTgWfeVhAvDHw','lCcEUnFRsNYIePChAMWh','lIJSKhWKM','qWLxuxlBkgbqPChcVggL','22/5/1982','weOurrHpqwRevddJiMip','jiVgOJJjUHchcEhHdbrY','CmSAqBWDavSmMXyGUXaI','87276207930');
INSERT INTO conducente VALUES ('NwzEEIgonjfMFkMJMiHQ','fKIIaMcWywDReYyS','UpSxhtrmsbcFxjbgIOAI','JnJKCViCN','ssjpHAvRbGnEwrvepVFe','23/4/1966','NhVOKrudTOCCAlloQncJ','hnOvBUQvcWylJQZgDlyi','LVgvfTqMtKZGiNJQPNaH','84803864856');
INSERT INTO conducente VALUES ('eekGoNEzRBZrpLRTPoUa','xslZMVYyckAKFodz','aeGqfyNcAUkkvMrgpgvp','dwpJGbpFq','NWiGzBPBuEXqebmApxad','4/4/1972','YxDhpZvIyMKmeIfhLola','JaDvOzQTKIXIdysjEFUt','ZxQUYtfRHuacxPWYJOMu','47166880951');
INSERT INTO conducente VALUES ('dWwrqDrvKlfBWBaWPcCt','KxDGEVdVoEbLkoxN','TGCdcjbhYJfABSELzHoj','NhSJoqqMj','mRnOtrESUWIrzVWPaNSF','20/3/1982','uloTtclcqgXSHdeoBaqE','wAZaVXVIAperfQGYlLoN','PrmNKYacpOXZgikCuDFN','89488889799');
INSERT INTO conducente VALUES ('EaRrTdsjQeLsWLxoxLbs','IBShksejGcGoMcOw','BLDeNgDusmqyWcVfyAUP','IpTypefXe','nlKlxOCCthNTPhHqRrkD','26/2/1998','ixxbTIBMJVdvzHghWDjY','TCLvjOPqleYDWQdWxwDX','KzEEgVZuXtSkrTykXMVk','22000952273');
INSERT INTO conducente VALUES ('RMhieGnkbHassJBiNpZy','CgoEKzJkrSMqvFPJ','kUoLgQQbgWzAMWTgpGON','VSMWDJTYR','urESzwOXYGbccQaJoLrr','25/9/1996','bjCyNDJvRdUBwXawGjbl','iuemcFOCAAMgPbgEtnQn','WuXxxHVViGCNxkvsEGds','21794726119');
INSERT INTO conducente VALUES ('blzZehcUXuEwFkeUKWlw','zqWQMAuyKKRvDqGo','RhdFjcpfxBVarurlgFKY','bpCMDzoVw','JzpOuuSWZgzRIInpcCAk','6/10/1982','eHGJHFLAjjQAdZeuqpKv','MEinpfqssLOQbsidVsyq','eVclYkgerrpDHTWxwyHF','53472566516');
INSERT INTO conducente VALUES ('zkuFylhPsRACVhMtmNZp','KxDGEVdVoEbLkoxN','iOIkslnJLAClkiXIhrTj','TzmuqksUs','EIwFsDTtWduEhZhnftOU','10/9/1970','owkZGYDbBsMCpruCFpIn','bpEoLYrrxpPBgHturrvv','ufZHMXUvmeDQcNXIWbiY','14523953981');
INSERT INTO conducente VALUES ('OIJgakqwERsxEFYYCNlW','xXVMlFRdeoeCmBgv','YfiFWrYHdxEhcTDxPIWN','MBosWCELI','jLTNlRbtFlZLknJhtZHv','9/8/1964','ilvVgWeGNVuVohwigsOc','KYawCvnfiJgMkTSWsRjV','WaPVrLZxTXKDdKddiLEQ','22000952273');
INSERT INTO conducente VALUES ('exJQNuSHWJvqbesWUNeE','IHPzrJlQfUSeqTmE','EetxLhUGkzvHLzPbvRdk','KOcmZFKgh','VFgpdPCrIoEmVAnvFmTU','15/9/1978','ElfbnNCjmkCaabkABzmm','fnccSFtHapVFFCYRUTSO','faoAseLUVFOdmwkuZXIw','22000952273');
INSERT INTO conducente VALUES ('LCaTdnOkrhlqoeruSCuB','ZcaDVpBEpJCDfptx','ZCkfjlvEnWbcZrgCVJWP','QVMxSESEN','ebXioZAfmiCykbXYNwjv','19/4/1993','OSTStxbrhFVbYWjFkOGS','VBxYoGPaZkphUHunHXkq','mXCSfnkzUMkQslymduyL','84803864856');
INSERT INTO conducente VALUES ('OKelpKoSDwMWHyLWIoKU','iNMqLneCDQvWnDWa','MyNErJpUyXYLNXMdzCmP','ragaFCiRc','fBYBAzIiEPNaudPTrmKu','21/10/1951','VXLcMIDZOLausUaJCEnk','hIvFOOCJGPqEZsonjyRJ','JgwwIoRcgWbXSJaegHIB','87276207930');
INSERT INTO conducente VALUES ('GHdoLUnYDajmsxeeSwNT','iNMqLneCDQvWnDWa','suPxYOBRvTYoRASIDFan','ygyJqMWtl','jcaWwhgUNCGoFcPqXbfL','9/6/1984','iRPnnOmziFhxVAPYkAqx','NVKrKzFajPoMtigYmuib','NuZGXhxhftttLyQnwbAt','42199318244');
INSERT INTO conducente VALUES ('lOCDrVBWytAiBcoiuXvr','qLGlyDGPPYLXlcYH','eqMyoaxHEbvscjDWSGmF','EkZbzAfPs','OBEatjCwDVduYvVVPgeF','6/7/1956','iLoYSWIpNqETxjVSWpZb','VQOmkCHpgFWLCZrEDUnD','wmxmZSnTXFBsqOAUfABd','42199318244');
INSERT INTO conducente VALUES ('JXjavZxgWSLcTSSxvCAE','OzZbmSEgLRPnCtlR','XgpQoufpfAPZvdKUKehe','CdxNliKHN','mBRYPsHqtWGfkVzZJvsU','20/11/1967','CcyScscrKzHFoFIVRzhR','JRaiUHhzolIWYzQhZlsX','srStifGRomcDLhPjWwKy','99877481479');
INSERT INTO conducente VALUES ('ibXmMvfZInGLGUQgjCQH','wEYdjNrxOVNIoZAH','VVkJMczhYoaCknYDTsQX','AxQVRqfys','IdWAsEfPVmddWsvKDqAK','7/2/1985','zAqYdbdrMDvTgMVJbAET','ImYLCpPCgItgGioWevax','JbpQjFuQkdjtyiQMiHXY','88935915863');
INSERT INTO conducente VALUES ('LnNIBEwlaTDqgkmpIXoI','YfWgeQjmJRAdvUTL','eaghwXslSiJuMGjWoBfp','hZTbJmYTU','eWfMRajoZDQbdIDFvxov','3/7/1979','ZMWIfHKoUQuSNseAGYZd','YLvNRDxKpNocxYXJfQqT','mWHmcJQkRAPfcKxlfVvt','27094710256');
INSERT INTO conducente VALUES ('BodtwFUrBdSxcZcqOkdf','KcUDynjyUxYsEUWY','TvpBgpfdZsEIMFtJaIIi','DfZzeeJDk','OMAsESpuxStOxVvYcmaZ','16/1/1998','gYqJlHbwGcHbBaLUnGjI','lrignjUrxeatpXxOKrhl','dveXqgfszXwmcqyPLiGQ','42199318244');
INSERT INTO conducente VALUES ('YgMAPiPitPBQvKSIXxRv','KxDGEVdVoEbLkoxN','XAYekoprjLqxTnrAPpKM','EslZkWVUD','RxQDBLuWLtvggZrNtfpl','14/2/1973','EpPwnzIKobBciWWKFVkQ','oJaysqHpIJRbzjHjnqOJ','vPqVdzMTaoBTSukOpIDY','42199318244');
INSERT INTO conducente VALUES ('NmfWKgHbLvVKNlThwdnC','KcUDynjyUxYsEUWY','eLQbkpWeFtfuJtWiWQQh','zEzUmwxER','WbeQscksMuaAiGePggZY','12/5/1953','VDQttuuihGoWjpbnzMsO','hSuzhpUJdzMqgLJBNVYR','JCYKoauKZRaybQBaeYYy','89508873347');
INSERT INTO conducente VALUES ('OrjNlCsBWLOGFlrDeerS','fvsxTqTUxbrZygIf','cgNoKjjAJsvfvxiwGmdv','bOMacpplR','OboXaCvfZHiJFQWSpTiE','7/7/1968','SUJBTvLLZTinypTpFXXs','xDeaeINDhnPfNqpOjNck','SWItXfsnXphtWRWifeGT','99877481479');
INSERT INTO conducente VALUES ('sdkbMjppUTGnKyzVkqDG','KPbHnazWBHPWEvZv','KgQJzXXDQwaFQKxqnLam','aoDIloEic','aBwYdtgWeyBDooKnTGGm','20/5/1994','caSMObsjuXMVFIVplYeZ','LBeeXCyjInkKHYsLFsHr','BrlQtjMYiIRecnSLvsfP','22000952273');
INSERT INTO conducente VALUES ('OeYuIEuxLICSArfALojn','HQAibxCFLeNuxZqc','qYLFPQtjycjCdKvQuBIm','mbpFyqIre','iCylSVRicBACmEGizXfU','25/3/1983','pwRrxmtkBuvJuzQJViTM','zzpccJTScAiRuRIzUxEV','ezbkwpvhnkiblQpQTePu','87276207930');
INSERT INTO conducente VALUES ('UycFeYWwsFLaRZxlSxrW','oGyDNelBbslurubl','mEozcFAGehriswVBpybl','mAMEPXkjH','LjOkiyaAgcSuewqvSlyW','22/6/1985','KqKBjqBYOgZjFsskrpVi','hZJIWWlcXbGKMGDpSidG','jhstDVVTpMtOwmlnhybL','14523953981');
INSERT INTO conducente VALUES ('fQEgeIfFOvfBRckcCcaX','VLHyBPdnNRYcBWah','SZpItpTMJOoNtgytAGve','rRcZdpkwQ','SonfQvXgTASZySCVwxDC','24/10/1995','thXjZDXFmEZGixnfZaQh','MQijqHpVcrzviQlvkmGk','cRPPRQVJJgDNwpPwuHdL','22000952273');
INSERT INTO conducente VALUES ('aVEOngbzyjucXlyutSjV','qqrwgcZRfvtuxVEo','MrvYpXvAYDZrgMTANVUn','QlyQgjgbt','DIdpdngsQXqmHaPSiQDx','28/7/1970','bUPvqCLKVLrlQXcGGtmO','DfUoUNSKzZVOKoPFCqMK','BMgnbtfolyvcVQGPADWO','07513267789');
INSERT INTO conducente VALUES ('jqufxlgwsMGvVuELEGqb','nXjNEBrmhIHbgoaR','PaJjNWpnqjQJxTLLAqOL','xuUQlmsfP','BpvtBUoJBYGvONwOIaxm','14/9/1967','OAPRXfYFqHGgAMymclqQ','tQKEQkgAvbftVbtCvEAr','FhjmVgktoQhQqSYbpQvq','84803864856');
INSERT INTO conducente VALUES ('LgbVhSzzmqIAcAXfPiqN','BtYtMxcJvrJrxZPX','YIcqDuqyUMvxVQPKdsNm','fVknqmrio','ixnoehSIRSKSMNYWmiSR','6/2/1960','RlStjNswqAolQPdGgcHQ','gQTzujohShqMPQyAljKb','xxEtufiyDUAEZVGWQMsS','42199318244');
INSERT INTO conducente VALUES ('KDwLEfwFcUFgGgBsVsff','ZcaDVpBEpJCDfptx','CfpYvNKQhSgwDFsunlkM','fDoPnucNP','HwpgqsaLTweAtKFHZIfJ','3/8/1951','SqiOhcwndImEfuUnXFuL','zPqAeUMdNPrUQOkbRtju','OMxTohdsTDQskIsXGUXZ','88935915863');
INSERT INTO conducente VALUES ('CwTJKhPdmHurDvVdrMKF','IHPzrJlQfUSeqTmE','lHFoaVXnEeIJtvYdJfRK','ZxyMvGajg','SxzlgFxuXGQhlOOuCgPv','19/8/1967','WuNxPkHKatWsUgCwlwrz','ugDlwtBvYGJphNaQVMKN','AbjAZyGSaGjsxRmnzpxo','99877481479');
INSERT INTO conducente VALUES ('NvBQJXWgeiJJAqwgAiIm','QEPECAtXcWJBnPjZ','uAqKweSZajPTMvdpeeQn','AyCiOJsWo','bxrNzWwohEIDVoDvDEju','23/3/1995','GvFJbEacbZibVMMrZQWW','qPyjHKTPQGfyVCAifFPN','EbrXJbEbdkXmZdjONzPT','89488889799');
INSERT INTO conducente VALUES ('RqHLpfytNviMbLdZoPNx','ZcaDVpBEpJCDfptx','FIvXLAccsoLTgGurLtxt','ZGMjCrmwU','HJvXvCvbxcglpOrSphwY','17/7/1991','xVJgXSaAtDkptDjYxaAg','djtxwyRJooNmdDjaiurE','WWvyQgHEKMHwNysOkKEC','14523953981');
INSERT INTO conducente VALUES ('AnyeGxiOvwljjmYIgQtN','QEPECAtXcWJBnPjZ','xGrsqQJSBLXANVTgxPEn','evtrVKZWp','EjllyorAuqoDVqLOPuyu','17/9/1982','gWLCXtUsykKFOsKgiQxE','fRBAMkBMPqFqGFhnvZFf','awfTUkCXlBugwFrGlxOU','89508873347');
INSERT INTO conducente VALUES ('lVLpCNyQXXyjDtXauhVU','iNMqLneCDQvWnDWa','iJYPmPzkpDIJdlVaIdyP','HObmXFOpL','ypcujxYQqAZOEKtDGlXa','17/4/1985','BQcrqWQLZjVTWJgWwWOL','JfSgkJbRKwLQAuesrNLy','PQlIADsEPUcrPxThvUhf','47166880951');
INSERT INTO conducente VALUES ('JlFHTlUaOacAZMBPgjCt','vjzQAvFNwlBwOPJU','QyFgNeiEvEUXdRhJFEZy','GAOWxhdJe','KnRxdtMvrZiBrLfvXfHr','12/8/1999','tbDwIBHetphfwWcKOxLd','cgYtyNWlYTHTdVlBokPV','VeueEJcuvKjqoRIxfBUO','21794726119');
INSERT INTO conducente VALUES ('dMLWjMcoIzFytAgcSZvi','tZtmzodNNkiUicYx','pqFtxWdFXTMWkpGoJrDf','FXvjWjmIL','sstIagqhHbRbGaAcIVGa','18/9/1950','WaBNCZIVltKgWkVInQsr','zWSkTYtUnvBrEdbTwXoP','eUCQJArksbaAgXqjVxXf','21794726119');
INSERT INTO conducente VALUES ('YaAKMtuiUqynHinmVryd','BtYtMxcJvrJrxZPX','CtsQPpyRqOirgEAKeUBH','HhFnXOsHy','QBHRLWmqJnYoZDqJBYcc','15/6/1992','BRvZFTMSxUlHPITCWrwO','MytpFkoMzaPRRwvVrcxh','kcKoGRCzbwgnLPvLTgct','89508873347');
INSERT INTO conducente VALUES ('sLYgXsBfVoBglPjyRJAV','nBQWbKqHhXHNsDgE','emrBsGmbWWFLzQhajPqz','gvYCMvwHB','QHHWBPwlrmaWVGKrRkwC','12/1/1954','mEQwqnjoowIxbirNpvyA','dXsUGpqYFqVDWoQKxJwo','rAObkIHXsjiaQrFEPqIT','84803864856');
INSERT INTO conducente VALUES ('mxVMbGlczdyqnrgmIeev','eOszSPjgsZNOeTjt','ZBqkvvAbSuVIdekdijhm','ExJOvNsrv','VLetqTaldsGURXBOPshZ','11/10/1966','XYmqXDeYCIPwOeqXmAZr','RpTssxUyvQIdMJjvrifG','GbwDzypCWcnrQJvYjKca','89488889799');
INSERT INTO conducente VALUES ('VbxhduqPQXHlahwAMeDS','qLGlyDGPPYLXlcYH','iMeSKvSESotNEhvhWuCj','cqBcqrkzD','GJQrZPdOlkXNbFrHhzvZ','13/8/1984','mDewtwUxwaRdVVVVtBHA','rADtjUwwkNGkqrfcHKSc','CRXKZdVUEDdebCGeKkOK','84803864856');
INSERT INTO conducente VALUES ('hzjZKsNZkVwRjwvhytdD','FBYgBjnkyvvZlXHp','xdpTdCLJnNnxzEwhalHv','LDzfngyeu','sMcArlMbTjGzKoqUXZNV','13/8/1996','KbhGEqXJDgykagDVRMtx','NHWGitxylDtMBjJLTxIw','MRFjZywWKvzLWBuRMgnV','14523953981');
INSERT INTO conducente VALUES ('sMlhosUWxquStHyNrtTQ','xslZMVYyckAKFodz','bOOWCGBVwPpWJiVOquQa','FUqCoVROq','diENhTGBWkusPMwrqwgf','2/6/1998','CQQwCYvejkTuOVHhwvCi','LbomAEPzrqeXnjknZPtw','hfZrYUZIoGgdGJaLaXHg','53472566516');
INSERT INTO conducente VALUES ('QlpoWsxcCWtPzEtEyuWw','yeBSmDMjufcXcvyg','McWWiHWRfuzjtsqOsIvM','xCCRuZZpN','ejYRfvtMyqeIddRLqxHS','28/4/1962','UEFnsOKNzrGqplDGPtep','lVqLQDhztHxbXzLyKZyo','wKNgAdExdToCgzrsspsO','27094710256');
INSERT INTO conducente VALUES ('zrvDawlBtXSOBlMMCrvV','FBYgBjnkyvvZlXHp','EAyWochSswmMPjhRXtuZ','OROVtGDiB','kDFMUqeLDEfGlVrBQgdT','28/8/1987','gKKBDGUwEzflzvpfOpvP','hVwDAPAflmaCKJLOehzR','HQfMKCIQiPGoCwHguEhZ','47166880951');
INSERT INTO conducente VALUES ('ANyaHWJzSssMBTppEGbB','fRWZTgWfeVhAvDHw','HeYhqSbTDiazAJWgQyDS','XpcTlhuIF','QsHmIvdzPwPjsrVhAcFq','27/10/1988','NnXehbrSFaSJTFgmiZRr','QudkEmZplZXsmxVctFiG','QZohhvblmVlYICeMMkeW','84803864856');
INSERT INTO conducente VALUES ('EBbUGrTgQpGFnSwgsHJY','fKIIaMcWywDReYyS','vXurThEqYqLRvnaRTivq','OIftDOsnU','NMwJCwsYitWSfjfXyLmY','23/6/1953','cXunTiIUXNOASzSSskBY','jXkumqJidoeayAkWcZHk','CHMmBMtRQcLPjNDkuRLD','14523953981');
INSERT INTO conducente VALUES ('GicZFOJbyFrQaZOyWruV','OzZbmSEgLRPnCtlR','ZPSfIqOJHAhRUySkxPOz','dYWyHEEWv','RTLGtZfqBDXfxvDaKkBZ','18/9/1983','IiIcCTYexHmZdLidkfnB','UdKkHeicGqDpskZBMzTH','gqASkqRuuPODHZLNxSNJ','99877481479');
INSERT INTO conducente VALUES ('cplmkZwvOyrFLeusEBix','yeBSmDMjufcXcvyg','YZadRGTvLNUmGaLrETwa','jGsSHQToq','RaBEcRCwzQaMKkneFLTP','14/10/1976','pjeEqNFkPADyAuRkTKXJ','OWAejkmSMMlymWmuyYbr','gJxrczVBTCNXmleAxMFa','22000952273');
INSERT INTO conducente VALUES ('iAEJkVPNgmGVzitKiajU','wEYdjNrxOVNIoZAH','fixaEImjuzuobzAvQEEf','htRjUKVEX','rFOsGdewXogPBtPvgCaS','20/10/1965','XsLJxAoRpstznoOaYXMU','vVKSTogzFvEgOrKMZVfn','lvbPClYmExJwijzNsJlK','07513267789');
INSERT INTO conducente VALUES ('anKWjoQVnoxXICmWmIPZ','pkFwKSvoxKXmqmzu','naUyEnODdWdEpjCQKhOG','oLTxhtrnR','XLSjJHUqdhLxoFuXKLzD','5/1/1964','GrgRtpCWqiUIqWymCjEQ','geOQMpmYOSVvyoFxrHft','PFqMzarGSqcYzkowmqzJ','88935915863');
INSERT INTO conducente VALUES ('JszXhdmUGqBQprMMEFUn','QEPECAtXcWJBnPjZ','EIuMHskqBFhxTzRkWqcM','bwXSgzrYG','KeDAUjWUcaHsTenXhBvY','13/6/1970','qAwBCrGtMiuZisLDnSfU','AVFZkZQnUnmLUuOoKrHI','BkOfsocbDwFehBtMtpbb','89488889799');
INSERT INTO conducente VALUES ('GAUfLDJAJeoiKulbgIkO','wdEVLocilTFPKefM','JPkiTvPXJBWzZmOOLdbT','JHokUYYAZ','xYzKvMmUTePubyLmwLZv','3/4/1981','bRdnsFvYjzpwjLzCzCdt','KzToXRiYTNURnCOcPpme','pmXepMwMmaYdqqWxreiK','21794726119');
INSERT INTO conducente VALUES ('pFepSjvevRpmpWMqcFug','ZcaDVpBEpJCDfptx','zhAVGRaJtxTUvZqzwqmO','mTbXaLCea','AevwTtTidJCNWoEmqfVi','1/6/1963','FAQTXmNhBuiAJjhrzUwl','jbHUyUXQuXyTELzjrdeA','VBJLObvorwxhKvvmCFBM','07513267789');
INSERT INTO conducente VALUES ('mNDmShVhKtNsIPkAcRki','xslZMVYyckAKFodz','yimVqQKiAwHtffbBUUzM','jvjorjBRa','lHBLrcFnUskYTOlOAvyW','24/6/1973','OcVVyhqscSefIsGMRWCl','JnnMrMubTCqLZxEQpgUq','XJNlmmePXsuIfbojkmoh','22000952273');
INSERT INTO conducente VALUES ('OuKElGwZAJVBrUJTnenj','xXVMlFRdeoeCmBgv','VviIozurQMjLNKjAtUKa','BFWJdSgde','ntGyXpOvFkqNVinkyimU','19/9/1974','csqUwzTPxLYCWqSCYrqe','OorYXPYVBktDkLNvygLG','PPeQlBKuWwuJAnJQXUYC','14523953981');
INSERT INTO conducente VALUES ('wfSdohMNqzqXqfVaYFps','bItYGHVnOhRJnOfi','cWoyBmdqKxVfDEPOhgmr','PuTwQFtQE','PWbmYJvuHVZuMJTdRCuM','23/6/1959','DJsamvQoiKgQwaHCjtLf','ycxCidlIvtqEmqtPFovz','enVUObXnLOumXVdJFHOv','14523953981');
INSERT INTO conducente VALUES ('tbXSbvtDqPpwQZJsDXQF','dTpGbsTXGZLbTPZz','vqkhiFUUnYXVuovdJOZn','ILjeqkMZb','wYjKcgFyEuYhcqVmHTeq','18/2/1984','RgbzVuuWrzpZHQCvDaAC','cEkcxsebxCUKGCMLRCDp','orHxJtsFsFCkQWdshxvT','53472566516');
INSERT INTO conducente VALUES ('EKhBYuVMRalCqXAXyRIT','yeBSmDMjufcXcvyg','pGMqKlnamCNBuOdUNoIK','CqbrHpNxV','NwrWRFuhpGyGqUwZxjoC','19/10/1962','nXuusReuxtiehOFwQLnw','xClVkpAsiSpEXjBbzBqW','VAVdEECocvLpEsNjvewP','53472566516');
INSERT INTO conducente VALUES ('jFttYlgjlvIfFkQSooaG','ZieQPsUnLrlnfPqM','oNjRctUsixvnsWiwyCqk','ffMhgxSHG','adOXbbwWgeFhRGrQLEvq','9/2/1976','JDqljWTkceTBTNXhHHeF','mrhesGtIPXCexTcMiSFU','aXywzWqaChefCmSYayMF','21794726119');
INSERT INTO conducente VALUES ('GdcpeupDqTcmRYcVfnrz','pkFwKSvoxKXmqmzu','MSEgClHxMymGbHGRHrAM','jTNQhsGoM','baTMnzHFttbERLodflua','11/3/1960','UQkFcaLaSmoSlECXAHjv','sEHqeRkbnnxcrLJXaiXw','oOpJjIStEiBIhDCshtul','47166880951');
INSERT INTO conducente VALUES ('GLypNuGpydwMRFMZibxC','HQAibxCFLeNuxZqc','WDQBVcOTXpWXQIoQYYey','UzfIOcMZI','HNRpSSvhNCUEHDqXbCjK','2/10/1971','pUpJukHrgqmdsWkGmtqi','ScdXrIELjeMGPdhDycWB','kHLyYXQKtjdlwwIIobJb','89488889799');
INSERT INTO conducente VALUES ('MrPukaYiIdqPjyAKDaId','fQoBwIwSregmxUmp','UThrSGmMyHuHGRIhreWm','RnqobbAve','hjnIvZOTUiyakcGMBbEd','3/6/1973','ZOUmtJPgDBjHbfWvdoeQ','KPAhbJxYQQcRarlbYKCX','TpSjvCjcZKJLsEYzBPCV','14523953981');
INSERT INTO conducente VALUES ('pnYUUXPjBpOFbVZGKEJr','QEPECAtXcWJBnPjZ','orqgpLIEbdgMYcMeQLbI','bjriiRQtr','fHIekqsvdQHjUIMaDedX','24/2/1984','XSgxUZSmKbnsotJwPndQ','PxirkcwdeDpQkjzKHnTE','RCIVysXxlubXTJlrwPqe','87276207930');
INSERT INTO conducente VALUES ('mzIXUokYDtsMtcARUlBN','oGyDNelBbslurubl','QyLOYPrpvucQxaEYlciz','lrNQhdPGg','AxzbGwkKsKEUdAxvDjHd','28/10/1984','casIvrnXfQHvtscCzYgk','XRSOYyUpCWoOhrbhrEzX','wLzlFYEzhKARScwfgbDx','42199318244');
INSERT INTO conducente VALUES ('FpQFuHtuxRzitnRyEnUQ','ZieQPsUnLrlnfPqM','HJvuMMrACBeViTxjTPHH','VPWvGKYbC','NNJoJRqxSLiVhiZtxPTE','2/7/1992','jgTHSlngmkcfNdzcUwry','MKuPtakohvRFXbqKQxMl','iuinZSkHraLSZEIUhOTl','99877481479');
INSERT INTO conducente VALUES ('rUxFefpnLAUpYcZRLCwT','mqLIzkaLKrWhjcJM','NpgaZyFGIFpeTMlhBYMu','ySPVLSpqn','IzWKPKTjJFMmxtOyjkVj','18/3/1974','KTButwGbLFMTuoZHotog','JwAmupxmPrwCnEeQDOEo','MwyInzozoJgJrpeiqILk','47166880951');
INSERT INTO conducente VALUES ('QBEOsfMNxTLHdIxbDaDv','IImodjEUqZLHYxTl','IbfViIdKfYExoqIhUpHJ','zvPApASoK','rmnGFIOyofYtZmXQolNy','7/3/1967','WSoSRmRmqLnFiQJlTaTa','rBDZkobpWWiEnShkFJwH','ZwKQXETvtNhRmuGUoaRN','84803864856');
INSERT INTO conducente VALUES ('VCSjEzrkNqslqisKBytm','HQAibxCFLeNuxZqc','CFsDetHfQnRbXTxAtsSw','xaLtlrRxa','GvwFMwzqUbVbOzIKHOTI','4/7/1994','debZSnzdiCWURBdEwDhG','iOnyfrefpKHFGRBBZljB','MltHLwCnOontVtOrhGFV','99877481479');
INSERT INTO conducente VALUES ('LyeimRvjzCzkIioLRUMI','XVJPmGwJLfxpfZfA','MLEojoWjNtyhXvJqZjqS','CjJKJXCLZ','raHqZUMzPbuJxEuoYxrO','10/3/1998','DPSmNJcyyOrFOBqLFFBU','zYxLmjUkOPhBDJcKuAqk','NInOKbWeoMBSkNzzTvsY','14523953981');
INSERT INTO conducente VALUES ('ZnZKKPKNtckxBloPBMrA','mqLIzkaLKrWhjcJM','fVyPfJKhXStNDhlblhLk','WlqiqkJTp','LbBvuCBUfbLpDadXKhFv','24/5/1962','zDZpyxAbfiZJlEuUxjGB','IPyuuFfIxsTuQhPgdhRj','YRsPZhTJfRKaTAkTerVq','22000952273');
INSERT INTO conducente VALUES ('qFogaMsswJjRidRIqfWB','HQAibxCFLeNuxZqc','FRpobPsAxKiFMNsOxono','xsBdliyyM','PxuCoeCEvyDqkfTbXPID','17/1/1977','XCFvPfymjfnkCBPRbrTh','PbJpoVWfajYVtBwiAyhv','rQcvgJCXwYDILBVlhTJS','84803864856');
INSERT INTO conducente VALUES ('bAwWKNdEOKcPvNWBGONE','xslZMVYyckAKFodz','buRlrtgpxZYBgEsVfuxe','GXmmCNyKP','btXamEXhlUXOoGgIOVLp','6/4/1978','urjQwmlvehFlcaHTEeBG','SCvudPqNAmQHYAhiTpyF','pPcUfbDqNAyIfeEURhPb','21794726119');
INSERT INTO conducente VALUES ('kJRNtZItQdhqBdDMjqyY','fQoBwIwSregmxUmp','AAkhnYQBCTflpekByiyt','kfgOWnFwV','DluKzRyTaRMYLQCeLQpT','24/4/1975','EhTgpeOcitYwlJOBHwuJ','UCfcARhmrydhmxbrjbSY','GnAuGtGVgFWOrrJRQWLJ','87276207930');
INSERT INTO conducente VALUES ('jcDpvQCNrBBKbJNPPYqp','wEYdjNrxOVNIoZAH','VDxnSJUVuAElkqjZMvRk','KVSdDYBok','KOudeZoOySXMfoTYjhbA','7/2/1958','VYxsFIGVBrAfJhIqwcOf','vCTIorBGPJiHJGXsHKNv','ZRUKJlCUPtvUrobbSRlD','21794726119');
INSERT INTO conducente VALUES ('lHzEtalRPpfWjOybbSIO','KPbHnazWBHPWEvZv','ifyBOVCsskbURzcckIVO','vREdZSfMR','GtfqwgLDCNZpBXPcEytV','14/8/1957','qsvVpZcxoMSnPjkUVbcj','EdNEnHmstCjwBRACYaZg','bfVBoUezhzmqirkDEUzO','84803864856');
INSERT INTO conducente VALUES ('dUTKGLhZpZtXWUIqFmoo','wEYdjNrxOVNIoZAH','wFDyYhAIVSkEEBQAlSoE','mjdzwvSlj','afHwhiXJiumwYFEyHRHe','15/3/1992','xpbWmqoxgUOJwFbVkscx','ryIOvLHGgjimLJUOHnyv','MxnBOWIiZnQNdNTqAbyd','47166880951');
INSERT INTO conducente VALUES ('MKoHBxIXFRVYWiqsiNGy','YfWgeQjmJRAdvUTL','RzjUjUytGhLGSusZQWSV','ESDzvlJXD','ujSJyTTmHJDCTrWulYpK','27/2/1956','XUNcllgsOyowoBUazdWs','rVeSIqzmSECCprbuLBSQ','izSxmBjNfPnbTyIkIkUL','42199318244');
INSERT INTO conducente VALUES ('XbDFYsGtaUrgGVPilCvK','CgoEKzJkrSMqvFPJ','ONUwwcGmooUGySaKxTnB','MIQCNDypu','kaojdHyRJmAQmEnbwegf','19/7/1954','ZVYOetqZRipDczfUVMzT','jfHOSUpNPSZiaEGDzUHv','ufeMBhDrlyHVCiwNtsfQ','53472566516');
INSERT INTO conducente VALUES ('COrABHQyaXfiaftBuXaE','BtYtMxcJvrJrxZPX','PsWRGZmhaPLZAzsBYryM','yEViZowJU','CDTlmPvIElkBTxgZAnUo','9/4/1977','DRotLyUMvKhmQGPeWVyL','abrlLkBUdgmKbHMmVZQW','ZQxIElzILhVwyhxtaaFj','89508873347');
INSERT INTO conducente VALUES ('AbGDcThuguMGEmrxXVdd','bXyVNjRUjiOpKJmO','FoHEjoQmVMCUjWWMfunY','rYbGsdWLX','eiuBhJDorKhSdzjnQrRl','8/5/1976','osiKGgaWIAkWQGlHfmpR','aTKOfBurNSkmKzLFrUrZ','BvDIymShuXOUsPqmFZkP','89508873347');
INSERT INTO conducente VALUES ('hmMmZKdICCwdMJGFDuOF','dTpGbsTXGZLbTPZz','IUEUEtVhreSOZYQHEMTT','lvleiUEom','LvCMQBgzsmoCfernuoNA','17/4/1971','oDspiBytFbFihaKadfNh','fresjsKINmvdfMKuotkA','BwbyOPeCMiARsPnsyacx','07513267789');
INSERT INTO conducente VALUES ('pTpwqGFSUdzBdZCffbIj','fRWZTgWfeVhAvDHw','uVOFadxmdTDwCxRYLpxg','FhnESFKqU','PzdKCqiZGujEdDvkLLil','9/11/1981','XslOwkFhpZWdFwBuXedR','KRAMMJWXCWwrxGKQRrbS','gmEoHfQRMCuDjIUzzCbI','03180475844');
INSERT INTO conducente VALUES ('SwVRlPjMMKPYvnfddfhE','vjzQAvFNwlBwOPJU','iEOifHQaRUgmchjasUWt','GBKLnrIwV','CkFITODcBlFkkPIAnerR','1/6/1978','WsnjeNEUxDicqewpLvKb','MfvnopmCkSxOpUiSWgYX','ezoQCiRAgWLqFfCQwwMX','42199318244');
INSERT INTO conducente VALUES ('cXGqFAstKMOjAFtXvGqD','xslZMVYyckAKFodz','tTNVsxrDScVvTqoXiRfp','YwzYAcNCd','odjMWliSAkpzQWekGRvL','6/7/1962','xLbipoeOwrNZfPKTTFOo','sqnrwFDBYiHEEaugRGzN','gIAkmWtHOFTzZpTWKIIQ','03180475844');
INSERT INTO conducente VALUES ('ngqkMcNwEORlIwRrhZUZ','qqrwgcZRfvtuxVEo','pFNDYxvtjvJWWZGNRCTn','LBJRYyfHh','UQylnvhTPsjozhkXZuoQ','28/7/1984','MbrrCacdTwdymmKCKgVo','rETyfOYjtMqyDITWCkiH','SWBcZJxaWYSQwgZPSDnV','47166880951');
INSERT INTO conducente VALUES ('erfqQPLEswOUPfGOcZes','yeBSmDMjufcXcvyg','KbumOFLUDdsWtdJCXSfz','aBJIuZefO','flpNflkLgOwjzItaVlcF','5/11/1986','xiioAJoAJUNSjqLmXXld','UWXdbEJigehxrYbaGqJl','PEYzXoFWTXsVyIHOpDVw','84803864856');
INSERT INTO conducente VALUES ('BEArVkmDslQyNBrXqeHk','aViRTxwFxpyCOOkh','aBlmQxKkStLkmejbCGKF','mADVQtycM','xgEuMxQgQYttmiGyPHZM','3/1/1992','nlHYZCRnioLMCaRNQkxY','wWmZxrqSscgTSyUBThDp','AkzgWvvKMsKmIfNqfrtf','22000952273');
INSERT INTO conducente VALUES ('lucoSENFlQyOiLoDHHHs','CgoEKzJkrSMqvFPJ','eWgqHEJHHtDNNVherMNf','rGYfowqXm','EdxNDbnbytbnDtXgyEEw','7/11/1964','xZwUzkdEaIHUGvTmEoiK','pjllQphCGpAitKTqXnJr','pphDldpeTWOTTcGfxUtR','07513267789');
INSERT INTO conducente VALUES ('DhbOhXGhTVqTnrpoADlA','nBQWbKqHhXHNsDgE','hnmEtzIEqSNNqrxcSYkZ','xCNbGZxqM','jZBupSDIqmwVzuRJKkbN','17/4/1991','CxxGNXqOwEUxHLrobJtv','XkGHdxmAqCjqwWMGtfqp','VNuWGvxDhuqYlutAURUT','89488889799');
INSERT INTO conducente VALUES ('aJOBAVGfcYjwRjECfzgn','KxDGEVdVoEbLkoxN','SqFSLXruiphYMMUrffdr','EkvRIkBII','YfHDpslxUUEGuqYVoruB','9/2/1968','lyAzZuZkSRLxNgRZoWkk','meSjmMDtziJHLshYDIkW','JTNFkTdGzYtlrUIZPJZW','89508873347');
INSERT INTO conducente VALUES ('pGTpTCqdIDYsiOSlHeaQ','OzZbmSEgLRPnCtlR','uPoEZECzpWExxVYKJBVP','IXlMFkbju','MpUSUmtAWVmMnBXVHihT','17/7/1967','sQanVCXJqAzKIIqjEFeQ','JXCnoTOiOtmgPVbMVaSU','wefHGvePkjjfQeVxlwEN','87276207930');
INSERT INTO conducente VALUES ('jUqPRPguxODcEjmhyQnM','iNMqLneCDQvWnDWa','AfJKOMzFlqLMMhgsxhfQ','MjFjQIOpI','rgQCRkTDeTtSwEBQFACf','4/6/1972','baWPDTbHMdpLkMrtMEtN','jVnnOTtuQGIujEeMKWQJ','oGWAsiRkPWTYUtIMlaOd','22000952273');
INSERT INTO conducente VALUES ('nglaNJUOLYKYAhUByTws','BtYtMxcJvrJrxZPX','OhPpLYxKBKbGjqHFOwcr','RUVShUUXV','JocisaExoVFkurItnHPz','18/6/1973','EPidZmOvgeMWDZmMAeGv','rbbtpSpJoZCbnJjcbeAn','PTEAByAhVCORpDLtfSqI','87276207930');
INSERT INTO conducente VALUES ('lMktaXeKveCNinwRNWKe','bXyVNjRUjiOpKJmO','raeQAnygqxGlZWrstQsR','dLDkYjeLw','eQqUydARUekYQWWLENyB','14/3/1962','AwFIiIaDKCMkMAdtYgfb','iamcBAcWJsiPTGPmkxRs','mboOmLpZzQTvUnuhJzew','47166880951');
INSERT INTO conducente VALUES ('lENnynhSGNxTKQomdCIC','BtYtMxcJvrJrxZPX','lFqQwFPWfTJIOTgzITsS','eJbkSiGDX','JGYdWlGfxjDsmmjDsWGu','13/4/1962','khoPeqpyvsfzZULTQvkP','BEcwYsBfsoJeNhQftUiZ','fozREkocoAioZoWFbCCm','22000952273');
INSERT INTO conducente VALUES ('bDphjakobaFcDzrpdbJt','OzZbmSEgLRPnCtlR','dtFcBWpGUcNoSgJKGBCc','EzduPjDLU','GvDAQrIRtXEvGiqZaAsA','16/3/1962','rGHMLhMEtdTlmxEMXgTB','jjLvqsNChxPjqIoaCilF','PeRbedndAxenxgUhxWEP','87276207930');

-----------------------------------------------------------------------------------------------------------------------------------------------------------------
CREATE TABLE tariffa
(nomeModello VARCHAR(20),
produttore VARCHAR(20),
supplementoGiornaliero NUMERIC(4) NOT NULL CHECK (supplementoGiornaliero > 0),
giornaliera NUMERIC(4) NOT NULL CHECK (giornaliera >0),
settimanale NUMERIC(4) NOT NULL CHECK (settimanale > 0),
oraria NUMERIC(4) NOT NULL CHECK (oraria > 0),
chilometrica NUMERIC(4) NOT NULL CHECK (chilometrica > 0),
PRIMARY KEY (nomeModello, produttoreModello),
FOREIGN KEY (nomeModello, produttoreModello) REFERENCES modello);

INSERT INTO tariffa VALUES ('ikaKWydahMXLRGXpEyGV','PjlUeDPcBpOuCEELLmPZ','3','1','2','2','2');
INSERT INTO tariffa VALUES ('KCLvGzPOWiBCxdXLClQL','RdoeomIKYCLaDNvptdqN','1','3','3','2','1');
INSERT INTO tariffa VALUES ('BgnMbBsFluPpUvNnPNph','zDutDAvZYdXxHrMLcuMt','2','3','1','2','1');
INSERT INTO tariffa VALUES ('UYRhYMAYEmDZTrNLEGPV','KtOmDgRAjOmnWcxmNhgn','1','3','1','2','3');
INSERT INTO tariffa VALUES ('LGuuuYgGzStuKyZSWFam','jsjpfDnlnwpPmIyAlxVK','1','2','3','1','1');
INSERT INTO tariffa VALUES ('pDSzukOpgTVrphBSPPqI','QKMOAQvamNZrdRgjqMkl','2','1','1','3','1');
INSERT INTO tariffa VALUES ('xKWwLCmbVSBpekJgzgcB','bFHejmkUizGogaSGWUVl','2','3','1','1','1');
INSERT INTO tariffa VALUES ('BEjfPcWeeyscKNNooZUX','ClXRdyVPVALXKDdsssbq','2','2','3','3','1');
									
-----------------------------------------------------------------------------------------------------------------------------------------------------------------
CREATE TABLE rifornimento
(dataRif DATE,
oraRif TIME,
targa VARCHAR(7),
litri NUMERIC(3) NOT NULL CHECK (litri > 0),
chilometraggio NUMERIC(6) NOT NULL CHECK (chilometraggio > 0),
PRIMARY KEY (dataRif, oraRif, targa),
FOREIGN KEY (targa) REFERENCES vettura);

INSERT INTO rifornimento VALUES ('15/10/2019','1:52','wc354wZ','1','4');
INSERT INTO rifornimento VALUES ('22/8/2019','9:12','MT801hx','1','3');
INSERT INTO rifornimento VALUES ('22/11/2019','22:18','eo878yO','1','3');
INSERT INTO rifornimento VALUES ('28/8/2019','15:3','DF901fn','1','4');
INSERT INTO rifornimento VALUES ('4/2/2019','11:50','hZ234Sg','1','3');
INSERT INTO rifornimento VALUES ('23/2/2019','11:21','EZ289FZ','1','3');
INSERT INTO rifornimento VALUES ('14/10/2019','9:47','iw674It','2','5');
INSERT INTO rifornimento VALUES ('5/5/2019','6:38','ew496ml','1','4');
INSERT INTO rifornimento VALUES ('6/11/2019','7:41','Wa000kH','2','2');
INSERT INTO rifornimento VALUES ('16/4/2019','2:11','bs741ZT','2','4');
INSERT INTO rifornimento VALUES ('15/10/2019','7:40','fo741Ch','1','1');
INSERT INTO rifornimento VALUES ('14/1/2019','12:22','rs944Wt','2','2');
INSERT INTO rifornimento VALUES ('19/5/2019','13:25','vh306CI','2','2');
INSERT INTO rifornimento VALUES ('4/10/2019','7:57','Aq259vR','1','1');
INSERT INTO rifornimento VALUES ('14/9/2019','13:55','sy263Gl','2','4');
INSERT INTO rifornimento VALUES ('12/11/2019','19:38','rs944Wt','2','4');
INSERT INTO rifornimento VALUES ('24/6/2019','12:16','MK814wv','2','1');
INSERT INTO rifornimento VALUES ('14/10/2019','8:20','jU275NK','1','5');
INSERT INTO rifornimento VALUES ('15/1/2019','21:10','WQ428og','2','3');
INSERT INTO rifornimento VALUES ('22/2/2019','1:35','kC487Et','2','4');
INSERT INTO rifornimento VALUES ('23/9/2019','23:24','bH148jz','1','3');
INSERT INTO rifornimento VALUES ('7/7/2019','15:14','WQ428og','1','1');
INSERT INTO rifornimento VALUES ('13/1/2019','5:19','QE220fQ','1','5');
INSERT INTO rifornimento VALUES ('12/1/2019','2:7','ZV041Qq','2','4');
INSERT INTO rifornimento VALUES ('17/1/2019','7:37','nY942pv','2','5');
INSERT INTO rifornimento VALUES ('11/7/2019','13:26','Om723Rl','2','3');
INSERT INTO rifornimento VALUES ('23/10/2019','18:57','Wp277Di','2','3');
INSERT INTO rifornimento VALUES ('7/11/2019','12:9','ZV041Qq','2','1');
INSERT INTO rifornimento VALUES ('2/8/2019','14:24','DF901fn','1','4');
INSERT INTO rifornimento VALUES ('1/9/2019','5:50','ey895jc','1','5');

-----------------------------------------------------------------------------------------------------------------------------------------------------------------
CREATE TABLE incidente
(dataInc DATE,
oraInc TIME,
targa VARCHAR(7),
luogo VARCHAR(20) NOT NULL,
danni VARCHAR(100),
dinamica VARCHAR(100),
numPatente VARCHAR(20) NOT NULL,
PRIMARY KEY (dataInc, oraInc, targa),
FOREIGN KEY (targa) REFERENCES vettura,
FOREIGN KEY (numPatente) REFERENCES conducente);

INSERT INTO incidente VALUES ('12/11/2019','9:44','an245RW','ZCFaImdBYlIaSSQsBVjf','HyxrHPCzBSBzNVPvvTKnaHAetNHMeRBHtanIQcnGBSicTyBBmKSGCQUVlctCOnWaWWZagzXgrnSYLPAIoXOensQgHIsfAnORpVsh','rsToyYQDwAcgpATbvPzBGbYWhJmhGfSMLztsxYbQlsGcdTDpAiZXjpHMyCVUGzkJvmNZrgujngOwBthvBRpaYELlHIEQnzXgAPdb','nglaNJUOLYKYAhUByTws');
INSERT INTO incidente VALUES ('11/3/2019','12:42','UR309ve','TlFsvfJUAeXFtyHvZqwf','EbIJyGBbQqoDhVNTfTaXMSLtzXbDYsqjINiNpyHEIGLfBblCyVcsEWapUnfFEamOLFZnjUXuzBwtgdoMFyXOiLQuubdUJiiwkgGz','HmfGjZEiFhUDmZzQCWiQApsgGCkecedoEIjsgkwgeGCCyUMRULLCFzpvEccrxJQYOVhBxnCUDBEOqNvEdzgtUxiImEfvFSbffeNW','OuKElGwZAJVBrUJTnenj');
INSERT INTO incidente VALUES ('9/5/2019','10:56','FM520FJ','jnBFGkqeuwlyPRcrBEsQ','fRrtruoGFaSQhGWWAxPKDNhLdwyKptvayyQsTOTETlBHLNBuCyhptpNlMOepnbrfkUCfNZrtlAlMRpFVwmnimLQkjaGGsetCDWXm','HuKMmkmpttuhUbBORBahXzensZxYfKqPllkCMxjwyooHIvzSSBUIbgXmVyOCRmCOKoruLepnFdofIcUiGRIEoZDaIvgwmVuGHtFA','COrABHQyaXfiaftBuXaE');
INSERT INTO incidente VALUES ('18/6/2019','14:2','Bd021Nb','sRdCmtsaFhrVfJrZAiwN','eZjrJWpmnEAhrwGcvppTaborbeoyvzhDSpHLBMQFvTBzhBjKvqvuCWIYhhubgBnWOeMgNKKJOpfgxihJZwhbrIhdhwgSCNaeVGHx','EvvJOqyttNljmjnbgdbaMVTzbxsJiixRwEZdkCyhyXrRMEGKcKYPgOmKRaqQKriSvHtLDsjZcREPAQdbkuwgTNJbEKexkAHPnHQO','jqufxlgwsMGvVuELEGqb');
INSERT INTO incidente VALUES ('24/9/2019','0:13','kC487Et','iYjLbYfgsxZWnDCLJVlI','GFmsWBCrIQuhlOslvwyUgFGmsvzAuVaGWWmzmzuILFlHnTQhpTGKgeagHqaUiCZFelRudOAcurqTPweVLBnKwEdzexSvQSKUdwIw','PVodwpNdZWFcuBNxSfXCExHZGBXtNYkzOGfzNqieCMvYdrBFKfbaAuQhDVfgeltoHsvyDFxiWvLsQQXCrMfudPwIJCTReOElKRPN','BEArVkmDslQyNBrXqeHk');
INSERT INTO incidente VALUES ('27/4/2019','15:7','iW199KI','xrCSXhFDtILJjpcvbXaO','dTejDUGDqvHzgyfyfqxDxwhDMoDMiIpYgFPxwRXZZZgTZXXBbwxvLbYiClvcTFqiYodXBMsniicLWqroJLQoaUFzqMUVqYsIhWud','DjyoItbfDwdBzHIvdRTXFFqGpxMziHgecZsuAYEfIPLDcXwjQVTbWSaRJXgvjRSIVngMpSjlmBiqzZyiAFygUWYQzSbgTKlrUqQE','JszXhdmUGqBQprMMEFUn');
INSERT INTO incidente VALUES ('10/2/2019','17:38','nY942pv','XYapQasTZoIaZNtMtuTs','aJJMSIoQulkfpVAPgZzqlqmOkjOjsPOnRfIfESjvJsFHEBfOwYUTLHqPHtLTkzYyPRubOITGWMXHTNNJXpBhJQkxUitXAgyOhjSS','gGcbFDWMhNhCkdVtUnJixgSVwyyiCNoQLcNcXXPdsNsOUJRBMwuehDkGMGZkcniBCYiwkePbHIOuIUmwZFNYoxymAklYiTLmeBcU','afhhikHhwOLMMzubJlum');
INSERT INTO incidente VALUES ('5/4/2019','14:11','Ah080ys','vsZhlkdBvjFvHrmHbVjQ','EzAQgzbWeksWAmxgDDbKLzWSfDFaYVTJwnQBfhnMejIghfyqWwNxCtOZaBCmLSEOAeXVXwguJHMwKCUJBPDtdXdcbTqGkPqovJWK','cFsKxveXGxJIMECjXbmKTqjvyeUndJJXiQmlMVSbLDfrGIaNiZRAvmjHOOojzslBLSciqTErgHAYfLYlBlNoXQvyebMKkSkQOhSU','lHzEtalRPpfWjOybbSIO');
INSERT INTO incidente VALUES ('19/9/2019','19:19','ae568Ek','pTABoiBEDlbqSCmlcTTF','xLmciZPxaQWnZzGLFVvSnNqPVWFzfTajnlljLrdqGvOaCaBcwBPmhFMWwXCjkIqjLOkxjDIJHhCiweDPLtrPCsOclbRBWAAOKLVv','tfjOSqltilHKZxjCGcoiAFVrZNcCUhamOzYsoJyctBNnxmOcdznOCjBFFzpNDqiTqcdYkEsiuqPcjeCwcoMvMfUAqlzZrzunDsfY','FpQFuHtuxRzitnRyEnUQ');
INSERT INTO incidente VALUES ('4/1/2019','2:37','KH324VD','SGvRrVYwwaUXBXcLSfnS','XHlDItugmHltcMhVSXSaMCratTWylVxAnRrQsDdawgfAgfwdFUKSBrVprRbBhhZXAitFZHCJTddjZoHUasskCerqgOxtMKUvWBzB','byKZctHCNNcAEJLpUgTaaMojpEoMyNWwMJnWFntbvUEGzKTtgbcmwHAXsupQVlYcgkasMZiLXbDdUFZJhPSeyJMnqjywDECRmttT','pGTpTCqdIDYsiOSlHeaQ');
INSERT INTO incidente VALUES ('12/4/2019','22:40','aH122mz','UzXxfEhTBEJjkggssbKC','dHtLwVzaGAznyuzdfJVVzKxPpEtZbiIxtRTczdQDdXydslwyIcRNtNDKnzTOrrqZJdeHQzteqxDzKXQmQnCVnJeumhaRLfBAOoEg','XHQZGCmewiDTvSPoRaCFBUXhpPUDozOWaHUSAXlZybKfmJcNAzHmWIvRvaxITbCohwHreBfshqgotPfZZZynyKepUlIuQmevsviy','SwVRlPjMMKPYvnfddfhE');
INSERT INTO incidente VALUES ('16/1/2019','20:42','ou571sF','iJosIZLzEfKKMFmAQWxr','bnnQLkWsOfLtlNhbxYfqYrkYNHVrsQgVbBKiNHjXaHDYGKKHNQnvvnZPIiNjhSjBuKswKdAFehdlILMsNqYnatzTVrhSrjxkEvgI','NgkvbadkHusUamSLPkfvLxXfFkAmbpZLGxbMQxESbiWqoxfEJhUFKGBfuhrSQGyMGJORaGNVyLFbTcpzhKeMkMTHjJXnZIUqtIjl','QBEOsfMNxTLHdIxbDaDv');
INSERT INTO incidente VALUES ('12/7/2019','13:46','Nd094Yg','AMlOiEJNMkdzQIvPkgNa','GvtvsIlKSmoRkPDYLQTcfjWxfSFzZaMRDoUoJyvcAZNvIzKNpktrteiGkZwVPqsgpbMLWtHoIYxBGRWcoFceyfOdqwIKfYIrzCGN','LBhLrWkGPcQwPBeRopMItZveViUGIcWXlDAGzGVhotJitOBiFUnQTVZEGEiwChgGDhcIgKubluDrqIizcXoPgOEcqGrpleBKNWLS','QBEOsfMNxTLHdIxbDaDv');
INSERT INTO incidente VALUES ('14/5/2019','0:36','Je827BA','pqBmcstgOgoQOhwEBHHR','MWpAtJfeaGWYSfYqpzcnrGYENNnfHXqdQmuOUMZtQJfXrILwUWgdSDjCplsgfOGmjYDpYUbuVLOCkgMRNYYyPtaAignDeGqSLLxK','kDwdoyUwJxzInfGBudBqMFTjGLqtIWJQwEioIFzjlogdfYVVJNrdNUKcItQcSnJTjfcrIoFnIaHrDkcHTYqEpkioJVsAxLNRGlTZ','LyeimRvjzCzkIioLRUMI');
INSERT INTO incidente VALUES ('19/10/2019','20:48','sy263Gl','NIyHifLFTImGRnjMPehw','fAlkMTmAwgNaxgGJzjAYxLUFtcVIAzJSeljzowojsXctNypiGbsFwhNRXjluqgCjTRAalUrowozdWKJQZiqgJSnOWVrsVuXMrEep','HmIGCSvjTYdQDyuLLdHVCtPtkjCJpZgbJsNJqpSUBltFrKnSyOXfYPywvsoVbFCcIKcaWVtQjEuhjCaExCHUBReeVqKkKOdzkpLf','fQEgeIfFOvfBRckcCcaX');
INSERT INTO incidente VALUES ('25/7/2019','19:3','Hw469qg','fNFEzUAywsQOgulxeied','tvPsOVNsHwHjDYHCFiYqAqgjEzQAeqgsOmenUzqoZsSBiomizwsoIRydYAdzGIEaWsALpzpxStZBCWysOoKtasfgIXOgtSEmNkRN','IaqqfJEpqDAVQvupXCKpgSIsHZmzyOThibNZWZsaPLkPHyrWDyZJpgFsVAFtELFBlugIPWRLBwjDsNLnMJWXlTiKQJVpfnXXQSBK','blzZehcUXuEwFkeUKWlw');
INSERT INTO incidente VALUES ('28/3/2019','18:15','rG655qL','CbZIVINimfFYHcBjmxfd','apLjdcluRMmMUfiOOMHFcymDefReNPnrEUAdeUmsrPmtINmxYVEdxsopVRRNMzKejLbZegLyttSxceCmmqHyxDLDHhxHcwwTVBSl','wmVHvkoLQgBxlLlTTzoCgInZyoJLQjiyRfWiGCksOBdjBhgHzMcPjgKdcSZOacPmsczytGimyioLVqsJXkWEnHmXZcUCnrNSNueZ','YaAKMtuiUqynHinmVryd');
INSERT INTO incidente VALUES ('25/6/2019','6:22','ey895jc','qjWPOqExPMIbptvRbWkF','cDqFfdDoKKLWghVuaHtluIgELlozIvnahzpEIYxlRgMAQsqubRQvOaZyfvPdgRbnzMNuIePBybZhEVfCsdgLrZpEIVaxcKKfRHDw','qNvZOWQCQxRxnrLYOAfcXfHLUpgcHKfFTcrZqOVssJilLSvKZMehQDqlMMoJvHFAmwbHdJroDfYMOwhVFkCwXOQNziShymCrbqIq','GicZFOJbyFrQaZOyWruV');
INSERT INTO incidente VALUES ('11/6/2019','8:40','WR116Bc','EVZTcKTAdMVApZNzqcJH','IlVazJGjOIUViYnsRKRaBxLTaZbUrSYzvfXYkSnyfcPEUdYZVJUlnyzQMsyHCQTIGqusIlqXKaLiyMNcdmXnWkcmocWjkbdBkWtu','JvEoOutLDRPiZeGLPavsWqKPMRruOKcjzRBadQCVyUpudUdhendESWlOSAMJXNfClkKRgwVWoQqlzGwWaZUkeGfCCmcviyBYHrTV','BEArVkmDslQyNBrXqeHk');
INSERT INTO incidente VALUES ('3/6/2019','17:58','Jw126vi','MavFBREPDwsiVSQwJSMu','lLEmVdlclUJcxRANFUNHqpBEuXiSwEKOkDvjjICWHpHvpOkJPWtcsvjtUSljkGVPUYPmqgidiEiIHEzQXmqJpzgSGbtBlKhICDvi','thkiPSTzdrMFCJijdHdUebsxpuohdlyKBVcPWxtjWAxUNkuqqEQOZbrXCmLViOtCZjSkPUfBBEhWJIhSwyqSfqeVXfuAZtTJpAWJ','afhhikHhwOLMMzubJlum');
INSERT INTO incidente VALUES ('6/8/2019','1:39','zT021mt','SaPlFPBXGaDnMpuYzpQZ','nzoukzhaCNyXTOXXBQeiJQzMNmuOhJnnBMGfAmfkFkWtonrwDnSXoPPxMolujeXcLapwuwjKksIKttxnokEoMGMBKmLjWjooahyT','ZhHfebyjSrqKIESDiGzmGvJIoDzHvwdXZePFccNAdzpkYlwpDDsmNvybHbjjEcuvGyOHESWfBmqnydMFGwlAoWcknhztrvgWvQcq','GLypNuGpydwMRFMZibxC');
INSERT INTO incidente VALUES ('7/1/2019','0:33','ri349QS','rcwcLSPNbpNwHjOSqrZC','InBRxtIGFQPGnciKePSGszeKjIgTSsNxhFnvufSyVarprEYOcMpWoNqSKrtXiDWXAeaFBtuqAaqMrnCHalmVUkdjWZZhLkBxTAnW','qYBjzawAfOzowjXiosvrNDAzBnFWoycKudtMlppQGyqybUNBAmFCyFWOvOQpkkwKvLfseCnVGlRdAHxaRMMOGlflYVKUBvGEfFxl','OeYuIEuxLICSArfALojn');
INSERT INTO incidente VALUES ('6/5/2019','15:49','ou571sF','bmSABgINlrBvPEAkMttA','nmLdxXFWvbCfKMskvuitvIRoNKWDoVdpriIZRfdbNFlrkZToyVMIHNFQWGpkEtRYdZKvPYwFcYpGlzVcUctBsftpbjcqCOEEBkYS','ZknVCWTqMvMKSsSKivzvxhVeMSCuElfNrWdTAKLtabhOYIczRWjUKdechAgtuznZJGLJuhOuYjkpSwFElewpgGZAuuragYLCezJF','FpQFuHtuxRzitnRyEnUQ');
INSERT INTO incidente VALUES ('9/6/2019','1:29','Bd021Nb','PisvJTcZMMegqhkaYkSo','sBFkLBhpRQUIcYbRYsslftKNLDxOjtshpJAHRZTMNbaYHXsbNovxOQZyFAGVruwqBQPhcBENjTHkxiYXWalrPngntGvYHqyphfwB','dkYxCFvlMlqrQBfrJnkEOdLRvpuuxCcvXUJoyOUMrwMaWpIADRWHULrpTfEJuyFSMGHLibYUomDbohypddUSdxiqVkoPhflOlJBS','ANyaHWJzSssMBTppEGbB');
INSERT INTO incidente VALUES ('21/3/2019','12:12','UR309ve','ARkbxoMLYpWDnPLFOhqP','FMWlgblnPRelRVMhNYRJzlHTkmmkbcPjLdzgExbowWxgFDfBtuWFvanKlxbsiYgiZRqCfnSKUMxtRCUgPYnXqeYQQfPZVedHgGJj','wpNXDDGWdGybbTNRPfTFlVNRVZHXIVEAPIrbYUVdHhUiaSvJSTWMLBPqZQAxhCYpRRsIXttfIObzjttfeUDNjiHYJXAGNHpuDawA','MzZUHIvRPevTbxJMxmtY');
INSERT INTO incidente VALUES ('16/5/2019','12:41','he204to','xgxmveMzBmBLuTSnCqYK','vyTLPceJNzOUTywBOrxGJvAsQWbmSoDTQXxvQpYuhDSgmYpZAHSpXAtUTrltDgbIJiuexeELPvwIsseoaLWjhRdQNitYlVRCtIkr','rQjuaxaxbqdlOcvulvXBQVyvkTMPtbWYwnDueRwtyigqspUDsHFBDFnFgMrTvAgxEGGHJWFrjyxEKyeCPzAmyiEQcjOVpXICIRGS','LyeimRvjzCzkIioLRUMI');
INSERT INTO incidente VALUES ('24/10/2019','22:39','uj744VC','dEXQzmsQGSypWwBiCxNg','YSRIoyzBjKcHxJQoAbTDXHULDsVDhxVaDGbBlzvmiFgOkIPyigpmnIcIFXmAmOXmffysfQDTxvHpIuNslIqyLsSuqAdUbPqHPnWO','HLAJxxslIuChQtsQvxZggzLLaIFNUzTybvKyngHqRGykjNpJQmyybavQtQYVxyGTJUOFTKGxgzJlIFzkXQFrzoDVyojwmzjmvPDV','AnyeGxiOvwljjmYIgQtN');
INSERT INTO incidente VALUES ('16/6/2019','17:41','Bd021Nb','gFbqXQBFeaRoUfawIqXB','WUangESYtTZUcKmDpXWoNILBQtiLhxyqrNIDThWtbfieurGhSHonnxcGTHEPLyPDLfgYjyRlsqIdJzJKsQGPpkLwVGBAsNMqWYWx','iDkoEVsQdFetBykbiDApkuzrKIAFGvTQKiBvVQEaBKyuUUOtiGZHxLNNpQTHtILXwRfpueaOBbIqglyWdCaWEVSzuPPBoVFZWvYe','jqufxlgwsMGvVuELEGqb');
INSERT INTO incidente VALUES ('25/3/2019','0:24','il023Wq','DWcCBeogYFGHbrZtENOR','jNwllWePmWFQOcoQAKnmSBeDKLRfVEjFyPvGaTLlynLyXDJEPkxorcTaHaoBEfHvnfzIgZOvBaKcgbgMgLiaXPqpNDyiyEhHYAFv','WwsNVvbqUHxfHkTKujyuBPusKYwHSlDkSiZbwXcotffvoajfWUGBGKycEUSkuGgGFyYNVeRliAYbSNbUcJpuLjeDsHZEqFdJzGbx','GicZFOJbyFrQaZOyWruV');
INSERT INTO incidente VALUES ('21/9/2019','5:37','il023Wq','JPlmhUxkZalNSLHPrRXI','mgQmmFbdvireEDInTIjFOKaWOtyFDWvOtSnrIzZdzPktKlNYvpwLczTPQwMVmhsitJcjsBLclIeiVlvSxhGWwVlzIyetxlAvJUWJ','lRDvRGDDwwGNddJXTwBOYZkUEYBCnUKFgawgzYqTJKznELUbfvZrmXRSBIwTUIyHvEpBKdltYKOtidKSGLiCnBcPKwJwQguRrEzn','MzZUHIvRPevTbxJMxmtY');
INSERT INTO incidente VALUES ('7/5/2019','23:6','ZV041Qq','urJkPvyzVYVpJXTbHyyT','MjgQtDiDTuQtOLObZQfRqZMOEMfQDxbmchzlJRwiZdoGBUKQRCGuCpRhahStcxyiHSphwPjRuswRiiImSRisGXUDfYdyyYazNIBh','CTJnsnqrrapxMNWuEoGjmctHaCmjxpNcjJfioTrmMjRnPSWPMCmdaXZkhBrVPCryULWXVnBceTIsCjKYdcxPmoZNWbBoxTUYmDCG','nglaNJUOLYKYAhUByTws');
INSERT INTO incidente VALUES ('7/8/2019','4:22','hU103tP','XnspkHocYDMyhcwFjbuF','QtZnchYYGojDMlmzYMPdkEEncgYjYaPcfShsuCrNqDQoWsdMHBfryHINfPCQKJNlYiFhacegLkxVGOqRqLxiyrdsOaVGumAUFIHQ','fOTdUrxqADAmmwVZHcLTsbYoeoVQmPYStqjzQRSolGrrLzxNxoaFJwWPIYOFWWTzfVuSqGMtCzStydczQyQdCOuMdMgXZWxlJWzp','JlFHTlUaOacAZMBPgjCt');
INSERT INTO incidente VALUES ('22/9/2019','10:25','iR359xs','OxdJiqVDwghQNjydGScv','hgbrFgsnUjmJoczVktlzAkaCezsdZprBtheDpUDrUPlvmIdBXuPLFUqQZsnwRnIzSHvLcYrFnxwXNWhUtdedPQdRDVAtOANIRoYk','IOeNtGhFZxwtMrUqJntMtSwoarvgrPnrhVjjNUHZZAQqQRXhsRqROzeFjvPpKCBJNKYtRaksSMSDkUGeFMvIpsZApBfgbvNlPxwB','EaRrTdsjQeLsWLxoxLbs');
INSERT INTO incidente VALUES ('1/11/2019','0:0','xQ841re','nHpcxNnOFxjpaKSeCMzG','ZvTociaFLgpBYLnMeSuedhMZaEqPlTvLBiwrUnyoHLUDBdpwMjFDKSGzNczGXNFuqNKSFAjDsyBAAIduTyWtAMreUBSQVhIikCXc','qADytNjZHxPuPTLAnCJxOeNJBeBCTjjKwFRfbunnuqtdjIksZztVAJexdWvNjKWkuhDchhdNlMVINKsYQgExbylTxsUcKpoIswlv','mxVMbGlczdyqnrgmIeev');
INSERT INTO incidente VALUES ('12/8/2019','17:23','Vd244zD','kfJhQbNkPTPClwwVJwBV','aPopkfafhZgwuzlzlIDulZksewxhyEHwmUVdlWhenmdgneItlLJxqsHtElWwiKCpfyxpqeJfnvBjRGaKtDoklbAehbOSkWyZZwAG','OtBagGCgvlgSneWczfBWcoVjfhZfyXOEbqxKTKzIRqgwGbhVcKRLFOeuEswKFCwtpWJxPdfRRiTWbBfTNplyICgHUhXmQLyuINgS','hzjZKsNZkVwRjwvhytdD');

-----------------------------------------------------------------------------------------------------------------------------------------------------------------
CREATE TABLE conducenteEst
(targa VARCHAR(7),
cognome VARCHAR(20) NOT NULL,
nome VARCHAR(20) NOT NULL,
PRIMARY KEY (targa));

INSERT INTO conducenteEst VALUES ('CJ552HA','FhkBPQkUiDaRmmhpBdgU','BxknvhdbcrcQNDkcPtBW');
INSERT INTO conducenteEst VALUES ('fg019Hp','RrhDSUMzkakTcwszybtD','wcoWEPhssKkDbVwRXtAF');
INSERT INTO conducenteEst VALUES ('hZ234Sg','svYwduxTGDNhkfkuqSbi','veXHxXuLHivHKniQJdes');
INSERT INTO conducenteEst VALUES ('TR087ID','GzcIMyaWQfXHOpQNLFgo','LREXJbCrsmgLWBIXEDNM');
INSERT INTO conducenteEst VALUES ('Bd021Nb','cLCpbZLSmcmFMFDOacWl','RJIqGSdoWZAfDOxQxkRR');
INSERT INTO conducenteEst VALUES ('Je827BA','eGVGkvimjIekhnlDYzBw','cxexiHkXGmTSWWqaZMQs');
INSERT INTO conducenteEst VALUES ('EZ289FZ','YmFbkAlOFvUIHbdvjRME','IJKYzRgCneUpkrJTJuuN');
INSERT INTO conducenteEst VALUES ('uU393GG','etfioMijFJsGzrOTPSxC','VPhrRoGVvFtWMXpANBzt');
INSERT INTO conducenteEst VALUES ('he204to','zJPZrkDDzDDMlhfZBSDn','GWRZZXwEMrYGzcNSSwMo');
INSERT INTO conducenteEst VALUES ('eo878yO','cEXZVRLppHEkAtJWeiiT','uFJEcvUTGbFnKjpodBGk');
INSERT INTO conducenteEst VALUES ('qF866MK','XUAZMrEtibNMmnHvnicl','qbhLnkZdBUhsCPxLlulF');
INSERT INTO conducenteEst VALUES ('xQ841re','PddqmKXUydxriOYkQwFQ','DYfhlcotRkXaEvSwufoO');
INSERT INTO conducenteEst VALUES ('MK814wv','gzohpAcCqktOstoZlZMM','gSXhkEwFcElFeIDASiIt');
INSERT INTO conducenteEst VALUES ('ui086dJ','ebGObHznkfYWWQqbryzx','hGpbCYytdDLKBdJblZcw');
INSERT INTO conducenteEst VALUES ('Om723Rl','FSYhVWHTkFeWLxqmCfJV','CNtFLpRPuzGlvRNbrfww');
INSERT INTO conducenteEst VALUES ('zL244TH','HElNRgsOUpqCSeAQrXdC','jgELVXizzCzCohEbHtVe');
INSERT INTO conducenteEst VALUES ('iw674It','NwdZWsDgtfATBvnqbdzS','LenWUqjkyKXIxPStzLsa');
INSERT INTO conducenteEst VALUES ('lD600pJ','ULInxtDxEnvVKUujisQd','jCjBmiVkCyGZdXNldYim');
INSERT INTO conducenteEst VALUES ('DF901fn','pdBOGTZTsWQXuPVhfHnw','CCWtLIcXRbgbtcjAOwNd');
INSERT INTO conducenteEst VALUES ('vh306CI','RKhuDZAhfPnLABrQjFfq','SyUVryYetOKRPdaVFLTP');
INSERT INTO conducenteEst VALUES ('YU804NM','YemIVRrPpGzSjqgbAtib','OnWIsOwuNyFGgcMUUBbi');
INSERT INTO conducenteEst VALUES ('an245RW','oyccPcknZdQKMjpnbFdR','UYGmrTgFcJFlrIWwmMnG');
INSERT INTO conducenteEst VALUES ('qY230YC','KamNisVTeZWuOZcnjvPh','NnbHOXOkzjyoiRsMXJPB');
INSERT INTO conducenteEst VALUES ('nt151SX','NpEpcZwbabhqycBYFtaX','ITfjyMDbtQGoDDiJNIvS');
INSERT INTO conducenteEst VALUES ('ij918EF','KeZzVYeDAyYtZgqrFiJc','dSwbEXiDHkUFcDgeUkrE');
INSERT INTO conducenteEst VALUES ('aH122mz','FENiltruuszsCFhbFHei','hXRhirjBjYrGaKEbuUfA');
INSERT INTO conducenteEst VALUES ('rG655qL','AMQBPOteTpkxkxfIyZrr','eFGFxgDIXVcizQusTZEC');
			 
-----------------------------------------------------------------------------------------------------------------------------------------------------------------
CREATE TABLE coinvolge
(targaEst VARCHAR(7),
datainc DATE,
orainc TIME,
targa VARCHAR(7),
PRIMARY KEY (targaEst, datainc, orainc, targa),
FOREIGN KEY (targaEst) REFERENCES conducenteEst,
FOREIGN KEY (datainc, orainc, targa) REFERENCES incidente);

INSERT INTO coinvolge VALUES ('TR087ID','24/10/2019','22:39','uj744VC');
INSERT INTO coinvolge VALUES ('qY230YC','12/11/2019','9:44','an245RW');
INSERT INTO coinvolge VALUES ('vh306CI','12/11/2019','9:44','an245RW');
INSERT INTO coinvolge VALUES ('ij918EF','12/11/2019','9:44','an245RW');
INSERT INTO coinvolge VALUES ('qF866MK','24/10/2019','22:39','uj744VC');
INSERT INTO coinvolge VALUES ('ui086dJ','24/10/2019','22:39','uj744VC');
INSERT INTO coinvolge VALUES ('xQ841re','12/11/2019','9:44','an245RW');
INSERT INTO coinvolge VALUES ('Bd021Nb','24/10/2019','22:39','uj744VC');
INSERT INTO coinvolge VALUES ('uU393GG','12/11/2019','9:44','an245RW');
INSERT INTO coinvolge VALUES ('nt151SX','12/11/2019','9:44','an245RW');
INSERT INTO coinvolge VALUES ('nt151SX','19/10/2019','20:48','sy263Gl');
INSERT INTO coinvolge VALUES ('qF866MK','12/11/2019','9:44','an245RW');
INSERT INTO coinvolge VALUES ('ij918EF','24/10/2019','22:39','uj744VC');
INSERT INTO coinvolge VALUES ('rG655qL','24/10/2019','22:39','uj744VC');
INSERT INTO coinvolge VALUES ('lD600pJ','24/10/2019','22:39','uj744VC');
INSERT INTO coinvolge VALUES ('an245RW','19/10/2019','20:48','sy263Gl');
INSERT INTO coinvolge VALUES ('vh306CI','19/10/2019','20:48','sy263Gl');
INSERT INTO coinvolge VALUES ('fg019Hp','19/10/2019','20:48','sy263Gl');
INSERT INTO coinvolge VALUES ('TR087ID','19/10/2019','20:48','sy263Gl');
INSERT INTO coinvolge VALUES ('zL244TH','12/11/2019','9:44','an245RW');
INSERT INTO coinvolge VALUES ('Om723Rl','24/10/2019','22:39','uj744VC');
INSERT INTO coinvolge VALUES ('vh306CI','24/10/2019','22:39','uj744VC');
INSERT INTO coinvolge VALUES ('CJ552HA','19/10/2019','20:48','sy263Gl');
INSERT INTO coinvolge VALUES ('uU393GG','19/10/2019','20:48','sy263Gl');
INSERT INTO coinvolge VALUES ('EZ289FZ','19/10/2019','20:48','sy263Gl');
INSERT INTO coinvolge VALUES ('MK814wv','19/10/2019','20:48','sy263Gl');
INSERT INTO coinvolge VALUES ('MK814wv','12/11/2019','9:44','an245RW');
INSERT INTO coinvolge VALUES ('hZ234Sg','12/11/2019','9:44','an245RW');
INSERT INTO coinvolge VALUES ('qF866MK','19/10/2019','20:48','sy263Gl');
INSERT INTO coinvolge VALUES ('eo878yO','12/11/2019','9:44','an245RW');
INSERT INTO coinvolge VALUES ('fg019Hp','24/10/2019','22:39','uj744VC');
INSERT INTO coinvolge VALUES ('xQ841re','24/10/2019','22:39','uj744VC');
INSERT INTO coinvolge VALUES ('hZ234Sg','19/10/2019','20:48','sy263Gl');
INSERT INTO coinvolge VALUES ('zL244TH','19/10/2019','20:48','sy263Gl');
INSERT INTO coinvolge VALUES ('Om723Rl','19/10/2019','20:48','sy263Gl');
INSERT INTO coinvolge VALUES ('aH122mz','19/10/2019','20:48','sy263Gl');
INSERT INTO coinvolge VALUES ('DF901fn','19/10/2019','20:48','sy263Gl');
INSERT INTO coinvolge VALUES ('zL244TH','24/10/2019','22:39','uj744VC');
INSERT INTO coinvolge VALUES ('lD600pJ','12/11/2019','9:44','an245RW');
			 
-----------------------------------------------------------------------------------------------------------------------------------------------------------------
CREATE TABLE testimoni
(telCell NUMERIC(10),
nome VARCHAR(20) NOT NULL,
cognome VARCHAR(20) NOT NULL,
PRIMARY KEY (telCell));
			 
INSERT INTO testimoni VALUES ('3490065337','YGDzOpLcwAuLxdWxSWHa','SrJGeZMFrDYMHpcXDZzH');
INSERT INTO testimoni VALUES ('6026726043','EjPShtQBkDdfwCeSJBRL','ThyNRTuvQRiqtbDBxNxD');
INSERT INTO testimoni VALUES ('2055461063','FTplGDaQVLKBlBOjofcu','tYoxEsaMLQDosHuPRwHU');
INSERT INTO testimoni VALUES ('5154285034','PkykJZVuJBIihyGrEzBm','qoULKlYiqUVkMTXXGCLV');
INSERT INTO testimoni VALUES ('4156025697','KjRgsGNNWhMJzaspeINs','dqUNXZUomxYCxFDefquy');
INSERT INTO testimoni VALUES ('2328832531','jlyveSXwFJDFvXCGxBhp','RlIuRrFDZqCPWUPWmEQE');
INSERT INTO testimoni VALUES ('7468526417','BgbDKbtuceOJIGDWLtHU','VzfGXzrBNMnGNmwkeNtK');
INSERT INTO testimoni VALUES ('3218746924','PBtNnrzYNSZQuuEUPeuD','XugGRySVPZwzMVESeNDH');
INSERT INTO testimoni VALUES ('1845699340','GIhrzMHqCeUTJPTwCDMn','JidPKQgQBoSJTKSnQVvo');
INSERT INTO testimoni VALUES ('9762744095','IsnfBAcTlUzhpwLCnqTr','inYnemZHpEKVOUhorKsv');
INSERT INTO testimoni VALUES ('0612126237','gtnqumghDFTZaiFfztYL','eQrWznwlXrSWHzpcsxDz');
INSERT INTO testimoni VALUES ('2492198380','CnbwqYpWlzFNKeipRiNV','TZwDLIaqFnSrZTDDjCdT');
INSERT INTO testimoni VALUES ('5589350588','MfWUTJBWTTeFMracaKvl','NkDFrBmQGVUlFxdxwhDb');
INSERT INTO testimoni VALUES ('3377758446','zQWUYaxykrbpQeydoxHv','mlfcQMtVgcqVZXchOvJF');
INSERT INTO testimoni VALUES ('3402195468','UkmZVRomBuTRznxxSMwP','VAwbMgGcVUYehYGwhrwU');
INSERT INTO testimoni VALUES ('9983072611','VFHwCgNvSRLniqMebIgL','GMLLvVEhMlyNqAYdfQjj');
INSERT INTO testimoni VALUES ('0442630042','xqMEtsaGIDWSYIfQOBwD','nNYcmPgifmupHTHniqjh');
INSERT INTO testimoni VALUES ('7136621345','mLTnPularaZIjckOEjqy','ZbFBYPfCfCObmsWUtQpB');
INSERT INTO testimoni VALUES ('7950747419','vPJQFHsmJzIgzCovlMeP','eNLMaEWBpKbhqglLkLrx');
INSERT INTO testimoni VALUES ('4453024335','uhTpSQmqPbhInNxHUnwK','uAxygXklXywclqHzAyLc');
INSERT INTO testimoni VALUES ('8747354332','CrIRuXWaHfDhSMkzBVWw','bnyKARfgFKErfVwMbdHn');
INSERT INTO testimoni VALUES ('3973048308','rfGzkKQZwTuZAOkarXQS','XQGKHfsSRywyHrtTTMmT');
INSERT INTO testimoni VALUES ('2411952873','yRjHxIuUbMKwAnfNgvEX','QiHjpwlBCCXPXsgmLWLf');
INSERT INTO testimoni VALUES ('4045739464','NhLNTKIwAyWahdFCZZbm','YvtZzRveVsIECnQdchEE');
INSERT INTO testimoni VALUES ('0163536691','AmEfFnpObgfmVfgNCDoF','HGqSVFOKqIclVHhBZHFG');
INSERT INTO testimoni VALUES ('9590978987','exfLNyIFeFMQdQOHJEik','nNyYINlRUOydxQKrquVs');
INSERT INTO testimoni VALUES ('1748741502','iIPrjqKceExzssGlrQWV','gByUfWwDqfNWmPhFDnRb');
INSERT INTO testimoni VALUES ('5429340934','zWNlNWGaBVEgFzmboPnH','vEceCpbliSnxQlTZUCwi');
INSERT INTO testimoni VALUES ('8282194071','DYwLFMCOKhyrOEwRZSLZ','NeREpoNkNmSOuWjlXdsx');
INSERT INTO testimoni VALUES ('7089912357','IWRpcReLOzwESDfOlWJs','uSVujcFuHjxmXQuLILcp');
INSERT INTO testimoni VALUES ('4304572478','myYENBoZTWQZvcwkFgsA','bUVaBqqyElpragtKgGgP');
INSERT INTO testimoni VALUES ('3108673877','yvNMHSEhCPhjKZZBrECX','dmKXZiGQQytezLSLPIjL');
INSERT INTO testimoni VALUES ('0999078327','fNLUCthHiOztxhXKqjBd','PKwLxIVzqxfhXZGuWwHG');
INSERT INTO testimoni VALUES ('4867257679','lDmFofGiEadzcbfmfkww','pRXsKaSAwFdLSUbscNSQ');
INSERT INTO testimoni VALUES ('7741501694','tpjBTvUwMvtOTEdceOuD','wSiWuYytFUQtkItYzfaj');
INSERT INTO testimoni VALUES ('8642153693','dOHnNzYZyhVXAEgILMUf','HgzTWkrVinHXiSbCcuIo');
INSERT INTO testimoni VALUES ('9533684722','PUTdAXACInhBHiZBrsym','PeeaSjwMELBDMVNUzOxh');
INSERT INTO testimoni VALUES ('3244351855','lWbdImlyiHflpuYiqniv','YlKNMeNAFEjWhZHoSkMW');
INSERT INTO testimoni VALUES ('5343557170','OvtsuDyLBwjnKAnWlNlX','SbQgzCdODfnmfeJVKHJI');
INSERT INTO testimoni VALUES ('9782275206','lZkrdMEfupWlIPSjVgPI','MohHuFEBtuIfeAAoAiyV');
INSERT INTO testimoni VALUES ('9222716751','FDdSAOmSbbHnZnVoJgGg','wlytIlqlWifhtwnEiHKe');
INSERT INTO testimoni VALUES ('5573755714','EdJBJYIleqkXsbXbDsPr','djYGnRLTZCzIpSKsYgxf');
INSERT INTO testimoni VALUES ('0134891477','VLCqQAbWmlEKyEhDWNkm','afCgqtGLXYSXiGjcNyFZ');
INSERT INTO testimoni VALUES ('0901661291','AzJztIZTcyEVOBGvYhLH','EnpWAUiKpRRiXFfgFhcX');
INSERT INTO testimoni VALUES ('8882388215','feaGRqbmGpwLgCjiXKrm','iAJukmUAUUqCwTPDthBL');
INSERT INTO testimoni VALUES ('0044966866','aguQRoeqQpbLrqZRkWHT','gjoLpRuhdBcXvrcVelaY');
INSERT INTO testimoni VALUES ('3382853969','YGfYgKViZPlZarGxXNfi','YeqCICYSujicHDlTgSGT');
INSERT INTO testimoni VALUES ('4068890508','UJGVbSZdDMYDrudRzyke','LaQLjQYcHNrSSPjrRRNp');
INSERT INTO testimoni VALUES ('9816790562','xIhhGOEWcVDfKEYApkoW','wMdBosBBTOqLWGIzdtEy');
INSERT INTO testimoni VALUES ('5940550738','XkSkUgqEOJVtSUvlcIOF','ydtViPNDpNrazkZnAdkH');
			 
-----------------------------------------------------------------------------------------------------------------------------------------------------------------
CREATE TABLE testimonia
(telCell NUMERIC(10),
dataInc DATE,
oraInc TIME,
targa VARCHAR(7),
PRIMARY KEY (telCell, dataInc, oraInc, targa),
FOREIGN KEY (telCell) REFERENCES testimoni,
FOREIGN KEY (dataInc, oraInc, targa) REFERENCES incidente);
			 
INSERT INTO testimonia VALUES ('6026726043','12/11/2019','9:44','an245RW');
INSERT INTO testimonia VALUES ('5573755714','24/10/2019','22:39','uj744VC');
INSERT INTO testimonia VALUES ('0612126237','12/11/2019','9:44','an245RW');
INSERT INTO testimonia VALUES ('4068890508','24/10/2019','22:39','uj744VC');
INSERT INTO testimonia VALUES ('4304572478','19/10/2019','20:48','sy263Gl');
INSERT INTO testimonia VALUES ('4453024335','12/11/2019','9:44','an245RW');
INSERT INTO testimonia VALUES ('9816790562','12/11/2019','9:44','an245RW');
INSERT INTO testimonia VALUES ('4453024335','24/10/2019','22:39','uj744VC');
INSERT INTO testimonia VALUES ('9590978987','12/11/2019','9:44','an245RW');
INSERT INTO testimonia VALUES ('9983072611','19/10/2019','20:48','sy263Gl');
INSERT INTO testimonia VALUES ('4045739464','24/10/2019','22:39','uj744VC');
INSERT INTO testimonia VALUES ('8282194071','24/10/2019','22:39','uj744VC');
INSERT INTO testimonia VALUES ('2492198380','19/10/2019','20:48','sy263Gl');
INSERT INTO testimonia VALUES ('4867257679','12/11/2019','9:44','an245RW');
INSERT INTO testimonia VALUES ('3402195468','24/10/2019','22:39','uj744VC');
INSERT INTO testimonia VALUES ('8282194071','12/11/2019','9:44','an245RW');
INSERT INTO testimonia VALUES ('0134891477','12/11/2019','9:44','an245RW');
INSERT INTO testimonia VALUES ('0901661291','24/10/2019','22:39','uj744VC');
INSERT INTO testimonia VALUES ('9533684722','24/10/2019','22:39','uj744VC');
INSERT INTO testimonia VALUES ('0044966866','24/10/2019','22:39','uj744VC');
INSERT INTO testimonia VALUES ('3218746924','19/10/2019','20:48','sy263Gl');
INSERT INTO testimonia VALUES ('7741501694','12/11/2019','9:44','an245RW');
INSERT INTO testimonia VALUES ('2055461063','24/10/2019','22:39','uj744VC');
INSERT INTO testimonia VALUES ('2411952873','24/10/2019','22:39','uj744VC');
INSERT INTO testimonia VALUES ('0901661291','12/11/2019','9:44','an245RW');
INSERT INTO testimonia VALUES ('5589350588','19/10/2019','20:48','sy263Gl');
INSERT INTO testimonia VALUES ('2055461063','12/11/2019','9:44','an245RW');
INSERT INTO testimonia VALUES ('3490065337','12/11/2019','9:44','an245RW');
INSERT INTO testimonia VALUES ('0999078327','19/10/2019','20:48','sy263Gl');
INSERT INTO testimonia VALUES ('2055461063','19/10/2019','20:48','sy263Gl');
INSERT INTO testimonia VALUES ('6026726043','24/10/2019','22:39','uj744VC');
INSERT INTO testimonia VALUES ('2411952873','12/11/2019','9:44','an245RW');
INSERT INTO testimonia VALUES ('5154285034','19/10/2019','20:48','sy263Gl');
INSERT INTO testimonia VALUES ('5573755714','19/10/2019','20:48','sy263Gl');
INSERT INTO testimonia VALUES ('8747354332','24/10/2019','22:39','uj744VC');
INSERT INTO testimonia VALUES ('3377758446','19/10/2019','20:48','sy263Gl');
INSERT INTO testimonia VALUES ('9816790562','24/10/2019','22:39','uj744VC');
INSERT INTO testimonia VALUES ('9222716751','19/10/2019','20:48','sy263Gl');
INSERT INTO testimonia VALUES ('3244351855','12/11/2019','9:44','an245RW');
INSERT INTO testimonia VALUES ('3377758446','12/11/2019','9:44','an245RW');
INSERT INTO testimonia VALUES ('5573755714','12/11/2019','9:44','an245RW');
INSERT INTO testimonia VALUES ('7950747419','12/11/2019','9:44','an245RW');

-----------------------------------------------------------------------------------------------------------------------------------------------------------------			 
-----------------------------------------------------------------------------------------------------------------------------------------------------------------

--0. Vista fatturazione
			 
			 
			 
--1. Interrogazioni semplici
 	--Porzione B
	--1. Si decide di selezionare tutte le prenotazioni con penale nulla
		select targa, dataRitiro, orarioRitiro
		from prenotazione
		where prenotazione.penale='0';
	--2. Selezionare tutti gli utenti che non hanno un'annullamento di prenotazione
		select distinct email
		from prenotazione
		where dataAnnullamento is null;	 	 
	--3. Determinare tutte le prenotazioni effettuate da un utente con mail che ha la d come terza lettera
		select targa , email
		from prenotazione
		where email LIKE '__d%';
	--Porzione comune
	--1. Si seleziona la targa delle vetture che non hanno parcheggiato nel parcheggio 'gGLqdcGKHUNvAHrNtuzJ' (con differenza) 
		select targa
		from vettura
		except
		select targa 
		from vettura
		where nomeParcheggio='gGLqdcGKHUNvAHrNtuzJ';
	--2. Per ogni vettura di categoria CityCar vogliamo visualizzare la sua collocazione nel parcheggio e il modello a cui appartiene (con outer join)
		select vettura.targa, parcheggio.nome, parcheggio.latitudine, parcheggio.longitudine, modello.nomemodello
		from categoria natural join vettura natural left outer join modello
		where categoria.tipo='citycar';	 
	--3. Si selezionano tutti gli abbonamenti effettuati a partire dal 1 giugno(compreso)
		select * 
		from abbonamenti
	    where dataI>'31/05/2019';	 
			
			 
--2. Interrogazioni di manipolazione
	--1. Si decide di cancellare tutte le prenotazioni tranne quelle avvenute nel mese di aprile (cancellazione)
		delete from prenotazione
		where dataConsegna<'31/03/2019' and dataConsegna>'30/04/2019';
	--2. Si inserisce una nuova prenotazione (inserimento)
		insert into prenotazione(dataRitiro,orarioRitiro,dataConsegna ,orarioConsegna,targa ,dataRitiroE,orarioRitiroE,dataConsegnaE,orarioConsegnaE,penale , kmPercorsi ,dataAnnullamento ,orarioAnnullamento ,email)	 
		values('11/5/2019','20:38','15/5/2020','1:57','MT891hx','11/5/2019','20:38','15/5/2020','11:19','2627','3177','16/7/2019','6:0','qTTyLO@gmail.com');
	--3. Aumentare la penale del 10% per le prenotazioni avvenute dopo il '31/07/2019' (modifica)
		update 	prenotazione
		set penale=penale*1.1
		where dataRitiroE>'31/07/2019'; 
	--Porzione comune
	--1. Inserimento di un nuovo parcheggio (inserimento)
		insert into parcheggio(nome,longitudine,latitudine,zona,indirizzo,numPosti)	
		values ('afXhVQflkulMVwnzpWSY','JBit8SSyznyhatsEH2JJ','xdrokMkoQUnkdbhtxV0A','EyVvUg','h 23/7','49693');
	--2. Cancellare i clienti che non hanno effettuato abbonamenti dopo il 30/04/2019
		delete from utente
		where email not in (select  email 
							from abbonamento
						    where dataI>'30/04/2019');	  
	--3. Modificare la numerosit del parcheggio 'afXhVQflkWlMVwnzpWSY in '50000'
		update parcheggio
		set numPosti='50000';
		
		 
--3. Interrogazioni di analisi
	--1. Si decide di selezionare tutte le targhe (con i relativi parcheggi in cui sono state) che hanno pi di due prenotazioni (raggruppamento)
		select prenotazione.targa,vettura.nomeParcheggio,COUNT(*)
		from prenotazione join vettura on prenotazione.targa=vettura.targa
		where dataAnnullamento is null
		GROUP BY prenotazione.targa,vettura.nomeParcheggio
		HAVING COUNT(*)>2
		order by prenotazione.targa;
	--2. Determinare le vetture di tutte le prenotazioni che hanno lo stesso nome del modello della vettura con targa 'cC708Sv' (sottointerrogazione)
		select targa
		from vettura
		where nomeModello=(select nomeModello 
						   from vettura
						   where targa='cC708Sv');
	--3. Si selezionano tutti gli annulamenti effettuati da ogni utenti (raggruppamento)
		select email, dataAnnullamento, orarioAnnullamento
		from prenotazione
	    group by email;
	--Porzione comune
	--1. Determinare il numero di abbonamenti e costo minimo e massimo (funzioni di gruppo)
		select count(*) as NumAbbonamenti, MIN(costo), max(costo)
		from abbonamento;
	--2. Determinare gli utenti che hanno prenotato tutte le vetture con km percorsi '3178' (divisione)
		select email 
		from prenotazione natural join utente
		where kmPercorsi='3178'
		group by email
		having count (distinct targa)=
			         (select count(distinct targa)
					  from vettura
					  where chilometraggio='3178');
	--3. Si decide di contare per ogni utente quante riduzioni ha ricevuto (funzioni di gruppo)
		select count(*) as NumRid
		from rid
		group by email; 
	
-----------------------------------------------------------------------------------------------------------------------------------------------------------------			 
-----------------------------------------------------------------------------------------------------------------------------------------------------------------
--Informatica
			 
			