--Progetto seconda fase
--gruppo 7
set search_path to progetto;
-----------------------------------------------------------------------------------------------------------------------------------------------------------------
CREATE TABLE utente(
email	VARCHAR(20) PRIMARY KEY,
ammontare NUMERIC(8,2) NOT NULL DEFAULT 0);

INSERT INTO utente VALUES ('hBN5dL@gmail.com' ,5.1);
INSERT INTO utente VALUES ('889ir@gmail.com' ,4.0);
INSERT INTO utente VALUES ('yAftTa@gmail.com' ,5.0);
INSERT INTO utente VALUES ('soUX4@gmail.com' ,0.1);
INSERT INTO utente VALUES ('smPekbo@gmail.com' ,4.1);
INSERT INTO utente VALUES ('4LMyH@gmail.com' ,0.0);
INSERT INTO utente VALUES ('ncuK7S@gmail.com' ,0.0);
INSERT INTO utente VALUES ('Wy6Ri@gmail.com' ,5.0);
INSERT INTO utente VALUES ('jMEJIPLau@gmail.com' ,5.1);
INSERT INTO utente VALUES ('uunVY@gmail.com' ,0.1);
INSERT INTO utente VALUES ('5uaRuM5Rf@gmail.com' ,5.1);
INSERT INTO utente VALUES ('besdgS@gmail.com' ,4.0);
INSERT INTO utente VALUES ('j6MAscub@gmail.com' ,5.1);
INSERT INTO utente VALUES ('PuYzL0E@gmail.com' ,3.0);
INSERT INTO utente VALUES ('uJ8KazqAs@gmail.com' ,5.1);
INSERT INTO utente VALUES ('LPgmn@gmail.com' ,3.0);
INSERT INTO utente VALUES ('OhW8h3s@gmail.com' ,5.1);
INSERT INTO utente VALUES ('3QM85eD@gmail.com' ,0.0);
INSERT INTO utente VALUES ('KBUWdx@gmail.com' ,4.0);
INSERT INTO utente VALUES ('rTFsj@gmail.com' ,5.0);
INSERT INTO utente VALUES ('ebZD7Ux2@gmail.com' ,5.0);
INSERT INTO utente VALUES ('4rq0ex55@gmail.com' ,4.1);
INSERT INTO utente VALUES ('JcgZYle@gmail.com' ,4.1);
INSERT INTO utente VALUES ('lc40j@gmail.com' ,0.1);
INSERT INTO utente VALUES ('Dh0Tvq5m@gmail.com' ,1.0);
INSERT INTO utente VALUES ('HuaFtClI@gmail.com' ,5.0);
INSERT INTO utente VALUES ('wXd5TTWO@gmail.com' ,4.1);
INSERT INTO utente VALUES ('rqe40Tt@gmail.com' ,3.0);
INSERT INTO utente VALUES ('tkAIrNP@gmail.com' ,4.0);
INSERT INTO utente VALUES ('Xatkgs@gmail.com' ,2.1);
INSERT INTO utente VALUES ('KTLnO7SSR@gmail.com' ,2.0);
INSERT INTO utente VALUES ('ZMuNavi@gmail.com' ,3.0);
INSERT INTO utente VALUES ('J9zrO@gmail.com' ,2.1);
INSERT INTO utente VALUES ('obZ5Bv@gmail.com' ,2.1);
INSERT INTO utente VALUES ('UKoUrDHbd@gmail.com' ,5.0);
INSERT INTO utente VALUES ('84Clil@gmail.com' ,4.0);
INSERT INTO utente VALUES ('XvQpTh2x@gmail.com' ,1.1);
INSERT INTO utente VALUES ('sV52vpi5@gmail.com' ,4.0);
INSERT INTO utente VALUES ('8MvmwSwpr@gmail.com' ,3.0);
INSERT INTO utente VALUES ('2QnyI@gmail.com' ,5.1);
INSERT INTO utente VALUES ('x68PK5zR@gmail.com' ,4.0);
INSERT INTO utente VALUES ('o1LZjRm@gmail.com' ,5.1);
INSERT INTO utente VALUES ('XvQ7a@gmail.com' ,4.1);
INSERT INTO utente VALUES ('7P5Lv7@gmail.com' ,0.1);
INSERT INTO utente VALUES ('W9hoR1kSE@gmail.com' ,0.0);
INSERT INTO utente VALUES ('Dm1POFTr@gmail.com' ,3.0);
INSERT INTO utente VALUES ('yB1IVX11f@gmail.com' ,5.1);
INSERT INTO utente VALUES ('VlkCpk5V@gmail.com' ,1.0);
INSERT INTO utente VALUES ('SXC6G6@gmail.com' ,1.1);
INSERT INTO utente VALUES ('J2u0g@gmail.com' ,1.0);
INSERT INTO utente VALUES ('lWZPh6vOH@gmail.com' ,1.1);
INSERT INTO utente VALUES ('yJ43Q@gmail.com' ,0.1);
INSERT INTO utente VALUES ('wF2AZi@gmail.com' ,0.1);
INSERT INTO utente VALUES ('UwvNCEfX@gmail.com' ,0.0);
INSERT INTO utente VALUES ('V9kILHO@gmail.com' ,4.0);
INSERT INTO utente VALUES ('C90YuPJE@gmail.com' ,2.1);
INSERT INTO utente VALUES ('u4bYhc@gmail.com' ,5.0);
INSERT INTO utente VALUES ('dXAoqNP@gmail.com' ,2.1);
INSERT INTO utente VALUES ('urJphbK@gmail.com' ,5.0);
INSERT INTO utente VALUES ('inBWK@gmail.com' ,4.1);
INSERT INTO utente VALUES ('rL7qcV@gmail.com' ,3.0);
INSERT INTO utente VALUES ('PiJTO3@gmail.com' ,5.0);
INSERT INTO utente VALUES ('eUWaqTXu@gmail.com' ,3.1);
INSERT INTO utente VALUES ('NcuPm@gmail.com' ,5.0);
INSERT INTO utente VALUES ('mDmqGH@gmail.com' ,0.0);
INSERT INTO utente VALUES ('9jv0g@gmail.com' ,2.0);
INSERT INTO utente VALUES ('JvQxZ@gmail.com' ,2.1);
INSERT INTO utente VALUES ('6rvkwAK@gmail.com' ,4.1);
INSERT INTO utente VALUES ('WMvOahc@gmail.com' ,0.0);
INSERT INTO utente VALUES ('eO5fosqb@gmail.com' ,1.1);
INSERT INTO utente VALUES ('oO2jN@gmail.com' ,3.0);
INSERT INTO utente VALUES ('kpPoM3yZe@gmail.com' ,0.1);
INSERT INTO utente VALUES ('5W4EnSw@gmail.com' ,2.0);
INSERT INTO utente VALUES ('PG5C5r@gmail.com' ,3.0);
INSERT INTO utente VALUES ('LDhXHd2sD@gmail.com' ,1.0);
INSERT INTO utente VALUES ('ghoal4I@gmail.com' ,3.0);
INSERT INTO utente VALUES ('f8lHjxq@gmail.com' ,5.0);
INSERT INTO utente VALUES ('8AfCScUq@gmail.com' ,4.0);
INSERT INTO utente VALUES ('1aHMh9@gmail.com' ,5.1);
INSERT INTO utente VALUES ('Ci5Rk@gmail.com' ,1.1);
INSERT INTO utente VALUES ('hEcCqlkcU@gmail.com' ,5.0);
INSERT INTO utente VALUES ('TM45UB4Ps@gmail.com' ,5.0);
INSERT INTO utente VALUES ('qLz9txim@gmail.com' ,1.0);
INSERT INTO utente VALUES ('CefVVD@gmail.com' ,2.1);
INSERT INTO utente VALUES ('FMSvHT@gmail.com' ,4.1);
INSERT INTO utente VALUES ('Zh6tYUyYJ@gmail.com' ,2.1);
INSERT INTO utente VALUES ('uPyuMRc7@gmail.com' ,3.0);
INSERT INTO utente VALUES ('vkHQljGVN@gmail.com' ,2.1);
INSERT INTO utente VALUES ('qTk4Hz3@gmail.com' ,0.1);
INSERT INTO utente VALUES ('znivQ@gmail.com' ,1.0);
INSERT INTO utente VALUES ('Vbi5gXvl@gmail.com' ,2.1);
INSERT INTO utente VALUES ('kfCcIrHC@gmail.com' ,0.1);
INSERT INTO utente VALUES ('Cw14WlU@gmail.com' ,1.0);
INSERT INTO utente VALUES ('pi3iMJgU@gmail.com' ,5.1);
INSERT INTO utente VALUES ('ClwMwa@gmail.com' ,4.1);
INSERT INTO utente VALUES ('X7KPSnZfJ@gmail.com' ,1.1);
INSERT INTO utente VALUES ('9sIuo8q@gmail.com' ,3.0);
INSERT INTO utente VALUES ('8VhkCIe@gmail.com' ,2.1);
INSERT INTO utente VALUES ('mB9tRG9@gmail.com' ,5.1);
INSERT INTO utente VALUES ('jXEeZPU@gmail.com' ,4.0);

-----------------------------------------------------------------------------------------------------------------------------------------------------------------
CREATE TABLE rid(
coordinateB CHAR(27) PRIMARY KEY,
email VARCHAR(20) NOT NULL,
FOREIGN KEY (email) REFERENCES utente);

INSERT INTO rid VALUES ('IT1644202375482589575149696','uunVY@gmail.com');
INSERT INTO rid VALUES ('IT1364378659151447488676272','FMSvHT@gmail.com');
INSERT INTO rid VALUES ('IT2808806711409230434761078','WMvOahc@gmail.com');
INSERT INTO rid VALUES ('IT0889910748650432417580256','JvQxZ@gmail.com');
INSERT INTO rid VALUES ('IT0569127357729275985198501','yAftTa@gmail.com');
INSERT INTO rid VALUES ('IT0400371985582856786015434','eUWaqTXu@gmail.com');
INSERT INTO rid VALUES ('IT5837933474707883197661524','UwvNCEfX@gmail.com');
INSERT INTO rid VALUES ('IT4285445744695325636013271','znivQ@gmail.com');
INSERT INTO rid VALUES ('IT8190203482289642857160980','znivQ@gmail.com');
INSERT INTO rid VALUES ('IT4449685497116077478636749','znivQ@gmail.com');
INSERT INTO rid VALUES ('IT0278145734240686138869467','UKoUrDHbd@gmail.com');
INSERT INTO rid VALUES ('IT8606143701004476628884752','smPekbo@gmail.com');
INSERT INTO rid VALUES ('IT5221725176839417072008534','uunVY@gmail.com');
INSERT INTO rid VALUES ('IT0975419404872592681167672','inBWK@gmail.com');
INSERT INTO rid VALUES ('IT7428215776523989830010701','eUWaqTXu@gmail.com');
INSERT INTO rid VALUES ('IT7049779526547151614382288','inBWK@gmail.com');
INSERT INTO rid VALUES ('IT8252244994576838129488921','eUWaqTXu@gmail.com');
INSERT INTO rid VALUES ('IT5565271081465454234497085','JcgZYle@gmail.com');
INSERT INTO rid VALUES ('IT0832633268096738644052137','JcgZYle@gmail.com');
INSERT INTO rid VALUES ('IT0518471098167923887275215','WMvOahc@gmail.com');
INSERT INTO rid VALUES ('IT2314509646582970783545831','kfCcIrHC@gmail.com');
INSERT INTO rid VALUES ('IT7412458961584837824400815','rTFsj@gmail.com');
INSERT INTO rid VALUES ('IT6354941736844410845386835','NcuPm@gmail.com');
INSERT INTO rid VALUES ('IT5263849815758177530715670','mDmqGH@gmail.com');
INSERT INTO rid VALUES ('IT3822698396786867538229802','WMvOahc@gmail.com');
INSERT INTO rid VALUES ('IT4599583253996688205764397','mDmqGH@gmail.com');
INSERT INTO rid VALUES ('IT4185662851752010575053148','kfCcIrHC@gmail.com');
INSERT INTO rid VALUES ('IT4003380490720037603278621','KBUWdx@gmail.com');
INSERT INTO rid VALUES ('IT4986090253957499842029898','rTFsj@gmail.com');
INSERT INTO rid VALUES ('IT8164775938458234846833852','jXEeZPU@gmail.com');
INSERT INTO rid VALUES ('IT9414720924511605026497620','uunVY@gmail.com');
INSERT INTO rid VALUES ('IT5731581712918258114675046','UwvNCEfX@gmail.com');
INSERT INTO rid VALUES ('IT5279123131628102399555896','JvQxZ@gmail.com');
INSERT INTO rid VALUES ('IT0537707178207910993827472','Xatkgs@gmail.com');
INSERT INTO rid VALUES ('IT8391273024730366613646262','UKoUrDHbd@gmail.com');
INSERT INTO rid VALUES ('IT5600341275715401444462033','JcgZYle@gmail.com');
INSERT INTO rid VALUES ('IT0730492371201881192226477','rTFsj@gmail.com');
INSERT INTO rid VALUES ('IT7238328995679767860162266','yAftTa@gmail.com');
INSERT INTO rid VALUES ('IT2415164877048627272609620','UwvNCEfX@gmail.com');
INSERT INTO rid VALUES ('IT7218213469642318430010089','znivQ@gmail.com');
INSERT INTO rid VALUES ('IT4113545273513494677241487','jMEJIPLau@gmail.com');
INSERT INTO rid VALUES ('IT5886074779457071615184091','KBUWdx@gmail.com');
INSERT INTO rid VALUES ('IT9481538658013571502482683','jXEeZPU@gmail.com');
INSERT INTO rid VALUES ('IT3033276088837930270723439','CefVVD@gmail.com');
INSERT INTO rid VALUES ('IT0512103471966224533671363','vkHQljGVN@gmail.com');
INSERT INTO rid VALUES ('IT1162868791647102229654844','rTFsj@gmail.com');
INSERT INTO rid VALUES ('IT5350718586490709949996180','hEcCqlkcU@gmail.com');
INSERT INTO rid VALUES ('IT0993572913540891597093410','UwvNCEfX@gmail.com');
INSERT INTO rid VALUES ('IT3625360741220147506214706','FMSvHT@gmail.com');
INSERT INTO rid VALUES ('IT5295664415038228181331032','ClwMwa@gmail.com');

-----------------------------------------------------------------------------------------------------------------------------------------------------------------
CREATE TABLE cartaDiCredito(
numero CHAR(16) PRIMARY KEY,
circuito VARCHAR(20) NOT NULL,
dataS DATE CHECK (dataS > current_date),
email VARCHAR(20) NOT NULL,
FOREIGN KEY (email) REFERENCES utente);

INSERT INTO cartaDiCredito VALUES ('9646370286040102','Visa','16/5/2021','UKoUrDHbd@gmail.com');
INSERT INTO cartaDiCredito VALUES ('2514983989949819','Mastercard','29/5/2020','JvQxZ@gmail.com');
INSERT INTO cartaDiCredito VALUES ('7649384895212708','American Express','8/11/2023','Xatkgs@gmail.com');
INSERT INTO cartaDiCredito VALUES ('4900307356761531','American Express','28/10/2023','UKoUrDHbd@gmail.com');
INSERT INTO cartaDiCredito VALUES ('1951601496266615','American Express','23/6/2024','mDmqGH@gmail.com');
INSERT INTO cartaDiCredito VALUES ('7963749814509692','American Express','12/2/2020','KBUWdx@gmail.com');
INSERT INTO cartaDiCredito VALUES ('2922869937328515','Mastercard','1/6/2022','CefVVD@gmail.com');
INSERT INTO cartaDiCredito VALUES ('0736398991689790','American Express','8/11/2021','HuaFtClI@gmail.com');
INSERT INTO cartaDiCredito VALUES ('6294198826579542','Carta Si','15/10/2024','smPekbo@gmail.com');
INSERT INTO cartaDiCredito VALUES ('0755783571945518','American Express','28/9/2024','FMSvHT@gmail.com');
INSERT INTO cartaDiCredito VALUES ('3628022153886526','Carta Si','15/11/2021','ZMuNavi@gmail.com');
INSERT INTO cartaDiCredito VALUES ('3874625347304229','Mastercard','1/10/2024','JcgZYle@gmail.com');
INSERT INTO cartaDiCredito VALUES ('4927316305640689','Mastercard','20/1/2020','tkAIrNP@gmail.com');
INSERT INTO cartaDiCredito VALUES ('7264099836744609','Mastercard','1/10/2021','ClwMwa@gmail.com');
INSERT INTO cartaDiCredito VALUES ('9529179995006123','American Express','28/11/2020','JcgZYle@gmail.com');
INSERT INTO cartaDiCredito VALUES ('1075113836085380','Mastercard','13/7/2023','UwvNCEfX@gmail.com');
INSERT INTO cartaDiCredito VALUES ('0411177835777274','Carta Si','9/9/2022','vkHQljGVN@gmail.com');
INSERT INTO cartaDiCredito VALUES ('9232722675057481','Mastercard','25/1/2020','ZMuNavi@gmail.com');
INSERT INTO cartaDiCredito VALUES ('0362946476560082','Visa','9/10/2023','vkHQljGVN@gmail.com');
INSERT INTO cartaDiCredito VALUES ('8235228563821858','American Express','4/4/2020','znivQ@gmail.com');
INSERT INTO cartaDiCredito VALUES ('7949070109948931','Mastercard','13/1/2020','tkAIrNP@gmail.com');
INSERT INTO cartaDiCredito VALUES ('2781698948078776','Mastercard','26/5/2020','yAftTa@gmail.com');
INSERT INTO cartaDiCredito VALUES ('9631705379160561','Mastercard','15/4/2020','yAftTa@gmail.com');
INSERT INTO cartaDiCredito VALUES ('9931886179335332','American Express','19/7/2020','hEcCqlkcU@gmail.com');
INSERT INTO cartaDiCredito VALUES ('1525353052543163','Mastercard','24/7/2021','tkAIrNP@gmail.com');
INSERT INTO cartaDiCredito VALUES ('4786761675058321','American Express','2/4/2020','vkHQljGVN@gmail.com');
INSERT INTO cartaDiCredito VALUES ('3866831830606132','Carta Si','12/1/2020','uunVY@gmail.com');
INSERT INTO cartaDiCredito VALUES ('1249148702459386','Mastercard','10/4/2020','FMSvHT@gmail.com');
INSERT INTO cartaDiCredito VALUES ('7731107214697938','Visa','1/6/2021','znivQ@gmail.com');
INSERT INTO cartaDiCredito VALUES ('3101341551460820','Mastercard','14/7/2023','tkAIrNP@gmail.com');
INSERT INTO cartaDiCredito VALUES ('7228012446705629','Visa','6/11/2021','eUWaqTXu@gmail.com');
INSERT INTO cartaDiCredito VALUES ('1413770674820301','American Express','6/8/2023','CefVVD@gmail.com');
INSERT INTO cartaDiCredito VALUES ('2868430354270392','American Express','23/8/2024','JvQxZ@gmail.com');
INSERT INTO cartaDiCredito VALUES ('1173014276454574','Carta Si','15/5/2021','mDmqGH@gmail.com');
INSERT INTO cartaDiCredito VALUES ('6549120601136406','Carta Si','2/10/2020','urJphbK@gmail.com');
INSERT INTO cartaDiCredito VALUES ('0715984596843994','Visa','4/8/2023','jMEJIPLau@gmail.com');
INSERT INTO cartaDiCredito VALUES ('3831987535378287','Visa','20/2/2020','FMSvHT@gmail.com');
INSERT INTO cartaDiCredito VALUES ('1356200016248456','Mastercard','6/8/2022','jMEJIPLau@gmail.com');
INSERT INTO cartaDiCredito VALUES ('9336206513820496','Visa','6/10/2023','Xatkgs@gmail.com');
INSERT INTO cartaDiCredito VALUES ('7405955443298001','Visa','20/3/2020','yAftTa@gmail.com');
INSERT INTO cartaDiCredito VALUES ('9365320979808803','Carta Si','27/11/2022','znivQ@gmail.com');
INSERT INTO cartaDiCredito VALUES ('5882019473526668','Carta Si','20/7/2022','rTFsj@gmail.com');
INSERT INTO cartaDiCredito VALUES ('1054820228747742','Mastercard','22/8/2024','KBUWdx@gmail.com');
INSERT INTO cartaDiCredito VALUES ('7079309472262788','Mastercard','15/9/2021','inBWK@gmail.com');
INSERT INTO cartaDiCredito VALUES ('3617397612156590','Mastercard','16/7/2024','NcuPm@gmail.com');
INSERT INTO cartaDiCredito VALUES ('2306313849623983','Mastercard','13/1/2020','eUWaqTXu@gmail.com');
INSERT INTO cartaDiCredito VALUES ('7868519239336835','Mastercard','17/5/2023','eUWaqTXu@gmail.com');
INSERT INTO cartaDiCredito VALUES ('2466339703194555','Visa','29/3/2020','JcgZYle@gmail.com');
INSERT INTO cartaDiCredito VALUES ('5484436452473832','Mastercard','9/1/2020','UwvNCEfX@gmail.com');
INSERT INTO cartaDiCredito VALUES ('2947579804183149','Carta Si','23/9/2023','ClwMwa@gmail.com');

-----------------------------------------------------------------------------------------------------------------------------------------------------------------
CREATE TABLE abbonamento(
dataI DATE,
dataF DATE NOT NULL CHECK (dataF > dataI),
numSmartCard NUMERIC(20) NOT NULL,
email VARCHAR(20),
costo NUMERIC(4) CHECK (costo > 0),
tipo VARCHAR(20) NOT NULL,
riduzioneEta NUMERIC(4) DEFAULT 0,
riduzioneConv NUMERIC(4) DEFAULT 0,
cartaCarb NUMERIC(6) NOT NULL,
PRIMARY KEY (dataI,email),
FOREIGN KEY (email) REFERENCES utente);

INSERT INTO abbonamento VALUES ('18/5/2019','26/5/2020','39907986435006285706','LPgmn@gmail.com','01','EIFFvgynUvLwFINJSaRW','3','8','284227');
INSERT INTO abbonamento VALUES ('5/7/2019','28/7/2020','91314672527597428089','UKoUrDHbd@gmail.com','21','zOTebDADCltTlKWdozHY','563','33','909951');
INSERT INTO abbonamento VALUES ('8/4/2019','22/4/2020','74664776680741670091','uunVY@gmail.com','21','WrWxxXrBwxtKfufjoYsE','04','426','535105');
INSERT INTO abbonamento VALUES ('13/6/2019','11/7/2019','08997503839582693083','jXEeZPU@gmail.com','11','ZjuQzUSOlqNsvILrvsMF','4','544','585598');
INSERT INTO abbonamento VALUES ('15/5/2019','4/6/2019','27814480941813576109','FMSvHT@gmail.com','01','cUSaDMzFtaUXGnJjGxJo','6','036','479553');
INSERT INTO abbonamento VALUES ('27/2/2019','5/3/2019','80567291484236550911','jXEeZPU@gmail.com','11','oLgANsgIXZKurllISDQc','4','48','287887');
INSERT INTO abbonamento VALUES ('13/3/2019','26/3/2020','27539203517948839764','HuaFtClI@gmail.com','21','AszDgzWOwBfpGQalXTEm','8','975','829112');
INSERT INTO abbonamento VALUES ('17/10/2019','22/10/2020','37800041677638791228','Xatkgs@gmail.com','01','bTTROUbXerRULOchCEJd','4','80','403547');
INSERT INTO abbonamento VALUES ('19/5/2019','26/5/2020','77807189550640784323','kfCcIrHC@gmail.com','01','nYmtLHNUNWUPMjFGtImA','744','10','638839');
INSERT INTO abbonamento VALUES ('16/11/2019','17/11/2020','35519134072534440084','besdgS@gmail.com','11','KgOmyWuAEwvIHGJEvune','8','91','455571');
INSERT INTO abbonamento VALUES ('2/1/2019','23/1/2020','52043996124840237436','dXAoqNP@gmail.com','21','VCKrnVVkxZJlgjlrKykn','596','32','539901');
INSERT INTO abbonamento VALUES ('10/6/2019','14/6/2020','77212769102581788615','jMEJIPLau@gmail.com','21','olxlCYEoTvjjFxhZafVy','5','527','787397');
INSERT INTO abbonamento VALUES ('21/8/2019','29/8/2020','82676249183424491163','FMSvHT@gmail.com','11','ejihlvmEnIIpLUPXtaYa','364','95','196270');
INSERT INTO abbonamento VALUES ('3/2/2019','2/3/2019','42094092741055315568','CefVVD@gmail.com','01','gQzPiSGsKPIIwBmRIQxI','7','963','882548');
INSERT INTO abbonamento VALUES ('20/7/2019','6/8/2019','61884026991225090798','vkHQljGVN@gmail.com','01','IymHFtVnFkgslPSmKStP','39','0','943328');
INSERT INTO abbonamento VALUES ('11/3/2019','7/4/2019','11626042056115663285','jMEJIPLau@gmail.com','11','bZoDwUIAGxnECkwZKyrI','38','137','140653');
INSERT INTO abbonamento VALUES ('10/11/2019','3/12/2019','97992481725825426707','NcuPm@gmail.com','21','CIlhPDrCzFSNyKCgICkf','747','6','417720');
INSERT INTO abbonamento VALUES ('12/5/2019','20/5/2020','04748960863945043162','vkHQljGVN@gmail.com','11','JzEICbyfhMGziEsZCwUs','194','107','107081');
INSERT INTO abbonamento VALUES ('27/5/2019','11/6/2019','00363049676116563376','uunVY@gmail.com','21','eZNbMktkYChoRxjzoZyX','121','766','622858');
INSERT INTO abbonamento VALUES ('4/8/2019','23/8/2020','18679707267750987163','hEcCqlkcU@gmail.com','21','qKpswtZZWPYKeOlxEptO','498','45','658436');
INSERT INTO abbonamento VALUES ('5/5/2019','25/5/2020','87024711491651585257','tkAIrNP@gmail.com','11','mNyuWzmAQrRdubzlNFNx','4','79','369385');
INSERT INTO abbonamento VALUES ('13/2/2019','29/2/2020','92387100560404852011','besdgS@gmail.com','21','AMllIHlyiYCdQqvHBHix','8','3','923970');
INSERT INTO abbonamento VALUES ('12/8/2019','26/8/2020','82428124426439208822','ClwMwa@gmail.com','11','QpylPwbSMJbefYicfCNC','92','7','852120');
INSERT INTO abbonamento VALUES ('12/8/2019','1/9/2019','80085215052333564733','mDmqGH@gmail.com','21','aRgGrysIKklDxdEbJUmg','63','5','096326');
INSERT INTO abbonamento VALUES ('11/2/2019','25/2/2020','93277119694827633201','rTFsj@gmail.com','01','vbXOUXrnIWPgHGfEPPvG','534','0','739142');
INSERT INTO abbonamento VALUES ('1/11/2019','13/11/2020','71876547584548042575','mDmqGH@gmail.com','21','bpzDmQzcrxJPRsdBpDzk','026','9','500974');
INSERT INTO abbonamento VALUES ('9/4/2019','13/4/2020','04674225675050291305','JvQxZ@gmail.com','21','jiUqJPuWYKMkmrInYlHk','661','140','338036');
INSERT INTO abbonamento VALUES ('28/7/2019','15/8/2019','53964091550407547878','kfCcIrHC@gmail.com','01','wUYkbnUJKbnOnoJzrinU','7','2','606415');
INSERT INTO abbonamento VALUES ('21/10/2019','14/11/2019','00269611890600271522','dXAoqNP@gmail.com','11','bxjkRLHEjiUtzpMMPPJn','867','6','331316');
INSERT INTO abbonamento VALUES ('5/11/2019','11/11/2020','12684574468725690623','jMEJIPLau@gmail.com','11','ukYJwXiAiXBKyWDuqYle','259','53','749368');
INSERT INTO abbonamento VALUES ('24/9/2019','8/10/2019','96966577867595822917','hEcCqlkcU@gmail.com','11','mOTxjjiIDQvMXOndkFXV','2','94','768100');
INSERT INTO abbonamento VALUES ('8/4/2019','13/4/2020','77429557040245136790','UKoUrDHbd@gmail.com','01','yJsMXLZOcAMhkQNMSbsy','4','5','311591');
INSERT INTO abbonamento VALUES ('27/8/2019','21/9/2019','10647202205235329714','ClwMwa@gmail.com','21','pkJePIwDdDbFoVmkhxFT','714','45','057699');
INSERT INTO abbonamento VALUES ('16/1/2019','4/2/2019','19300424451429446884','LPgmn@gmail.com','01','jIpTMsldvLueahvnYMAi','99','4','340719');
INSERT INTO abbonamento VALUES ('8/2/2019','3/3/2019','60818488903867307254','HuaFtClI@gmail.com','21','hSlIAQGuAjmPINGTiLrB','6','16','319894');
INSERT INTO abbonamento VALUES ('7/9/2019','15/9/2020','71862551781991761101','UKoUrDHbd@gmail.com','21','KUNDrbvvnNpGqVIxPPUq','22','68','504574');
INSERT INTO abbonamento VALUES ('1/4/2019','26/4/2020','80709976675832452130','ZMuNavi@gmail.com','01','aXntiQKAwSLMQqaArneY','362','0','465150');
INSERT INTO abbonamento VALUES ('21/6/2019','9/7/2019','20378805423838018956','WMvOahc@gmail.com','01','ldURebFWOsUXFcTJTipY','6','2','817606');
INSERT INTO abbonamento VALUES ('10/9/2019','27/9/2020','04766517046063330678','LPgmn@gmail.com','01','MUApEnncnkjKIkrRtlKR','537','975','086291');
INSERT INTO abbonamento VALUES ('9/7/2019','21/7/2020','22466990163898104515','JvQxZ@gmail.com','01','rOPpIDTIhIvNJHBJcWrT','93','54','746450');
INSERT INTO abbonamento VALUES ('1/8/2019','10/8/2020','62159476985074626657','hEcCqlkcU@gmail.com','01','ArQUJhhRQrRXnkFDJTZN','1','9','717484');
INSERT INTO abbonamento VALUES ('21/1/2019','20/2/2019','89906437761101668409','inBWK@gmail.com','01','pyFPWShfkWlyywAzHlhq','2','4','642980');
INSERT INTO abbonamento VALUES ('1/9/2019','25/9/2020','27457148599042376921','Xatkgs@gmail.com','11','onqiIhYqmhXTtbMSFEtA','8','2','269601');
INSERT INTO abbonamento VALUES ('14/10/2019','6/11/2019','10402188699805898648','UKoUrDHbd@gmail.com','11','lwyNSgZuBCEgIiVXuZgc','32','4','848994');
INSERT INTO abbonamento VALUES ('6/2/2019','29/2/2020','66499832240792917909','hEcCqlkcU@gmail.com','01','wywlbeyAogThfWMeVscG','83','6','229174');
INSERT INTO abbonamento VALUES ('1/6/2019','2/6/2020','23197031284448175634','smPekbo@gmail.com','21','neqrhCqtljgRfYCXStoX','7','761','844964');
INSERT INTO abbonamento VALUES ('8/7/2019','29/7/2020','91562858440059972040','HuaFtClI@gmail.com','11','ZXuoorhszSEEPQmXWbFk','8','238','926578');
INSERT INTO abbonamento VALUES ('15/4/2019','3/5/2019','66822410395241060925','FMSvHT@gmail.com','01','jKslpUVmrUxXrsOZlUJP','413','145','750112');
INSERT INTO abbonamento VALUES ('26/11/2019','14/12/2019','97347982495479854621','mDmqGH@gmail.com','01','eoIGLZGQHHBplICiSUwO','82','0','823311');
INSERT INTO abbonamento VALUES ('2/3/2019','3/3/2020','06014994043194429785','kfCcIrHC@gmail.com','01','jrTocJokwfudUGfMKtFd','76','79','873034');
INSERT INTO abbonamento VALUES ('26/9/2019','6/10/2019','39024180503674374788','uunVY@gmail.com','11','ZbVbbUpHyRrfainQeZcd','395','51','261766');
INSERT INTO abbonamento VALUES ('23/7/2019','5/8/2019','24067257489043720638','rTFsj@gmail.com','01','XDFfpaUvxPBCtWCvdXWd','8','5','705689');
INSERT INTO abbonamento VALUES ('12/5/2019','11/6/2019','17724971090373753575','mDmqGH@gmail.com','11','HzjEuBcucnEqXUUwKGfg','516','14','120484');
INSERT INTO abbonamento VALUES ('23/6/2019','15/7/2019','59397506595647154276','UKoUrDHbd@gmail.com','21','TCZbBzlftigmElraPjGM','1','553','114659');
INSERT INTO abbonamento VALUES ('3/10/2019','14/10/2020','17473037716927112485','dXAoqNP@gmail.com','11','TtrYYNsSLkKHSpLjxCQS','80','2','133305');
INSERT INTO abbonamento VALUES ('18/3/2019','21/3/2020','37595983957877424882','mDmqGH@gmail.com','21','vtFYxixFPEhEVplvcFYH','206','014','842138');
INSERT INTO abbonamento VALUES ('23/6/2019','29/6/2020','69144570542227025977','JvQxZ@gmail.com','01','umKaLehYrVebKwyNUYAb','531','87','333968');
INSERT INTO abbonamento VALUES ('7/11/2019','26/11/2020','83725370478618873090','hEcCqlkcU@gmail.com','11','wtBzHppmZpqaNRsKmBKf','830','296','777962');
INSERT INTO abbonamento VALUES ('19/4/2019','23/4/2020','04047335350578382029','ZMuNavi@gmail.com','11','ZshpBCwUgTKVbZtZVNUn','0','826','064156');
INSERT INTO abbonamento VALUES ('25/1/2019','18/2/2019','99001950412071851160','LPgmn@gmail.com','21','eqtHViGsULzztmjiwDza','55','2','508616');
INSERT INTO abbonamento VALUES ('23/7/2019','16/8/2019','74275991158430693517','dXAoqNP@gmail.com','01','mkgDKMfhOQUtQdZHneLr','4','198','762748');
INSERT INTO abbonamento VALUES ('20/6/2019','13/7/2019','12722172773058114810','eUWaqTXu@gmail.com','01','WBqXPLZGOTNbXLQWXpJF','47','4','271636');
INSERT INTO abbonamento VALUES ('24/5/2019','4/6/2019','94999437826317797192','JvQxZ@gmail.com','21','wrqHFIANTwOnjIASxpUR','48','325','150643');
INSERT INTO abbonamento VALUES ('8/11/2019','27/11/2020','62572566328428267494','znivQ@gmail.com','21','KDeZMkHfaRsEKTwjHmfE','7','128','598589');
INSERT INTO abbonamento VALUES ('24/9/2019','18/10/2019','41361569733342634215','jXEeZPU@gmail.com','21','YIawXIyoIZxFesSWsBDI','7','74','820501');
INSERT INTO abbonamento VALUES ('26/10/2019','2/11/2019','26041924677449335890','LPgmn@gmail.com','01','iyLllHgzVwOOOwIdYrGw','4','726','471041');
INSERT INTO abbonamento VALUES ('17/4/2019','5/5/2019','60602662322591098441','urJphbK@gmail.com','01','btdmHJCZMXSagtERUWGq','89','700','443126');
INSERT INTO abbonamento VALUES ('19/6/2019','2/7/2019','35203721487489727974','NcuPm@gmail.com','01','XZKtwhtjswAWeyeONAzA','221','544','911851');
INSERT INTO abbonamento VALUES ('11/5/2019','15/5/2020','32381179360145439882','inBWK@gmail.com','11','bTSbxSCsBnOOUWJlvhDL','203','944','665543');
INSERT INTO abbonamento VALUES ('14/9/2019','10/10/2019','88603439115419060552','rTFsj@gmail.com','01','rdXTGpmMtDmLcESCnaQe','0','9','109486');
INSERT INTO abbonamento VALUES ('22/10/2019','4/11/2019','87636736374309444272','ClwMwa@gmail.com','11','tKrKSjMuvvyFsqGIbtxM','31','13','935195');
INSERT INTO abbonamento VALUES ('21/5/2019','18/6/2019','88439189806904171239','ZMuNavi@gmail.com','11','yezUFSroxONQNRxUmFFT','91','4','437914');
INSERT INTO abbonamento VALUES ('18/2/2019','24/2/2020','13593563357902534018','jXEeZPU@gmail.com','01','OempmXaScFcSNFSNpqZc','57','43','230205');
INSERT INTO abbonamento VALUES ('26/9/2019','6/10/2019','57316504537481235404','urJphbK@gmail.com','01','VFaOUHNPoNlSxzbQdupe','26','2','812456');
INSERT INTO abbonamento VALUES ('6/3/2019','25/3/2020','47854100271672844097','ClwMwa@gmail.com','01','rmoyPMxgydJGRlrWlPKC','51','5','887981');
INSERT INTO abbonamento VALUES ('22/3/2019','5/4/2019','48466203054666176833','kfCcIrHC@gmail.com','21','ZCCJVxBaATPYibKuZCNO','3','6','396445');
INSERT INTO abbonamento VALUES ('16/2/2019','6/3/2019','23888619345287090213','HuaFtClI@gmail.com','01','oYmrJrIOUcjKzHPwhARM','9','325','532998');
INSERT INTO abbonamento VALUES ('5/10/2019','21/10/2020','80144148877647194337','jMEJIPLau@gmail.com','01','xiQaUfNlrIGSwiYVAHwH','241','754','349997');
INSERT INTO abbonamento VALUES ('15/2/2019','11/3/2019','35671058463195863804','urJphbK@gmail.com','21','OqQrcnccyoiAKlflxEUP','32','60','027669');
INSERT INTO abbonamento VALUES ('12/3/2019','25/3/2020','50150528068151664309','LPgmn@gmail.com','01','IwyyNFhKRbZCejxyKczO','06','150','084613');
INSERT INTO abbonamento VALUES ('13/7/2019','29/7/2020','27008022956047736475','smPekbo@gmail.com','01','HJlCugsnDkliMvcuPQtK','7','35','751565');
INSERT INTO abbonamento VALUES ('18/11/2019','26/11/2020','82012082901857023173','yAftTa@gmail.com','01','szVQeFvwzzrTwarxBRbc','14','47','761410');
INSERT INTO abbonamento VALUES ('20/11/2019','2/12/2019','48850402303809594074','FMSvHT@gmail.com','11','cDTfEcfNXyUgXiaTCQuc','486','8','272588');
INSERT INTO abbonamento VALUES ('22/3/2019','18/4/2019','38240958294607011329','smPekbo@gmail.com','11','UpiUbuDtvcjMnmrxdRrQ','950','355','528226');
INSERT INTO abbonamento VALUES ('16/8/2019','18/8/2020','53985581006976948693','inBWK@gmail.com','11','JOpJUoCkAMhDZasdgQxa','3','54','744962');
INSERT INTO abbonamento VALUES ('23/10/2019','18/11/2019','10162221487242121228','NcuPm@gmail.com','11','gLDCtJuUPDHIKccJbwPF','4','5','155927');
INSERT INTO abbonamento VALUES ('8/6/2019','20/6/2020','01172287638118161034','yAftTa@gmail.com','11','vYEblUpfcDQsijepFOHp','524','42','478699');
INSERT INTO abbonamento VALUES ('14/5/2019','7/6/2019','48343467047412641025','smPekbo@gmail.com','01','zFQArZuGSEGaYRnjdtFI','080','67','992612');
INSERT INTO abbonamento VALUES ('28/2/2019','8/3/2019','74297504545617925373','NcuPm@gmail.com','01','tfPsmkoISlssbOVIFNYR','914','919','078256');
INSERT INTO abbonamento VALUES ('15/4/2019','21/4/2020','41268243908750803668','znivQ@gmail.com','01','CqrBnJsPzoyOPJZdeCqD','7','0','565559');
INSERT INTO abbonamento VALUES ('22/11/2019','4/12/2019','40521286221405610656','inBWK@gmail.com','01','mfymBAWMnTbAiHXjcIMk','0','154','670290');
INSERT INTO abbonamento VALUES ('8/4/2019','10/4/2020','59031888614233192817','CefVVD@gmail.com','01','vNsuFMViaqNpNJMigFZv','43','47','430189');
INSERT INTO abbonamento VALUES ('9/4/2019','2/5/2019','18813617903289039427','HuaFtClI@gmail.com','01','FStpLKypbYTDlrvATQvc','66','64','177818');
INSERT INTO abbonamento VALUES ('10/6/2019','18/6/2020','53274410100130554232','eUWaqTXu@gmail.com','11','pkLEzvIPMDyJhFdXvClh','10','4','267305');
INSERT INTO abbonamento VALUES ('24/5/2019','15/6/2019','47948535339024404601','ZMuNavi@gmail.com','11','vcRHwAKGqSeUGlBzPEpX','634','74','161443');
--INSERT INTO abbonamento VALUES ('1/9/2019','26/9/2020','35842345495711656173','Xatkgs@gmail.com','01','wDQsLRoUlXkvEpbjjwTS','8','763','289364');
INSERT INTO abbonamento VALUES ('2/1/2019','28/1/2020','44386062627952211391','yAftTa@gmail.com','11','BgPvByjAaCmSUzQNZdpD','6','0','822967');
INSERT INTO abbonamento VALUES ('23/7/2019','14/8/2019','10967393159668415405','inBWK@gmail.com','11','HDKIzQoyobTmUyYpngZT','70','525','741873');
INSERT INTO abbonamento VALUES ('11/7/2019','16/7/2020','01798433688868922296','mDmqGH@gmail.com','11','ONNVgvEmsWinxincPlNQ','479','948','192305');
INSERT INTO abbonamento VALUES ('21/4/2019','20/5/2019','28611301472577353750','HuaFtClI@gmail.com','01','XIJVRSDBWwVdQUkILlpT','03','892','512902');

-----------------------------------------------------------------------------------------------------------------------------------------------------------------
CREATE TABLE parcheggio
(nome VARCHAR(20) PRIMARY KEY,
longitudine VARCHAR(20) NOT NULL,
latitudine VARCHAR(20) NOT NULL,
zona VARCHAR(20)  NOT NULL,
indirizzo VARCHAR(20) NOT NULL,
numPosti NUMERIC(5) NOT NULL CHECK (numPosti > 0));

INSERT INTO parcheggio VALUES ('hDrjnJsWwutPfIJbrIjG','blCy78ZJlwFHDysnUDbv','vhWgWntB4tD4S02E6Fiy','cap','KLlgaM 18/2','19576');
INSERT INTO parcheggio VALUES ('VSovXaurCAfKfauezxpx','KqaSVe3f2gUHGK3FlCPG','fgP3i6HhNE2gi3AKeRVA','mgYjLjjguvr','WVoJaZXotkfimG 4/4','27623');
INSERT INTO parcheggio VALUES ('MbFhwCcWvpbpqkPJyvyM','IWAMQOnp8DylbzqsqXkV','aQLdZacaFdG96yIOHcud','','NdsCpZCbzVhYbT 14/6','18891');
INSERT INTO parcheggio VALUES ('LWGkjkxTlbIprTbgnsFg','YjSesvg8UF6xguMa6xDG','11D3UszYxmyIat3HkrVc','JumakKpviaoXYlUhpaj','KiQCRaHUlQQmeyD 23/1','43528');
INSERT INTO parcheggio VALUES ('tfQXnVEAbwoaXqYHDZIG','n7LxgI20Q0aDcsNovLal','kZJKqebzLQVfpBefANU2','hvRoKHNlcpWdWUqL','xKec 6/5','18013');
INSERT INTO parcheggio VALUES ('eCCcLQFHwLfrGPJPjOYi','H7temvbocPIgUpiaLKw1','30c6slIk39wrrrwsUDia','zASzAJWwDCfwwj','oEhizGA 6/6','29061');
INSERT INTO parcheggio VALUES ('btuGsDwtrGScZMvBhfbL','6KmXzaU0LuXlqYIDDrAI','Esj3my03JIHowmD05o6d','NXYI','QmnkXpHJl 14/0','56491');
INSERT INTO parcheggio VALUES ('OcwrMzAHdJzTFVaMJlhq','XL2sPk8MWTKmvbaloqgB','NlIT16D31JQiZLYSCS75','uWmWDKxOS',' 35/6','10520');
INSERT INTO parcheggio VALUES ('QADHrlflnNeIhClERPyb','LgYXysVDRWSulcdbtKLu','mHEqqalXLGyaw1AAkH3u','NfNLq','cfefokVRKt 14/9','20939');
INSERT INTO parcheggio VALUES ('rNLbgoXoJrquaaLkBKYP','8XbAcsLvFxLRPSEFHM2c','OY3Gf5YLgP0wHTymRnQu','WFfMMJcUksUiBGGQ','ofqoeDBfru 45/0','53012');
INSERT INTO parcheggio VALUES ('aPkDAnDSfPuxKcAokhXE','vw1ByxaMjT6v0KfDGVRP','n683FrESKMS50WElU55s','fvhjEexvRmLJxsFg','kaWQN 13/1','15944');
INSERT INTO parcheggio VALUES ('kHjwVimhpPlPXeDXbpSM','DVKHdnx6k5A0zWGQEkjw','E7MUedYMgLIAkIRI4gus','zfbFerAuC','DvVFRyY 28/4','58229');
INSERT INTO parcheggio VALUES ('hkRnvcDneaAmDepnsTgq','ZvTBrBY1c6DqbrwLvdJ9','DGY60XFhEXYPwBGhhOBR','RpWNbdpBiiiw','ZbwfL 35/3','59710');
INSERT INTO parcheggio VALUES ('XgYeBAZMEeZedXuThSmK','6gBt1bMWXxKKXNziZFOn','eO45ZcRkX3mXiVGEzJ3s','jLddSvOZduJp','TKaYXtujnsL 14/1','58646');
INSERT INTO parcheggio VALUES ('FlUHCVvvCBJXVYQSzheG','7zSSmsM9YNc9bR1d3w5M','NPtzfCwtpZe086WWrRpE','rQcvxTSQgzqmiuRnvF','FBTELF 46/3','59844');
INSERT INTO parcheggio VALUES ('ynmUZMcIivwveckNHqMp','AE2F2E2UQWcz6mvz8fHr','fJZjtRNkH2YWhEq19Sy2','lIkDyDCoGrTe','nls 29/8','47220');
INSERT INTO parcheggio VALUES ('RkiJwPTDXlSVPZrckNwZ','3EOwFESCTpzyON3ESTwk','sQRmqq2ScBOawffNsDxb','VPnNVabaBRIOilLNXVw','rxjYrORFewqLgUG 23/2','64670');
INSERT INTO parcheggio VALUES ('HloZYwobgonyucnAxyug','mCmBeFd6atZCXgEw8q5p','K6yb27uJCHs7V92eKrbc','GERRGeRaZYvdLhM','Prd 13/2','40041');
INSERT INTO parcheggio VALUES ('QaImFbNXkISYSqtNGMmo','clCW1plRLPy5PXpXn9Xv','4yISLHj3hxAv1qnApvny','SFIriCst','s 9/9','26912');
INSERT INTO parcheggio VALUES ('oqvAuWwaszmLVjUxKITe','1jo2mk56guMgndoUmhm7','id2ibvkAVAzPcvnG9xUb','','xQl 23/8','5926');
INSERT INTO parcheggio VALUES ('pQmHekkEzzqwXGxUXmhM','ck6slsO9G7XwNHvxZVa4','pxxbY3OHxcRupeb8gJjg','JchHTHXXrCrpvR','ASAOkxijioIq 42/8','56862');
INSERT INTO parcheggio VALUES ('egKILzsVAWYBxOCWijZn','Z4z0P3uMTNhQnj5h7wtS','DQoUwtxURmuDv4AWBugk','FgbOUqI','AMUkBSY 26/1','69083');
INSERT INTO parcheggio VALUES ('WeKHwCTjFxuaFbVVMGgN','ARacSqhuCB1zvKHcaO57','XhdtKomXEtLNmqkeGJbD','IrXMS','hnoClnITIcq 15/8','71376');
INSERT INTO parcheggio VALUES ('wabvpYUuWOgAVxhsHRPD','gBUoLN1h5EaytA9Pyiok','1Qdcxqe0LD5iylZCE4Fq','WcyDJei','qUc 25/7','17114');
INSERT INTO parcheggio VALUES ('pSwHNpGaolWeMhGOpUJr','gI9MZ1rN3WQQAsjsXGIM','EGZN9x42kYi7M4QIXMvS','loDisnuyu','hrulKdXgKYcG 27/8','89990');
INSERT INTO parcheggio VALUES ('ldUgtHdHUrGWJXcwHdhc','rjeOQeVWa4Pid8r5UsZy','x4j6O0y0yzXv25wiVsz1','PnB',' 37/7','28828');
INSERT INTO parcheggio VALUES ('JblAnyLsCTUlHlDdTELG','FdhZhyDnEcDlXASUG96g','pzA078kxICmnYXaJ3ysQ','dzrNhaU','lVdGezyTyja 40/4','55522');
INSERT INTO parcheggio VALUES ('ZMhqJUkvfeucFEdXqUce','wNDrtCGaD3oT92AboGiC','GBnOncFYApXTUjOBGgwc','eFVqeCwu','SApNcJOuciTuDT 18/6','63593');
INSERT INTO parcheggio VALUES ('hmmPhnLjDIkTKIvKNNrG','ZjyZXpG5HrOTLzKFdzO7','hLD5ZU1afCI2qtdEkNMF','sEaSbcl','IWBf 41/6','25422');
INSERT INTO parcheggio VALUES ('gqjnyVCUVDWCRljxdJmv','E8HoIynJcmjIu9OQouhP','F1bFFSou4WcZrZxTXusy','xVKL','WSg 17/4','99875');
INSERT INTO parcheggio VALUES ('OGqZYusjexfTDieXodXv','QvKpqPsOogdVMSF5TK9T','IEM85ht91ogzK63mAQof','sElDuhiEw','FERBqWLygxo 33/4','94731');
INSERT INTO parcheggio VALUES ('pEWEUfMvWiNXKMwVARNn','F6VqJcZI9CLtLlZpMDKm','93WJKP1nPOhHnddlrcBE','StxsvKKYAb','rvQEfrdWk 4/1','11158');
INSERT INTO parcheggio VALUES ('CDgBMaVONxvPmNXxBuix','S1hoQJZVuLnsr6VKIl5y','Co3UX5xRDMWGW7rUm8XA','AyBZQWpyvWzXuU','JUFkDBrdDZpcY 14/0','68110');
INSERT INTO parcheggio VALUES ('FDPIkQrIHnJfsUHbnYPL','y0Ajzcom5x8fv5W72wq9','YUapVBtC61w9ADS3bzKP','pxrY','btXWvwmbbncbZ 37/4','54401');
INSERT INTO parcheggio VALUES ('HkyAqUsKujzyuGHmxkOt','Nd5GZWZNvg1Nvlh5NHAO','SuJJQuh5yL6tcnOquk5o','liYYItPLUx','j 47/4','83152');
INSERT INTO parcheggio VALUES ('WCNuQCNPYWSpHTjsCatU','d1IRKjJb3FyGUTH3lYAj','1ZXpnufd4QEv9fsWIPT7','goVDuxEIXiLCfqV','AMhDtR 32/2','91417');
INSERT INTO parcheggio VALUES ('LwhJYLxWDatvvitYVcQj','cRs8zzwJyo4STo44288p','V9YImqPNyAHqT8o5CQQM','WVEKePr','xjU 40/5','62604');
INSERT INTO parcheggio VALUES ('mgLuYEqqbMFVQuGoKmCK','NY2wXUmBlk0VhhOMZ0Vx','rgmloRrUxyUwAvgXmtFL','V','Qd 16/3','39678');
INSERT INTO parcheggio VALUES ('FaopJOBqvffjhJLgkmPq','ObHadsteyLlSrwgnsyq6','3Kqf7V2bgMxZ1iKXZ5dz','XVvht','qb 47/4','62073');
INSERT INTO parcheggio VALUES ('lyVDWvsJTWqCroiJnSSN','mwLJ0ogW7fL7y8wk2TGD','5ivpGXbrccmYLZk8OIi2','xIpmPBiHIoKn','QGRyMrZdTyv 29/7','31116');
INSERT INTO parcheggio VALUES ('AuuWKsyOLqxJtxdMDvLM','qyeLEl6CUCHg9gSrR3no','Zp1LpC05Mm3nkVKtlpJT','sraUnApJz','ozOCsydMgvmtDSN 49/8','63360');
INSERT INTO parcheggio VALUES ('lDfVGMrxjxnhPPWqqypB','BtyIF6U27jc9VFH4LOAz','O1DGzEJFuC0yR4Gr2fah','UuhDAZsfdzzkvFzQso','jk 43/2','99011');
INSERT INTO parcheggio VALUES ('anKrzSnOLIRotYdFvynk','mnUNHpgcg8cK8LdIuj9g','7Cb9duFEPOkimpZsYINn','OXsiIwpPZSSM','szxCw 27/1','29460');
INSERT INTO parcheggio VALUES ('CScUdKpNfXgWePrYSyNO','8aBhMRyG4Fb6QrogQhcz','TxwPsbLda5dkxXjlG109','PeTYtMLhyYBQpwajEhi','oo 31/3','82627');
INSERT INTO parcheggio VALUES ('YitjoYXjhFZJGDJdFkqF','PLaA742sKb2jUBmHb2Fa','AQUuGBII1SRoFYyphpBU','gQimVY','TlhGBsB 24/4','82386');
INSERT INTO parcheggio VALUES ('WYCrTxQcFzWsGClqsykq','b5X0CpnDAaDd0eArr7cq','guxgKVJq9ai4F1C9SUha','oM','XdWfE 29/8','5639');
INSERT INTO parcheggio VALUES ('zJgPcmuytnttnpVaUaym','ThovKbprwylmqs2lPqHR','4BgMPRnXhyk1Ta5SLYxY','lIUbNTPVgHMSmTqRkDR','FoUxIcgooVLqv 32/0','24238');
INSERT INTO parcheggio VALUES ('zsZvnqWRDjdvCDRdTmJy','PthRSTBhuZEYHwpot2A8','3LLQNNrdOA5txQKWoPxe','HCDuv',' 47/2','60132');
INSERT INTO parcheggio VALUES ('YnXYmQRiLjpaCoKwYcsR','jvLvvksFOAln4GM7kNIF','XUKCAzB8YLNlDnywLj5E','hm','kiiEQwkctbLynCE 35/9','24864');
INSERT INTO parcheggio VALUES ('bYldOorwoWavWGPtcvIz','YLvLWhaG8oI5vtScTvHp','H40rDzacYw8nFKpwZvb3','xPxQPvEvXHLBaOAhd','FgjFZEHmFegtz 20/3','29787');

-----------------------------------------------------------------------------------------------------------------------------------------------------------------
CREATE TABLE categoria
(tipo VARCHAR(20) PRIMARY KEY);

INSERT INTO categoria VALUES ('City Car  ');
INSERT INTO categoria VALUES ('Van       ');
INSERT INTO categoria VALUES ('Utilitaria');
INSERT INTO categoria VALUES ('MicroCar  ');
INSERT INTO categoria VALUES ('Berlina   ');
INSERT INTO categoria VALUES ('Lussuosa  ');

-----------------------------------------------------------------------------------------------------------------------------------------------------------------
CREATE TABLE modello
(nomemodello VARCHAR(20),
produttore VARCHAR(20),
numeroPosti NUMERIC(1) NOT NULL CHECK (numeroPosti > 0),
numeroPorte NUMERIC(1) NOT NULL,
velocitaMax NUMERIC(3) NOT NULL CHECK (velocitaMax > 0),
consumoMed NUMERIC(2) NOT NULL CHECK (consumoMed > 0),
airbag BOOL,
servosterzo BOOL,
ariaCond BOOL,
altezza NUMERIC(3,2) NOT NULL CHECK (altezza > 0),
capacitaBagagli NUMERIC(4) NOT NULL CHECK (capacitaBagagli > 0),
larghezza NUMERIC(3,2) NOT NULL CHECK (larghezza > 0),
cilindrata NUMERIC(4) NOT NULL CHECK (Cilindrata > 0),
kw NUMERIC(3,1) NOT NULL CHECK (kw > 0),
tipo VARCHAR(20) NOT NULL,
PRIMARY KEY (nomemodello,produttore),
FOREIGN KEY (tipo) REFERENCES categoria);
							
INSERT INTO modello VALUES ('MlZihohjwwcwAukNhnGt','hQoRplMBFiosKAoacjMC','7','1','308','67','false','false','true','4.78','2130','5.32','5646','17.5','Utilitaria');
INSERT INTO modello VALUES ('cLTvBDtUCyaKnPFiWPuj','KymPhRnJOQqoDYFxobvh','6','7','380','64','false','true','true','3.68','2455','6.4','7773','75.3','Utilitaria');
INSERT INTO modello VALUES ('ozNqRNAQFvhHkpWCnmse','uoXyfzutCAivGLhpEuPe','2','7','285','36','true','false','true','7.25','4763','2.47','169','77.4','Utilitaria');
INSERT INTO modello VALUES ('YavSrdnaNXmmbVKpuzSk','ILgdlbmtWCiiAbhlnvlX','1','7','468','44','false','false','true','7.92','7417','5.95','294','56.0','Utilitaria');
INSERT INTO modello VALUES ('UNtxfTVjXibVaPaItIUP','lnURQbvRCXTkIdQxClWW','3','2','498','35','false','true','true','5.28','1063','7.33','8747','11.7','Utilitaria');
INSERT INTO modello VALUES ('RnVsBpIfPxkZsbTjDEQE','bfXuaEjmMwmlHvLygYEb','2','8','61','72','true','true','false','2.77','4440','4.3','9314','37.3','Utilitaria');
INSERT INTO modello VALUES ('sGBLXpkBNmeeQTdKJuOQ','VAdkKscTWLDbMrOZUlxP','7','1','494','5','false','true','true','3.20','7893','6.31','714','34.5','Utilitaria');
INSERT INTO modello VALUES ('cnVUWpCHFMDewVeMpgvI','dDNURYiQcACbXxmBLlnj','3','1','345','40','true','false','true','6.5','747','2.42','8629','77.3','Utilitaria');
INSERT INTO modello VALUES ('noFhgqkSMQrnKwFYmRSf','EYddWcjcWhhDcfbfScKa','2','8','129','29','true','false','true','5.54','1393','5.24','9702','56.6','Utilitaria');
INSERT INTO modello VALUES ('PIxENDpYUkAhHtwWiUja','uGzOGyftvUGEQeWyjyPc','7','1','438','17','true','true','false','2.15','5130','1.66','2647','78.2','Utilitaria');
INSERT INTO modello VALUES ('kyigHsgprJxCcKDSQfaz','GXMFWbYRTqkEeBxKKpiU','6','5','141','80','true','false','true','4.5','3684','4.17','2953','21.2','Utilitaria');
INSERT INTO modello VALUES ('OiwqTOxfrZyqOsSDCaZr','CAWHJIxvLvhFVtoeClan','5','7','212','7','true','true','false','2.76','5665','3.91','8058','41.6','Utilitaria');
INSERT INTO modello VALUES ('cKKPkJbxnZXlhCuqXRlb','SXKycHnOLFEHXowJHjBe','4','7','392','2','true','false','false','4.63','9489','7.31','6031','70.4','Utilitaria');
INSERT INTO modello VALUES ('hflMbKMSsIhfmLOjNQZY','dQaGAGsWSNJLNQPsQCql','3','2','105','13','false','true','true','6.42','5364','1.59','6804','88.5','Utilitaria');
INSERT INTO modello VALUES ('HufoihaEcmpgpcWllkFK','yWaVtIxnLhyaMFmbNKuI','8','2','362','22','true','true','true','2.57','4036','3.75','719','61.3','Utilitaria');
INSERT INTO modello VALUES ('YCAvXXkemEDACztfJAAZ','QwHdLlFYmvDVFQyJLCmR','5','1','23','24','true','true','false','8.54','9132','2.79','8476','13.4','Utilitaria');
INSERT INTO modello VALUES ('JDfHNsXhMXcYxykADvSi','ptoFpVzpZiNMxUJuyiAt','7','4','369','32','false','false','false','2.69','5554','5.53','4489','88.6','Utilitaria');
INSERT INTO modello VALUES ('LrovzOCvHOMbzCMPpLlc','bPuWelQVeFjxUKMAvnBD','7','1','286','75','true','true','true','8.14','4804','5.1','8494','65.5','Utilitaria');
INSERT INTO modello VALUES ('OttqOwxOGjOjDJtSotzK','ZQiriJwhoaxfvtVHttCf','6','4','58','69','false','true','true','3.94','3001','4.50','9899','97.6','Utilitaria');
INSERT INTO modello VALUES ('ZxwbovsLAUaxXbOhZKYP','DJuexFycTFExyUzEoOtQ','2','2','220','59','true','true','false','6.26','9285','7.48','2484','14.7','Utilitaria');
INSERT INTO modello VALUES ('wKHrJkOJlIdxqqNNOnIC','MYvNRIFKzohdDNZjpJvf','7','3','28','8','false','false','true','3.77','9667','5.35','9131','94.6','Utilitaria');
INSERT INTO modello VALUES ('pzsLbsuLISnkWYRewadb','ozuRvOlDTiPADccEjXnt','2','4','387','75','false','false','true','7.86','3789','4.19','5809','33.2','Utilitaria');
INSERT INTO modello VALUES ('UsYUWRVefMxxRODjsCcO','DOnpzxSTmpzIBwkoXdiw','3','5','197','31','false','false','false','2.94','9452','4.67','8425','33.4','Utilitaria');
INSERT INTO modello VALUES ('ORgGqZzDHJSDGjlUXsFj','gCuPHfFbMXibVnTPpOyE','7','5','15','32','false','false','true','6.56','7822','7.16','2554','19.6','Utilitaria');
INSERT INTO modello VALUES ('WNKEDTWkhTzZieOluUcj','hVnBJuoWDNzdYeEAUhyI','7','6','82','43','true','true','false','1.33','3930','7.4','4140','62.5','Utilitaria');
INSERT INTO modello VALUES ('GLrpLWHmBareEuPyNTJt','wXJGgDQlrQhpVMmKxEzy','3','1','65','29','false','true','true','3.77','9952','2.53','7323','14.8','Utilitaria');
INSERT INTO modello VALUES ('JRSXuUhzdghTmMThLBzM','MKkYPLOaBuMpvnClWKIu','4','3','179','2','false','true','false','2.76','7143','5.8','2244','91.2','Utilitaria');
INSERT INTO modello VALUES ('eEpqaOVqloZeiocyVoqL','mFQtQwdbdCbIlMaaOmcy','5','5','97','7','false','false','false','3.69','3429','8.7','5595','66.7','Utilitaria');
INSERT INTO modello VALUES ('GxmGjtJWcSjpLVmhamTR','gHIVxHVUyGlyFVqSirSs','1','8','243','56','false','false','true','7.24','6426','1.64','8803','46.1','Utilitaria');
INSERT INTO modello VALUES ('akDyiUfxkNIQXuRvunFZ','JhGbyDGeoPnBgEeRuVfx','8','3','171','49','true','true','true','1.75','8455','4.7','6882','77.3','Utilitaria');
INSERT INTO modello VALUES ('ppdVYKLBqCTGTnwBYKzL','UmdmmKREEwWUxWCsWdcN','4','2','499','64','false','true','false','7.5','4328','3.7','1923','53.1','Utilitaria');
INSERT INTO modello VALUES ('aMFIpVlYYmtdebakwaby','vJYIRNVibRiufZZQMzbx','7','3','46','32','true','false','false','2.79','9717','1.18','284','82.3','Utilitaria');
INSERT INTO modello VALUES ('yDuaMGIFvzTDlMHKnowJ','BvRvmoEtBTocltiDtalG','8','3','19','47','true','false','true','6.16','5419','5.29','6658','48.6','Utilitaria');
INSERT INTO modello VALUES ('gHecpSXJEPzSVVgKiQpR','gQcpGujGohltukXeslVX','3','6','27','24','true','true','true','1.91','2775','1.32','9010','78.6','Utilitaria');
INSERT INTO modello VALUES ('vttxvxqeUveGakEYAzmb','sDFzKlAEIoqRbFmTkzrz','2','7','142','40','true','false','false','8.70','9385','7.22','8478','52.1','Utilitaria');
INSERT INTO modello VALUES ('TzpvrJWEGxROYAMcuEIp','fwCVpyrxHjMWYaTQvWaA','1','5','50','12','true','true','true','6.76','566','3.49','7920','49.5','Utilitaria');
INSERT INTO modello VALUES ('mdnUQqmMqVSmlNVXpHBY','mDEYviDPrbHMUvWrmkeQ','1','1','329','80','true','true','false','3.58','118','4.6','7080','43.3','Utilitaria');
INSERT INTO modello VALUES ('eTDRQEOUjZrdxoneiDOX','ulaWsyYqbGsBWlLbdfMJ','4','4','302','16','true','false','true','8.77','4229','5.92','9703','85.6','Utilitaria');
INSERT INTO modello VALUES ('UfUaiXeecXYXECpEWJUa','XsdrOtkskynphKjXDlqp','8','7','475','26','false','false','true','1.13','9832','1.52','3974','29.1','Utilitaria');
INSERT INTO modello VALUES ('uCEBoXYnmZdwMztToVTi','cMGjadZPusXNtvXUDsGE','4','7','404','25','true','true','false','6.60','6112','4.81','6696','84.4','Utilitaria');
INSERT INTO modello VALUES ('jRhAGobIbSEvrZcFSYwI','YizcodwJYshBuHCoHtkO','5','7','89','11','true','false','false','6.17','9193','1.39','4890','51.8','Utilitaria');
INSERT INTO modello VALUES ('KykmrBVlOnYWTgRfHZfz','zFZrhuRfIpFPiKXGaHpm','3','6','267','11','true','false','false','1.72','8620','4.60','6134','49.7','Utilitaria');
INSERT INTO modello VALUES ('LpXOFmGThQBiiuphtEHx','gAkrfiAeCeoELbmHyFnc','4','7','263','38','true','false','false','2.81','9944','2.81','6267','38.5','Utilitaria');
INSERT INTO modello VALUES ('AvlxSNOJnGadwBGWbJWr','MwCkpkMkWvWVVnvEtfKO','2','6','404','41','false','true','false','5.15','20','6.87','3010','1.7','Utilitaria');
INSERT INTO modello VALUES ('xtfwRVAJzNfUyyMqejOZ','fUilRyCDFwLierlqnDkL','5','5','357','80','true','true','true','8.81','2366','3.92','5022','58.6','Utilitaria');
INSERT INTO modello VALUES ('rUNUapLnMhBbIjoWbIPi','YetgwHosfaulDvyeYUaT','7','2','435','55','true','true','false','1.20','8776','2.63','3760','32.5','Utilitaria');
INSERT INTO modello VALUES ('TNVBbHpwmKrdTjuMVrEn','mKiJokuiLliTHHwVMEhw','6','4','34','60','false','false','false','1.65','261','2.11','387','93.3','Utilitaria');
INSERT INTO modello VALUES ('JVMAxgdvhqboVCxypdMz','FIjtZyDGkIIOkLBWiNPe','8','4','468','27','false','false','false','1.57','9864','4.22','7875','18.5','Utilitaria');
INSERT INTO modello VALUES ('ffJLUnNmiViyULjykqcI','gXwkykNvUVKdLiMDEQnQ','6','4','67','31','true','false','true','6.8','9287','3.84','1971','9.1','Utilitaria');
INSERT INTO modello VALUES ('ApnsoosFFKAZgEjcLRPL','tuaPipFQPDIrjFAYOpdw','2','2','402','6','false','false','true','1.25','5569','1.84','5873','88.0','Utilitaria');
INSERT INTO modello VALUES ('jvQRqYsclMOFbPriqhnp','LXvOCwHSjZzPfAGpvBQx','8','8','323','45','false','true','false','5.58','1964','4.5','9884','1.1','Utilitaria');
INSERT INTO modello VALUES ('aRNXheKREhLdxYOUzcaf','KgwfvlkaHHEkOWbQRaLt','4','8','402','79','true','true','true','4.0','7437','4.38','2566','63.1','Utilitaria');
INSERT INTO modello VALUES ('zlhhZtJGOtbXXDXXmHpW','tKFHxqorQfYBRGNAMPNo','7','3','23','73','false','false','true','8.10','8142','7.83','4620','42.0','Utilitaria');
INSERT INTO modello VALUES ('AjvbKeXqgWfiZhVRxBvT','dRlUJIDKvBDWpQMwZjPp','8','5','11','7','false','false','true','3.51','2335','1.9','7322','53.5','Utilitaria');
INSERT INTO modello VALUES ('yknAVqvjjRGrlLnwUQzr','ntHzBUIrdGoqtxtuZKGC','6','8','459','39','false','false','true','3.79','7303','5.12','1299','12.3','Utilitaria');
INSERT INTO modello VALUES ('yLASscOZLQDeQNaVfwtT','wjxkTisoHtlApGIqtCQz','3','4','294','21','true','false','false','1.5','6112','5.55','1625','14.4','Utilitaria');
INSERT INTO modello VALUES ('ycgsgYPZONNvdmhhTBdY','EYIdJAWxfzTSRyamZVdf','2','5','406','60','false','true','true','2.4','2706','5.36','2302','8.8','Utilitaria');
INSERT INTO modello VALUES ('tswBLBTsCCpFFjCWJjsf','dSPHNfAWyuPmBkLgNRVL','1','4','115','42','false','true','false','6.93','8938','3.32','990','28.2','Utilitaria');
INSERT INTO modello VALUES ('kJUKOOIbFMJQgrwqtmwL','WuOegDZSqmLIroEaPHBk','7','3','242','60','true','true','true','1.45','768','7.24','2425','58.3','Utilitaria');
INSERT INTO modello VALUES ('puNJgZHzbtwXGHNsckQg','QKEtMIjnkXuVWzutVluA','8','7','17','61','false','false','false','2.52','5492','1.1','4507','86.2','Utilitaria');
INSERT INTO modello VALUES ('UsMECDUsZCSCenGJXVgN','uxvHObtbORVZDXzFfoBD','6','8','28','26','true','true','false','4.13','6419','7.55','9778','96.1','Utilitaria');
INSERT INTO modello VALUES ('bbXSUgRDCZufhUoGrnMn','TWILkoehZGhGJPrQnwzM','6','6','5','48','false','false','true','7.81','5742','8.0','4890','11.8','Utilitaria');
INSERT INTO modello VALUES ('BdxSFvBaaTxXXaOkQZpW','UwRikQdkErzTaVRmvUGk','6','4','495','11','false','true','true','8.94','9865','6.90','9543','43.5','Utilitaria');
INSERT INTO modello VALUES ('wPkfWbrViSpKtlYCCvKc','GeeBcMxBJycrQOymtSsw','5','3','143','55','false','true','false','3.77','9357','3.68','9370','31.5','Utilitaria');
INSERT INTO modello VALUES ('iKpLRJQpQCSdAgilULnq','tAQlUSpYKwRDVGtnHaNF','4','6','481','2','true','true','true','3.6','7717','2.62','3152','83.0','Utilitaria');
INSERT INTO modello VALUES ('ifgIeFlXWDcfhbgXDCCf','KgtFDgSPRJhyQbUJraem','5','5','222','55','false','false','true','1.27','6916','4.14','8194','80.4','Utilitaria');
INSERT INTO modello VALUES ('wxxUQHQegyiXJuRAasUH','RnMcwoBLbvNtZkcSBggU','6','7','218','51','false','true','true','6.50','2228','4.70','3244','38.3','Utilitaria');
INSERT INTO modello VALUES ('FEMqOLHQXNOsgTiLxqkj','kxKkBbGhHwKqPmNWcLeR','1','4','159','68','true','true','false','8.56','967','7.49','4252','53.8','Utilitaria');
INSERT INTO modello VALUES ('IRysTDnkZfpacqTGPSgn','CLUkZHWERUtcOShBJGKp','5','8','252','52','true','true','true','5.89','8453','3.68','1453','89.3','Utilitaria');
INSERT INTO modello VALUES ('URlpoJNSNMGszzDqJlBQ','cuPwixPlzcjsWqpnzrBI','1','3','346','33','true','false','false','2.51','2566','5.73','2325','13.2','Utilitaria');
INSERT INTO modello VALUES ('kDWPoxfcRJTybASUHTFx','qTwdRdfrWrsdGYfyzjxq','2','3','429','55','true','true','true','8.42','732','1.62','8403','35.8','Utilitaria');
INSERT INTO modello VALUES ('OcxZSmitqqGRhvSOvUAJ','mOaaDwvTChGXklUhRRcZ','7','7','471','2','false','true','false','2.37','5366','8.9','4233','94.1','Utilitaria');
INSERT INTO modello VALUES ('SbOKQnoketAsyLitYBfH','pqTgIEMjBACEwREbaojn','3','8','14','32','true','false','true','3.66','9685','5.16','9478','86.8','Utilitaria');
INSERT INTO modello VALUES ('YjYGSdRVxbfxYWsvyvIn','yWwoAHHvXjZIpgExXAUF','6','5','73','44','true','true','true','5.26','7650','1.86','2976','38.6','Utilitaria');
INSERT INTO modello VALUES ('yuTmUqLEKEQztJgAQgDf','TCCzwyjkqgIaTWlEpUbL','3','7','114','36','true','true','true','1.87','4781','5.50','6638','52.4','Utilitaria');
INSERT INTO modello VALUES ('bskUYJSeYzgSoDWTUSBV','OKleuRHJLRHDyjEspEhx','1','8','140','67','true','false','true','1.21','2898','4.5','9548','39.6','Utilitaria');
INSERT INTO modello VALUES ('TxQCIezvXjzKtCIaDaZW','UgfMQrMyJqnWAqkIoExn','5','7','450','6','false','false','false','1.16','8495','8.60','5697','94.0','Utilitaria');
INSERT INTO modello VALUES ('TTDjCvTdcRosaAMNFibb','LwVcFVzDLfFSlnmcmEly','1','3','202','58','false','false','false','5.89','8515','4.11','1676','36.5','Utilitaria');
INSERT INTO modello VALUES ('OATevlCrBgRRkkvgndBW','ZrQJGGfKIcmqwBcicuxs','3','7','474','75','false','false','false','7.92','6235','3.20','9970','87.7','Utilitaria');
INSERT INTO modello VALUES ('tZyMMMKwLEDCGOFkQhpe','NXbawCzNudQHUirxcwGi','2','5','309','54','true','true','true','6.96','8252','2.66','9064','68.2','Utilitaria');
INSERT INTO modello VALUES ('TUnBYhBInZkBHAdkMEkf','CXxLFDYlBZFWstHBEVpB','7','1','369','6','true','false','true','8.44','7953','4.10','1993','85.5','Utilitaria');
INSERT INTO modello VALUES ('ORjZXOpwaWlHGaFqtzoX','QEVTJvqSwmoEOCdysxlc','8','1','369','26','true','false','true','2.3','9949','8.52','884','9.0','Utilitaria');
INSERT INTO modello VALUES ('jevIGGqUqcUrAtLcsARm','poTyVlOWvTjQGFuHWbPj','2','3','180','44','false','false','false','2.43','3822','7.28','9588','40.2','Utilitaria');
INSERT INTO modello VALUES ('TRYlfqBKqkwVJqNeWxyD','ZETdZALYvqPCGYHBKlyr','8','4','463','74','true','true','true','2.24','4638','4.20','2070','51.6','Utilitaria');
INSERT INTO modello VALUES ('NBpeoWBYsNbSIbPjwqBp','XTfXLpZixrvDSSHXgzik','7','1','318','1','true','true','true','6.91','2089','2.18','1733','6.2','Utilitaria');
INSERT INTO modello VALUES ('mGpxJSZpuVJVEKTmwZxn','glREueRvGomkCknBekoM','2','4','415','44','false','false','false','7.57','4732','8.18','5702','71.1','Utilitaria');
INSERT INTO modello VALUES ('AJnrqtbYWlrOzaEOwFOH','XJKkAjfqEyrJpABWfvUB','3','4','53','56','false','false','true','1.13','3294','5.0','3208','72.4','Utilitaria');
INSERT INTO modello VALUES ('XvoPjGpkMaOCOSDJmVFg','AncOEMVzKnafRVDcfglV','5','6','89','34','true','false','true','3.68','9818','6.55','8061','47.3','Utilitaria');
INSERT INTO modello VALUES ('MheYboRhpBxNLtVxCYjP','jaZmHsRyLysSaLSDmPJV','7','8','171','69','false','false','true','4.59','9070','8.6','2284','25.3','Utilitaria');
INSERT INTO modello VALUES ('mbjyPvtkksoTeVKTpQRn','KbrUKqySylJiqcFcWxSU','6','2','200','80','false','true','true','8.37','2772','5.18','9129','73.1','Utilitaria');
INSERT INTO modello VALUES ('dMyqvxlNZqMhumjJdoiE','ZGmnKxcwmKjxQPMkskOQ','5','3','144','29','false','false','true','7.31','6284','3.9','131','31.2','Utilitaria');
INSERT INTO modello VALUES ('eQaltgqIcnSERFXMwItG','tQtChHxDLGmjWcMzbbto','4','4','205','59','false','false','true','4.80','3322','6.58','5469','46.2','Utilitaria');
INSERT INTO modello VALUES ('NivQyxBlxykanXiNwWuK','znCviyULytvMmdyzcDkA','6','7','97','36','false','true','true','7.15','9260','1.66','6767','18.6','Utilitaria');
INSERT INTO modello VALUES ('vNFnUZEgfdLOLiNCqFNt','pMtuHtFbTQWNiSoGXvtO','3','4','388','6','false','true','false','6.21','6033','1.12','9774','19.0','Utilitaria');
INSERT INTO modello VALUES ('ywvheBQYeKiyhihmBbss','seFafCyHcvbQhlNsRwfP','6','3','330','77','true','true','true','4.18','3707','3.70','8770','26.4','Utilitaria');
INSERT INTO modello VALUES ('qHVlrweUNAMzDtZXkjPV','pGCnfueoflVsRNjybglE','7','3','340','22','true','false','false','3.30','1780','6.85','4815','16.5','Utilitaria');
INSERT INTO modello VALUES ('RQBgLqroIjrMrguCumgR','RHgtWYfRxhkeVkokdJmp','5','1','147','61','true','false','true','3.40','7679','6.88','272','30.5','Utilitaria');
INSERT INTO modello VALUES ('UDvxBhJFQKydDbbuxzux','WSURVVulytIKYHbSWjcR','3','5','86','78','false','false','false','3.37','3504','4.1','7875','97.0','Utilitaria');
INSERT INTO modello VALUES ('HCjVbANjVIjbhpjGlpFF','GVlCvRGVwWpbXNxBTffJ','5','4','239','39','true','false','false','3.40','1334','3.20','8635','63.2','Utilitaria');
INSERT INTO modello VALUES ('VLkvKNyJMApwohVKBsDX','QaNbcqXaOYUzqflykcCc','8','7','97','51','false','true','false','3.89','9351','6.80','212','55.8','Utilitaria');

-----------------------------------------------------------------------------------------------------------------------------------------------------------------
CREATE TABLE vettura 
(targa CHAR(7) PRIMARY KEY,
nome VARCHAR(20)  NOT NULL,--UNIQUE
colore VARCHAR(20) NOT NULL,
chilometraggio NUMERIC(7) NOT NULL CHECK (chilometraggio >= 0),
seggiolini NUMERIC(1) NOT NULL CHECK (seggiolini >= 0),
trasportoAnimali BOOL,
nomeParcheggio VARCHAR(20) NOT NULL,
nomeModello VARCHAR(20) NOT NULL,
produttore VARCHAR(20) NOT NULL,
FOREIGN KEY (nomeModello, produttore) REFERENCES modello,
FOREIGN KEY (nomeParcheggio) REFERENCES parcheggio);
			
INSERT INTO vettura VALUES ('XH672cx','hanBVJyjZoJJUKtdEB','ymScXdJbS','1061269','8','false','YitjoYXjhFZJGDJdFkqF','noFhgqkSMQrnKwFYmRSf','EYddWcjcWhhDcfbfScKa');
INSERT INTO vettura VALUES ('SF998LQ','EAQYiMVYKcwMcvfPg','qUa','1381614','0','true','HkyAqUsKujzyuGHmxkOt','kyigHsgprJxCcKDSQfaz','GXMFWbYRTqkEeBxKKpiU');
INSERT INTO vettura VALUES ('mZ538wc','rdUJMXEOkGs','MaaenfCxdQYN','7562475','8','false','anKrzSnOLIRotYdFvynk','ppdVYKLBqCTGTnwBYKzL','UmdmmKREEwWUxWCsWdcN');
INSERT INTO vettura VALUES ('nF771uO','CLVVULohzu','QnqAYEehvwzmBRkmb','6091609','7','true','pSwHNpGaolWeMhGOpUJr','NivQyxBlxykanXiNwWuK','znCviyULytvMmdyzcDkA');
INSERT INTO vettura VALUES ('uV030MN','WNgOAsE','','8647199','5','true','FaopJOBqvffjhJLgkmPq','TUnBYhBInZkBHAdkMEkf','CXxLFDYlBZFWstHBEVpB');
INSERT INTO vettura VALUES ('tP652LO','EjmyrikgIRL','DHR','0054503','7','true','OGqZYusjexfTDieXodXv','kyigHsgprJxCcKDSQfaz','GXMFWbYRTqkEeBxKKpiU');
INSERT INTO vettura VALUES ('rK458sb','NXTkGYFNYklmFksP','zTpqNSzQrOOHA','0266724','5','false','btuGsDwtrGScZMvBhfbL','yknAVqvjjRGrlLnwUQzr','ntHzBUIrdGoqtxtuZKGC');
INSERT INTO vettura VALUES ('Pc939iQ','NwGbZUDubbyLNvsOVD','ekbRbaRBNYcRRc','2647322','4','true','hDrjnJsWwutPfIJbrIjG','AJnrqtbYWlrOzaEOwFOH','XJKkAjfqEyrJpABWfvUB');
INSERT INTO vettura VALUES ('Jp544dF','GkKoqeCkZ','xPzWfQzQWEjIe','6104435','1','true','pQmHekkEzzqwXGxUXmhM','NivQyxBlxykanXiNwWuK','znCviyULytvMmdyzcDkA');
INSERT INTO vettura VALUES ('JG253nb','lNvlnKPinpdOselODxM','ckIAdDTnXk','5727403','3','true','QaImFbNXkISYSqtNGMmo','xtfwRVAJzNfUyyMqejOZ','fUilRyCDFwLierlqnDkL');
INSERT INTO vettura VALUES ('Zq804TM','EWiYk','aelJ','3526843','5','false','QaImFbNXkISYSqtNGMmo','ffJLUnNmiViyULjykqcI','gXwkykNvUVKdLiMDEQnQ');
INSERT INTO vettura VALUES ('KI043aX','vXPtBstNPMOdY','a','9016011','4','true','pQmHekkEzzqwXGxUXmhM','BdxSFvBaaTxXXaOkQZpW','UwRikQdkErzTaVRmvUGk');
INSERT INTO vettura VALUES ('Ch571qE','UpIvXUFOsvlpQ','CqDQbdaJFINDAOa','8964651','0','true','JblAnyLsCTUlHlDdTELG','MheYboRhpBxNLtVxCYjP','jaZmHsRyLysSaLSDmPJV');
INSERT INTO vettura VALUES ('sX485Vb','VvCCtTjXMtJJqJtMkSr','AimZgQYtPhh','0099433','1','false','HkyAqUsKujzyuGHmxkOt','LpXOFmGThQBiiuphtEHx','gAkrfiAeCeoELbmHyFnc');
INSERT INTO vettura VALUES ('jK093nE','bO','m','5369343','4','false','hkRnvcDneaAmDepnsTgq','kJUKOOIbFMJQgrwqtmwL','WuOegDZSqmLIroEaPHBk');
INSERT INTO vettura VALUES ('pK227Np','hKMBMhrxTYFleiH','gNVNlvzxMnlSSWmm','0039036','2','false','hDrjnJsWwutPfIJbrIjG','OttqOwxOGjOjDJtSotzK','ZQiriJwhoaxfvtVHttCf');
INSERT INTO vettura VALUES ('tS009Mi','IJyxqJCy','cVJZdlSQNuogVl','6221508','6','false','CDgBMaVONxvPmNXxBuix','HufoihaEcmpgpcWllkFK','yWaVtIxnLhyaMFmbNKuI');
INSERT INTO vettura VALUES ('Rs191Fm','z','GRjyu','9198800','3','false','anKrzSnOLIRotYdFvynk','yuTmUqLEKEQztJgAQgDf','TCCzwyjkqgIaTWlEpUbL');
INSERT INTO vettura VALUES ('xI320Hc','rWtydrUarh','QauIyITLq','2225798','0','true','WeKHwCTjFxuaFbVVMGgN','cKKPkJbxnZXlhCuqXRlb','SXKycHnOLFEHXowJHjBe');
INSERT INTO vettura VALUES ('rz917EL','lYVdju','dDNj','0378734','0','false','AuuWKsyOLqxJtxdMDvLM','cKKPkJbxnZXlhCuqXRlb','SXKycHnOLFEHXowJHjBe');
INSERT INTO vettura VALUES ('PC218Cg','TpbPuMXXVjA','','5683084','8','false','hDrjnJsWwutPfIJbrIjG','kDWPoxfcRJTybASUHTFx','qTwdRdfrWrsdGYfyzjxq');
INSERT INTO vettura VALUES ('Tq119Vh','bvXVQLF','Bzky','3786381','1','true','MbFhwCcWvpbpqkPJyvyM','jRhAGobIbSEvrZcFSYwI','YizcodwJYshBuHCoHtkO');
INSERT INTO vettura VALUES ('tq346Br','kOIdBZDgAsz','BKwcxHLIvYMSiHRvRM','7225243','2','true','AuuWKsyOLqxJtxdMDvLM','wKHrJkOJlIdxqqNNOnIC','MYvNRIFKzohdDNZjpJvf');
INSERT INTO vettura VALUES ('pO227Bw','emRgauiJb','ML','1212015','6','false','WeKHwCTjFxuaFbVVMGgN','MlZihohjwwcwAukNhnGt','hQoRplMBFiosKAoacjMC');
INSERT INTO vettura VALUES ('IY397Ar','oCzFcixFvekNwQf','VCJayqPzGlvEr','8067695','6','false','JblAnyLsCTUlHlDdTELG','OATevlCrBgRRkkvgndBW','ZrQJGGfKIcmqwBcicuxs');
INSERT INTO vettura VALUES ('gi328GZ','PNcLNPa','zmEsvoiRElkI','1439653','5','true','HkyAqUsKujzyuGHmxkOt','TUnBYhBInZkBHAdkMEkf','CXxLFDYlBZFWstHBEVpB');
INSERT INTO vettura VALUES ('fd539fN','XcCwOTTHgZojTnCDZIk','JEIIiO','5472096','1','false','OGqZYusjexfTDieXodXv','AJnrqtbYWlrOzaEOwFOH','XJKkAjfqEyrJpABWfvUB');
INSERT INTO vettura VALUES ('Be217RT','VdLn','ZulOZLnvylkQLFNtUiQ','6989085','0','true','pSwHNpGaolWeMhGOpUJr','HufoihaEcmpgpcWllkFK','yWaVtIxnLhyaMFmbNKuI');
INSERT INTO vettura VALUES ('dS725tT','cPAabKtxaIeXuayfP','bXfraKqXnlswnCRrCZ','1102298','7','true','aPkDAnDSfPuxKcAokhXE','zlhhZtJGOtbXXDXXmHpW','tKFHxqorQfYBRGNAMPNo');
INSERT INTO vettura VALUES ('cS143hg','cLzLAtn','yTV','9944995','7','false','QaImFbNXkISYSqtNGMmo','WNKEDTWkhTzZieOluUcj','hVnBJuoWDNzdYeEAUhyI');
INSERT INTO vettura VALUES ('tx872OJ','udabDFmALbURmZ','CPT','1237458','0','true','FlUHCVvvCBJXVYQSzheG','jRhAGobIbSEvrZcFSYwI','YizcodwJYshBuHCoHtkO');
INSERT INTO vettura VALUES ('jw193FM','PsFMehZVuLT','EaQXxkTlgL','1992146','6','true','LwhJYLxWDatvvitYVcQj','HufoihaEcmpgpcWllkFK','yWaVtIxnLhyaMFmbNKuI');
INSERT INTO vettura VALUES ('GA176es','SfpeWolxGd','UEJvhnrI','9939484','1','true','YitjoYXjhFZJGDJdFkqF','kDWPoxfcRJTybASUHTFx','qTwdRdfrWrsdGYfyzjxq');
INSERT INTO vettura VALUES ('dR263yd','hNwenkvCgQFFrsn','tBWjTwxWZRHybDFLU','1833003','1','true','FaopJOBqvffjhJLgkmPq','UNtxfTVjXibVaPaItIUP','lnURQbvRCXTkIdQxClWW');
INSERT INTO vettura VALUES ('Dt190pH','ydlOQpswNwdwplOx','ZyLGrvmfDZqUKD','0421384','4','true','tfQXnVEAbwoaXqYHDZIG','ffJLUnNmiViyULjykqcI','gXwkykNvUVKdLiMDEQnQ');
INSERT INTO vettura VALUES ('zO456oG','KFnjWEwXUdqa','uYbiWAtAVRlUJ','5927277','5','false','hmmPhnLjDIkTKIvKNNrG','NBpeoWBYsNbSIbPjwqBp','XTfXLpZixrvDSSHXgzik');
INSERT INTO vettura VALUES ('Jb158Ee','ziegkQsN','DHNWh','3664565','8','true','OGqZYusjexfTDieXodXv','ywvheBQYeKiyhihmBbss','seFafCyHcvbQhlNsRwfP');
INSERT INTO vettura VALUES ('xd019qZ','IlBSnlml','ifCCpgDrVWegMK','6606334','1','false','LwhJYLxWDatvvitYVcQj','xtfwRVAJzNfUyyMqejOZ','fUilRyCDFwLierlqnDkL');
INSERT INTO vettura VALUES ('VI944ux','kRRBeJo','ScLJoOJ','7789014','7','true','JblAnyLsCTUlHlDdTELG','kyigHsgprJxCcKDSQfaz','GXMFWbYRTqkEeBxKKpiU');
INSERT INTO vettura VALUES ('kK012nO','iTyITHJqH','VbkHSjkBhLNPKQm','6199094','0','false','aPkDAnDSfPuxKcAokhXE','JRSXuUhzdghTmMThLBzM','MKkYPLOaBuMpvnClWKIu');
INSERT INTO vettura VALUES ('gA773qO','NVu','SOgkRudX','3388185','3','true','hkRnvcDneaAmDepnsTgq','UfUaiXeecXYXECpEWJUa','XsdrOtkskynphKjXDlqp');
INSERT INTO vettura VALUES ('Sg664qb','iRaFfvlmQETKjQXFrXS','LuJlM','2429139','0','false','OGqZYusjexfTDieXodXv','noFhgqkSMQrnKwFYmRSf','EYddWcjcWhhDcfbfScKa');
INSERT INTO vettura VALUES ('MG596pL','RKB','O','8794233','7','false','JblAnyLsCTUlHlDdTELG','ozNqRNAQFvhHkpWCnmse','uoXyfzutCAivGLhpEuPe');
INSERT INTO vettura VALUES ('qV913Wr','pdsXYKKtDrHUnwtQ','TxvGT','0295369','5','false','LwhJYLxWDatvvitYVcQj','UNtxfTVjXibVaPaItIUP','lnURQbvRCXTkIdQxClWW');
INSERT INTO vettura VALUES ('it450fR','Za','YsVOVuj','0924770','5','false','WeKHwCTjFxuaFbVVMGgN','NBpeoWBYsNbSIbPjwqBp','XTfXLpZixrvDSSHXgzik');
INSERT INTO vettura VALUES ('Qm536DB','z','TejowdKJg','4008848','4','false','hmmPhnLjDIkTKIvKNNrG','yDuaMGIFvzTDlMHKnowJ','BvRvmoEtBTocltiDtalG');
INSERT INTO vettura VALUES ('XP044tM','eVEMTphXwoACgiISgDf','juyhto','4126691','1','false','WeKHwCTjFxuaFbVVMGgN','GxmGjtJWcSjpLVmhamTR','gHIVxHVUyGlyFVqSirSs');
INSERT INTO vettura VALUES ('Zr964rF','PYHHTgnGXchFNQBHeG','WyIygZhzGLISGTq','1419689','0','false','WeKHwCTjFxuaFbVVMGgN','yknAVqvjjRGrlLnwUQzr','ntHzBUIrdGoqtxtuZKGC');
INSERT INTO vettura VALUES ('tf049PC','DjbDIscchDRb','tPz','4452881','4','false','zJgPcmuytnttnpVaUaym','OATevlCrBgRRkkvgndBW','ZrQJGGfKIcmqwBcicuxs');
INSERT INTO vettura VALUES ('Mu877MR','QRaPHyysLAqIsqKgp','taZSeDkVhXInEOrTAga','9175398','8','false','AuuWKsyOLqxJtxdMDvLM','xtfwRVAJzNfUyyMqejOZ','fUilRyCDFwLierlqnDkL');
INSERT INTO vettura VALUES ('vz178bu','E','plgvpnvk','8534942','0','false','QaImFbNXkISYSqtNGMmo','jevIGGqUqcUrAtLcsARm','poTyVlOWvTjQGFuHWbPj');
INSERT INTO vettura VALUES ('Dx807gB','XjqaHXXPSTTIl','AZrlNat','0245471','0','false','YnXYmQRiLjpaCoKwYcsR','GxmGjtJWcSjpLVmhamTR','gHIVxHVUyGlyFVqSirSs');
INSERT INTO vettura VALUES ('YD868OM','ZYHi','XDurUUycX','5753340','7','false','JblAnyLsCTUlHlDdTELG','WNKEDTWkhTzZieOluUcj','hVnBJuoWDNzdYeEAUhyI');
INSERT INTO vettura VALUES ('oK021iv','QulPLgOsaK','aSiTlVqvmjcT','6579447','0','false','QADHrlflnNeIhClERPyb','yuTmUqLEKEQztJgAQgDf','TCCzwyjkqgIaTWlEpUbL');
INSERT INTO vettura VALUES ('Gm487Rb','pU','hXt','2834078','6','false','YnXYmQRiLjpaCoKwYcsR','zlhhZtJGOtbXXDXXmHpW','tKFHxqorQfYBRGNAMPNo');
INSERT INTO vettura VALUES ('jY120gW','oaSKILnUxeG','qIqOnZytpLq','9273988','8','false','hDrjnJsWwutPfIJbrIjG','yDuaMGIFvzTDlMHKnowJ','BvRvmoEtBTocltiDtalG');
INSERT INTO vettura VALUES ('tP811mq','CfybXtfuSXETr','JGLjQA','1925149','7','true','LwhJYLxWDatvvitYVcQj','sGBLXpkBNmeeQTdKJuOQ','VAdkKscTWLDbMrOZUlxP');
INSERT INTO vettura VALUES ('VE488lu','Pj','DNCrGBeJFJ','1838433','6','false','QaImFbNXkISYSqtNGMmo','UsMECDUsZCSCenGJXVgN','uxvHObtbORVZDXzFfoBD');
INSERT INTO vettura VALUES ('Sq075Pm','y','','4144488','7','true','AuuWKsyOLqxJtxdMDvLM','NBpeoWBYsNbSIbPjwqBp','XTfXLpZixrvDSSHXgzik');
INSERT INTO vettura VALUES ('oZ159Aa','vsfSObz','nJgmGbDmGameOyFcOf','8662282','8','false','CDgBMaVONxvPmNXxBuix','TxQCIezvXjzKtCIaDaZW','UgfMQrMyJqnWAqkIoExn');
INSERT INTO vettura VALUES ('Jj792dp','cXSnScxs','EkQVZAbaLTxhzO','7097881','4','true','aPkDAnDSfPuxKcAokhXE','GxmGjtJWcSjpLVmhamTR','gHIVxHVUyGlyFVqSirSs');
INSERT INTO vettura VALUES ('Hd360Ik','SKLyDWTUqUAAEOTH','eg','4684776','0','false','RkiJwPTDXlSVPZrckNwZ','ffJLUnNmiViyULjykqcI','gXwkykNvUVKdLiMDEQnQ');
INSERT INTO vettura VALUES ('cE022ru','RObOjpGzuAC','Yv','7051076','7','true','hmmPhnLjDIkTKIvKNNrG','kDWPoxfcRJTybASUHTFx','qTwdRdfrWrsdGYfyzjxq');
INSERT INTO vettura VALUES ('wg035oL','lBnB','Ks','8893763','7','false','HkyAqUsKujzyuGHmxkOt','noFhgqkSMQrnKwFYmRSf','EYddWcjcWhhDcfbfScKa');
INSERT INTO vettura VALUES ('Lx104Us','VgChCUaWKUmIdJV','iTi','3011545','8','true','btuGsDwtrGScZMvBhfbL','xtfwRVAJzNfUyyMqejOZ','fUilRyCDFwLierlqnDkL');
INSERT INTO vettura VALUES ('Hd446JU','msQyQNPeGEC','dUaeTEPAdEAlsx','5569379','0','false','pQmHekkEzzqwXGxUXmhM','wKHrJkOJlIdxqqNNOnIC','MYvNRIFKzohdDNZjpJvf');
INSERT INTO vettura VALUES ('Wf109MK','QhJHixwgbzKPGbn','jqTgQU','6956476','2','false','pSwHNpGaolWeMhGOpUJr','SbOKQnoketAsyLitYBfH','pqTgIEMjBACEwREbaojn');
INSERT INTO vettura VALUES ('LZ953pK','pisjgsllyRRrl','orbKqx','1165717','2','true','HkyAqUsKujzyuGHmxkOt','TNVBbHpwmKrdTjuMVrEn','mKiJokuiLliTHHwVMEhw');
INSERT INTO vettura VALUES ('ZK724SF','OOcqMqDK','krorxyKyldbWaApBxr','9465373','7','false','hDrjnJsWwutPfIJbrIjG','jvQRqYsclMOFbPriqhnp','LXvOCwHSjZzPfAGpvBQx');
INSERT INTO vettura VALUES ('Bc174ry','zWTZcYDaxO','DNeAmrn','9254920','3','true','anKrzSnOLIRotYdFvynk','HCjVbANjVIjbhpjGlpFF','GVlCvRGVwWpbXNxBTffJ');
INSERT INTO vettura VALUES ('yM193RI','Fj','mCxBlKwLEguhZB','0010816','8','false','QADHrlflnNeIhClERPyb','UfUaiXeecXYXECpEWJUa','XsdrOtkskynphKjXDlqp');
INSERT INTO vettura VALUES ('RL924UW','Sy','NxDmtWuE','1925129','5','false','YnXYmQRiLjpaCoKwYcsR','UsMECDUsZCSCenGJXVgN','uxvHObtbORVZDXzFfoBD');
INSERT INTO vettura VALUES ('HN489KJ','Eksc','QwshHCTIaJ','7739924','7','true','OGqZYusjexfTDieXodXv','MlZihohjwwcwAukNhnGt','hQoRplMBFiosKAoacjMC');
INSERT INTO vettura VALUES ('Bz640Sb','CcaWptVrpAXGuBrPvyW','Orh','7498481','8','true','aPkDAnDSfPuxKcAokhXE','LpXOFmGThQBiiuphtEHx','gAkrfiAeCeoELbmHyFnc');
INSERT INTO vettura VALUES ('kh335dE','jMdVXzVlFQ','OeHUggArbQesQ','7939653','3','false','hmmPhnLjDIkTKIvKNNrG','cKKPkJbxnZXlhCuqXRlb','SXKycHnOLFEHXowJHjBe');
INSERT INTO vettura VALUES ('Oq547HP','pxNEaTMKd','Fa','9042300','3','true','hkRnvcDneaAmDepnsTgq','WNKEDTWkhTzZieOluUcj','hVnBJuoWDNzdYeEAUhyI');
INSERT INTO vettura VALUES ('wB979iB','aaosunRZbFpqzHu','MejzVYfYWUWUHvI','4968117','7','false','zJgPcmuytnttnpVaUaym','IRysTDnkZfpacqTGPSgn','CLUkZHWERUtcOShBJGKp');
INSERT INTO vettura VALUES ('PS160Df','ryFOthW','pMrAeg','6685714','4','false','YnXYmQRiLjpaCoKwYcsR','UsMECDUsZCSCenGJXVgN','uxvHObtbORVZDXzFfoBD');
INSERT INTO vettura VALUES ('pc590FY','LSjkUVSwGqAxYEn','ztahrccg','3666899','4','true','pQmHekkEzzqwXGxUXmhM','kJUKOOIbFMJQgrwqtmwL','WuOegDZSqmLIroEaPHBk');
INSERT INTO vettura VALUES ('zI157uH','pWtmOPIAiFisaKOiuZ','','7949285','3','false','zJgPcmuytnttnpVaUaym','TxQCIezvXjzKtCIaDaZW','UgfMQrMyJqnWAqkIoExn');
INSERT INTO vettura VALUES ('CF162nr','pYZSiHFbqvfydkkMxw','AcBgcET','6153125','5','false','QaImFbNXkISYSqtNGMmo','wKHrJkOJlIdxqqNNOnIC','MYvNRIFKzohdDNZjpJvf');
INSERT INTO vettura VALUES ('kf005Rp','edCcIKQeNgwbNtEVj','pWc','3966475','8','true','zJgPcmuytnttnpVaUaym','ffJLUnNmiViyULjykqcI','gXwkykNvUVKdLiMDEQnQ');
INSERT INTO vettura VALUES ('vo463OY','GuHtQttgZCWB','GBUQvnAQVBVl','1973730','8','true','AuuWKsyOLqxJtxdMDvLM','vttxvxqeUveGakEYAzmb','sDFzKlAEIoqRbFmTkzrz');
INSERT INTO vettura VALUES ('eK757uK','DJYJDUdAasyqJl','VAQGzmZATWPuCM','7949629','7','true','JblAnyLsCTUlHlDdTELG','jevIGGqUqcUrAtLcsARm','poTyVlOWvTjQGFuHWbPj');
INSERT INTO vettura VALUES ('kY478Bc','ayeXLuqGsvqxmPIWJ','gimbLogIlOiURD','9204877','4','false','RkiJwPTDXlSVPZrckNwZ','kJUKOOIbFMJQgrwqtmwL','WuOegDZSqmLIroEaPHBk');
INSERT INTO vettura VALUES ('Ry301rL','Bye','gKJ','4707175','1','true','WeKHwCTjFxuaFbVVMGgN','JRSXuUhzdghTmMThLBzM','MKkYPLOaBuMpvnClWKIu');
INSERT INTO vettura VALUES ('zR683FQ','etdVCx','DXyHPMYbAabNy','6075168','2','false','FlUHCVvvCBJXVYQSzheG','ozNqRNAQFvhHkpWCnmse','uoXyfzutCAivGLhpEuPe');
INSERT INTO vettura VALUES ('ft430Ek','bvhjpLPzk','sMlRn','1100758','6','true','YitjoYXjhFZJGDJdFkqF','NivQyxBlxykanXiNwWuK','znCviyULytvMmdyzcDkA');
INSERT INTO vettura VALUES ('aT649Nm','vMmgOnWIne','VkIxEc','2541562','1','true','RkiJwPTDXlSVPZrckNwZ','yuTmUqLEKEQztJgAQgDf','TCCzwyjkqgIaTWlEpUbL');
INSERT INTO vettura VALUES ('Xj396JE','kcD','WTI','0872579','6','false','MbFhwCcWvpbpqkPJyvyM','noFhgqkSMQrnKwFYmRSf','EYddWcjcWhhDcfbfScKa');
INSERT INTO vettura VALUES ('mg099cO','DLphPAQm','WVRgmUDw','4303982','4','true','RkiJwPTDXlSVPZrckNwZ','IRysTDnkZfpacqTGPSgn','CLUkZHWERUtcOShBJGKp');
INSERT INTO vettura VALUES ('gA173Ze','tINpRXCkzymHQjkZX','YugkbAZTiRPfFfkuy','2635688','4','true','hkRnvcDneaAmDepnsTgq','OATevlCrBgRRkkvgndBW','ZrQJGGfKIcmqwBcicuxs');
INSERT INTO vettura VALUES ('DY444gj','S','mhKJqZzroP','2737417','0','true','YitjoYXjhFZJGDJdFkqF','vttxvxqeUveGakEYAzmb','sDFzKlAEIoqRbFmTkzrz');
INSERT INTO vettura VALUES ('xa282vM','QAvJslBEmjbxkKC','KoqrIILGkClKmZNYm','5726455','7','false','AuuWKsyOLqxJtxdMDvLM','zlhhZtJGOtbXXDXXmHpW','tKFHxqorQfYBRGNAMPNo');
INSERT INTO vettura VALUES ('Zm347nd','hcCYAQ','xzxjuIR','5362544','7','false','JblAnyLsCTUlHlDdTELG','kJUKOOIbFMJQgrwqtmwL','WuOegDZSqmLIroEaPHBk');
INSERT INTO vettura VALUES ('FO063uY','eHqFnoYQgBizViiW','GUTVoNuhUME','9536112','1','true','hkRnvcDneaAmDepnsTgq','TxQCIezvXjzKtCIaDaZW','UgfMQrMyJqnWAqkIoExn');
INSERT INTO vettura VALUES ('zv894uo','IRfg','WAYmAjrCy','5594131','4','true','MbFhwCcWvpbpqkPJyvyM','NivQyxBlxykanXiNwWuK','znCviyULytvMmdyzcDkA');
INSERT INTO vettura VALUES ('Yi372ja','u','EqhFqRIZSYjVWugfWL','0068416','2','true','AuuWKsyOLqxJtxdMDvLM','yknAVqvjjRGrlLnwUQzr','ntHzBUIrdGoqtxtuZKGC');
INSERT INTO vettura VALUES ('jU316RV','NXaLnRuPvf','wjjiBDSPgBQdcqn','9178585','5','false','JblAnyLsCTUlHlDdTELG','jevIGGqUqcUrAtLcsARm','poTyVlOWvTjQGFuHWbPj');
INSERT INTO vettura VALUES ('bW588lo','KqOe','pgDqAbancowEkqKSdFJ','8023136','4','false','RkiJwPTDXlSVPZrckNwZ','dMyqvxlNZqMhumjJdoiE','ZGmnKxcwmKjxQPMkskOQ');
									
-----------------------------------------------------------------------------------------------------------------------------------------------------------------
CREATE TABLE prenotazione
(dataRitiro DATE,
orarioRitiro TIME,
dataConsegna DATE NOT NULL CHECK (dataConsegna > dataRitiro),
orarioConsegna TIME NOT NULL,
targa CHAR(7),
dataRitiroE DATE,
orarioRitiroE TIME,
dataConsegnaE DATE,
orarioConsegnaE TIME,
penale NUMERIC(5) DEFAULT 0 CHECK (penale >= 0), 
kmPercorsi NUMERIC(6) DEFAULT 0 CHECK (kmPercorsi >= 0),
dataAnnullamento DATE,
orarioAnnullamento TIME,
email VARCHAR(20) NOT NULL,
PRIMARY KEY (dataRitiro, orarioRitiro, targa),
FOREIGN KEY (targa) REFERENCES vettura,
FOREIGN KEY (email) REFERENCES utente);

INSERT INTO prenotazione VALUES ('2/9/2019','9:20','7/9/2020','13:45','pO227Bw','2/9/2019','16:16','7/9/2020','20:0','5945','31883','9/8/2019','12:7','Xatkgs@gmail.com');
INSERT INTO prenotazione VALUES ('16/9/2019','8:2','28/9/2020','2:34','sX485Vb','16/9/2019','11:40','28/9/2020','21:35','688','27488','9/10/2019','15:38','ZMuNavi@gmail.com');
INSERT INTO prenotazione VALUES ('11/9/2019','11:36','22/9/2020','19:6','kh335dE','11/9/2019','20:12','22/9/2020','19:53','3049','2539','10/9/2019','16:9','besdgS@gmail.com');
INSERT INTO prenotazione VALUES ('11/5/2019','11:49','12/5/2020','4:29','Ch571qE','11/5/2019','11:6','12/5/2020','8:55','7730','50521','18/7/2019','22:45','tkAIrNP@gmail.com');
INSERT INTO prenotazione VALUES ('15/3/2019','17:16','17/3/2020','2:38','vz178bu','15/3/2019','21:47','17/3/2020','23:29','9817','98582','21/11/2019','15:49','uunVY@gmail.com');
INSERT INTO prenotazione VALUES ('11/7/2019','13:26','19/7/2020','9:20','Sq075Pm','11/7/2019','18:53','19/7/2020','10:19','7373','89679','27/9/2019','1:44','JvQxZ@gmail.com');
INSERT INTO prenotazione VALUES ('16/4/2019','8:47','10/5/2019','6:19','Be217RT','16/4/2019','23:19','10/5/2019','21:30','5356','39408','23/4/2019','3:54','HuaFtClI@gmail.com');
INSERT INTO prenotazione VALUES ('22/7/2019','9:1','20/8/2019','14:30','bW588lo','22/7/2019','4:40','20/8/2019','16:39','7814','25093','18/5/2019','20:9','KBUWdx@gmail.com');
INSERT INTO prenotazione VALUES ('8/7/2019','10:15','13/7/2020','4:40','VE488lu','8/7/2019','23:4','13/7/2020','16:1','7704','54492','8/4/2019','10:1','FMSvHT@gmail.com');
INSERT INTO prenotazione VALUES ('26/3/2019','3:25','28/3/2020','14:6','Sq075Pm','26/3/2019','22:4','28/3/2020','5:9','2560','33632','8/9/2019','20:45','KBUWdx@gmail.com');
INSERT INTO prenotazione VALUES ('2/11/2019','13:14','13/11/2020','0:21','jY120gW','2/11/2019','0:21','13/11/2020','20:23','5295','80830','17/2/2019','7:48','tkAIrNP@gmail.com');
INSERT INTO prenotazione VALUES ('18/11/2019','16:49','7/12/2019','22:27','tP811mq','18/11/2019','11:3','7/12/2019','6:31','8145','24963','20/6/2019','3:41','besdgS@gmail.com');
INSERT INTO prenotazione VALUES ('8/3/2019','20:50','3/4/2019','21:41','tx872OJ','8/3/2019','5:34','3/4/2019','14:0','6565','87547','25/2/2019','6:11','LPgmn@gmail.com');
INSERT INTO prenotazione VALUES ('18/1/2019','3:37','12/2/2019','1:3','Hd446JU','18/1/2019','14:29','12/2/2019','22:9','1819','93939','17/1/2019','23:19','hEcCqlkcU@gmail.com');
INSERT INTO prenotazione VALUES ('3/8/2019','20:36','4/8/2020','7:28','XP044tM','3/8/2019','12:30','4/8/2020','9:53','9248','42455','22/11/2019','20:15','kfCcIrHC@gmail.com');
INSERT INTO prenotazione VALUES ('20/4/2019','16:10','23/4/2020','20:6','xd019qZ','20/4/2019','5:2','23/4/2020','2:49','3506','65715','13/5/2019','19:38','KBUWdx@gmail.com');
INSERT INTO prenotazione VALUES ('7/10/2019','8:7','26/10/2020','20:43','Gm487Rb','7/10/2019','16:32','26/10/2020','2:36','6033','71189','22/1/2019','19:8','JvQxZ@gmail.com');
INSERT INTO prenotazione VALUES ('20/5/2019','20:12','11/6/2019','11:20','jw193FM','20/5/2019','4:15','11/6/2019','5:14','9627','22600','24/7/2019','11:0','jXEeZPU@gmail.com');
INSERT INTO prenotazione VALUES ('11/7/2019','20:24','19/7/2020','21:40','zv894uo','11/7/2019','6:3','19/7/2020','4:15','5471','70874','20/11/2019','9:25','znivQ@gmail.com');
INSERT INTO prenotazione VALUES ('20/6/2019','17:18','13/7/2019','0:26','Mu877MR','20/6/2019','13:9','13/7/2019','3:4','2938','7286','20/3/2019','3:49','UKoUrDHbd@gmail.com');
INSERT INTO prenotazione VALUES ('28/5/2019','20:2','18/6/2019','16:54','Gm487Rb','28/5/2019','16:35','18/6/2019','12:34','2748','71081','1/6/2019','9:54','FMSvHT@gmail.com');
INSERT INTO prenotazione VALUES ('7/11/2019','13:35','3/12/2019','2:36','dR263yd','7/11/2019','21:40','3/12/2019','17:45','6003','9696','3/6/2019','8:19','smPekbo@gmail.com');
INSERT INTO prenotazione VALUES ('27/9/2019','13:8','9/10/2019','17:26','tP652LO','27/9/2019','4:36','9/10/2019','21:31','6653','98375','21/11/2019','23:12','WMvOahc@gmail.com');
INSERT INTO prenotazione VALUES ('20/6/2019','20:52','4/7/2019','11:13','uV030MN','20/6/2019','1:21','4/7/2019','2:54','2697','77386','3/1/2019','4:41','uunVY@gmail.com');
INSERT INTO prenotazione VALUES ('16/3/2019','2:29','5/4/2019','19:53','Bc174ry','16/3/2019','20:16','5/4/2019','19:35','8310','86263','16/1/2019','23:6','Xatkgs@gmail.com');
INSERT INTO prenotazione VALUES ('2/11/2019','16:27','26/11/2020','23:52','gi328GZ','2/11/2019','4:45','26/11/2020','10:37','6737','11449','21/3/2019','5:14','znivQ@gmail.com');
INSERT INTO prenotazione VALUES ('12/4/2019','23:35','8/5/2019','19:6','PS160Df','12/4/2019','14:1','8/5/2019','3:42','554','56030','13/3/2019','21:13','tkAIrNP@gmail.com');
INSERT INTO prenotazione VALUES ('8/11/2019','15:0','16/11/2020','4:4','cE022ru','8/11/2019','10:6','16/11/2020','22:58','8366','67729','27/4/2019','14:3','JvQxZ@gmail.com');
INSERT INTO prenotazione VALUES ('25/2/2019','1:46','4/3/2019','13:31','Be217RT','25/2/2019','21:38','4/3/2019','0:2','2734','44863','15/10/2019','22:28','FMSvHT@gmail.com');
INSERT INTO prenotazione VALUES ('26/10/2019','12:50','19/11/2019','11:28','Yi372ja','26/10/2019','15:17','19/11/2019','18:49','7254','12725','20/1/2019','19:13','mDmqGH@gmail.com');
INSERT INTO prenotazione VALUES ('20/8/2019','10:2','26/8/2020','19:39','cS143hg','20/8/2019','13:37','26/8/2020','14:55','7093','86623','17/10/2019','4:40','KBUWdx@gmail.com');
INSERT INTO prenotazione VALUES ('13/8/2019','4:12','25/8/2020','10:50','Pc939iQ','13/8/2019','7:55','25/8/2020','8:39','3290','82922','19/4/2019','0:45','ZMuNavi@gmail.com');
INSERT INTO prenotazione VALUES ('4/8/2019','16:27','2/9/2019','20:1','XH672cx','4/8/2019','11:54','2/9/2019','2:26','6932','88961','7/8/2019','13:16','besdgS@gmail.com');
INSERT INTO prenotazione VALUES ('19/8/2019','17:58','23/8/2020','5:36','it450fR','19/8/2019','23:14','23/8/2020','15:39','2913','96915','22/4/2019','9:23','uunVY@gmail.com');
INSERT INTO prenotazione VALUES ('10/9/2019','23:26','14/9/2020','18:55','KI043aX','10/9/2019','17:29','14/9/2020','8:25','6351','48618','25/8/2019','12:40','besdgS@gmail.com');
INSERT INTO prenotazione VALUES ('21/1/2019','1:23','2/2/2019','7:54','LZ953pK','21/1/2019','1:28','2/2/2019','8:55','6029','76629','17/11/2019','19:16','JvQxZ@gmail.com');
INSERT INTO prenotazione VALUES ('19/6/2019','1:55','27/6/2020','17:11','tf049PC','19/6/2019','13:1','27/6/2020','3:16','2586','28478','27/7/2019','21:47','hEcCqlkcU@gmail.com');
INSERT INTO prenotazione VALUES ('18/10/2019','15:19','12/11/2019','21:23','Yi372ja','18/10/2019','3:24','12/11/2019','9:1','4691','82963','18/8/2019','17:4','jXEeZPU@gmail.com');
INSERT INTO prenotazione VALUES ('19/8/2019','4:44','20/8/2020','6:32','tP652LO','19/8/2019','18:10','20/8/2020','23:29','5592','89152','15/8/2019','4:39','WMvOahc@gmail.com');
INSERT INTO prenotazione VALUES ('24/2/2019','8:35','20/3/2019','10:32','rK458sb','24/2/2019','8:20','20/3/2019','6:15','2502','44178','20/2/2019','14:40','yAftTa@gmail.com');
INSERT INTO prenotazione VALUES ('28/11/2019','11:20','5/12/2019','21:19','FO063uY','28/11/2019','12:20','5/12/2019','8:3','5501','33268','9/7/2019','22:46','KBUWdx@gmail.com');
INSERT INTO prenotazione VALUES ('9/7/2019','7:24','13/7/2020','19:38','vo463OY','9/7/2019','12:24','13/7/2020','17:46','5771','86133','11/6/2019','8:36','rTFsj@gmail.com');
INSERT INTO prenotazione VALUES ('26/11/2019','19:47','24/12/2019','17:16','xI320Hc','26/11/2019','15:5','24/12/2019','19:50','31','20639','24/8/2019','5:8','kfCcIrHC@gmail.com');
INSERT INTO prenotazione VALUES ('13/6/2019','0:17','23/6/2020','11:12','dR263yd','13/6/2019','19:54','23/6/2020','9:17','2566','16897','26/7/2019','3:19','UKoUrDHbd@gmail.com');
INSERT INTO prenotazione VALUES ('10/1/2019','7:5','3/2/2019','22:18','tP652LO','10/1/2019','15:9','3/2/2019','20:30','1776','96133','26/2/2019','23:15','WMvOahc@gmail.com');
INSERT INTO prenotazione VALUES ('2/5/2019','7:3','19/5/2020','15:28','jK093nE','2/5/2019','10:14','19/5/2020','15:7','6347','98745','22/2/2019','17:6','znivQ@gmail.com');
INSERT INTO prenotazione VALUES ('14/1/2019','3:8','24/1/2020','2:33','mg099cO','14/1/2019','17:35','24/1/2020','5:27','7093','53833','3/1/2019','15:44','KBUWdx@gmail.com');
INSERT INTO prenotazione VALUES ('11/10/2019','9:5','14/10/2020','10:47','jY120gW','11/10/2019','19:6','14/10/2020','9:45','1149','43714','26/3/2019','15:22','tkAIrNP@gmail.com');
INSERT INTO prenotazione VALUES ('19/10/2019','11:46','16/11/2019','14:37','jw193FM','19/10/2019','15:20','16/11/2019','5:41','5809','66736','23/1/2019','9:13','rTFsj@gmail.com');
INSERT INTO prenotazione VALUES ('23/9/2019','17:57','16/10/2019','1:22','tx872OJ','23/9/2019','4:41','16/10/2019','11:49','3920','58175','23/2/2019','18:56','inBWK@gmail.com');
INSERT INTO prenotazione VALUES ('3/4/2019','4:29','10/4/2020','16:15','gi328GZ','3/4/2019','23:54','10/4/2020','5:39','5353','16253','14/7/2019','1:11','NcuPm@gmail.com');
INSERT INTO prenotazione VALUES ('21/4/2019','3:56','23/4/2020','8:57','Ch571qE','21/4/2019','16:29','23/4/2020','7:14','5834','63797','3/1/2019','5:44','CefVVD@gmail.com');
INSERT INTO prenotazione VALUES ('6/6/2019','16:37','5/7/2019','12:25','KI043aX','6/6/2019','4:47','5/7/2019','19:53','4641','5493','22/11/2019','3:15','yAftTa@gmail.com');
INSERT INTO prenotazione VALUES ('8/10/2019','20:13','28/10/2020','10:47','Ch571qE','8/10/2019','11:23','28/10/2020','4:38','7101','18472','5/3/2019','4:53','smPekbo@gmail.com');
INSERT INTO prenotazione VALUES ('20/4/2019','6:34','13/5/2019','13:1','Be217RT','20/4/2019','10:28','13/5/2019','11:21','2508','57883','7/6/2019','12:12','kfCcIrHC@gmail.com');
INSERT INTO prenotazione VALUES ('23/10/2019','6:47','15/11/2019','11:27','pO227Bw','23/10/2019','1:48','15/11/2019','11:14','5230','95387','10/2/2019','3:51','mDmqGH@gmail.com');
INSERT INTO prenotazione VALUES ('5/5/2019','23:31','9/5/2020','8:48','Dx807gB','5/5/2019','21:29','9/5/2020','16:48','8607','93908','15/6/2019','14:44','eUWaqTXu@gmail.com');
INSERT INTO prenotazione VALUES ('23/7/2019','0:26','16/8/2019','8:9','Zm347nd','23/7/2019','14:28','16/8/2019','18:23','1376','78418','3/7/2019','22:25','tkAIrNP@gmail.com');
INSERT INTO prenotazione VALUES ('17/8/2019','1:5','16/9/2019','0:50','tf049PC','17/8/2019','18:0','16/9/2019','22:6','606','47907','11/3/2019','7:41','uunVY@gmail.com');
INSERT INTO prenotazione VALUES ('16/5/2019','3:45','28/5/2020','5:28','Be217RT','16/5/2019','22:9','28/5/2020','5:35','3784','99314','11/6/2019','17:5','JvQxZ@gmail.com');
INSERT INTO prenotazione VALUES ('5/11/2019','7:31','10/11/2020','10:27','MG596pL','5/11/2019','3:35','10/11/2020','9:38','2092','12045','18/6/2019','18:32','jMEJIPLau@gmail.com');
INSERT INTO prenotazione VALUES ('26/3/2019','13:43','12/4/2019','13:24','Wf109MK','26/3/2019','14:55','12/4/2019','15:50','9322','93087','22/8/2019','17:42','JcgZYle@gmail.com');
INSERT INTO prenotazione VALUES ('6/5/2019','13:47','15/5/2020','18:48','YD868OM','6/5/2019','14:18','15/5/2020','15:44','9486','36693','14/1/2019','19:37','KBUWdx@gmail.com');
INSERT INTO prenotazione VALUES ('21/8/2019','0:11','24/8/2020','21:56','VE488lu','21/8/2019','9:35','24/8/2020','20:33','7513','9660','2/4/2019','16:50','inBWK@gmail.com');
INSERT INTO prenotazione VALUES ('23/1/2019','7:30','19/2/2019','2:5','Lx104Us','23/1/2019','14:9','19/2/2019','17:11','3304','7040','25/7/2019','7:34','urJphbK@gmail.com');
INSERT INTO prenotazione VALUES ('7/7/2019','11:46','26/7/2020','0:12','XP044tM','7/7/2019','3:39','26/7/2020','9:16','3610','27374','17/11/2019','4:27','jXEeZPU@gmail.com');
INSERT INTO prenotazione VALUES ('27/3/2019','18:58','26/4/2019','1:24','aT649Nm','27/3/2019','23:43','26/4/2019','13:15','7485','27058','16/10/2019','0:38','tkAIrNP@gmail.com');
INSERT INTO prenotazione VALUES ('9/6/2019','23:16','23/6/2020','2:40','cE022ru','9/6/2019','8:8','23/6/2020','1:37','8752','90040','5/1/2019','0:0','tkAIrNP@gmail.com');
INSERT INTO prenotazione VALUES ('23/3/2019','17:2','1/4/2019','9:18','cS143hg','23/3/2019','13:2','1/4/2019','22:35','4962','30637','8/5/2019','20:47','rTFsj@gmail.com');
INSERT INTO prenotazione VALUES ('25/5/2019','2:30','22/6/2019','17:19','Rs191Fm','25/5/2019','20:10','22/6/2019','8:26','2689','11263','2/6/2019','0:9','jXEeZPU@gmail.com');
INSERT INTO prenotazione VALUES ('2/10/2019','9:32','12/10/2020','14:28','zI157uH','2/10/2019','12:9','12/10/2020','17:7','9403','63608','16/4/2019','13:58','mDmqGH@gmail.com');
INSERT INTO prenotazione VALUES ('18/1/2019','15:23','28/1/2020','14:53','Gm487Rb','18/1/2019','20:32','28/1/2020','19:16','63','71494','16/8/2019','1:1','uunVY@gmail.com');
INSERT INTO prenotazione VALUES ('4/11/2019','13:13','15/11/2020','5:42','Bc174ry','4/11/2019','17:14','15/11/2020','9:7','491','63989','4/5/2019','17:20','hEcCqlkcU@gmail.com');
INSERT INTO prenotazione VALUES ('12/5/2019','2:24','2/6/2019','16:37','LZ953pK','12/5/2019','2:45','2/6/2019','13:37','4670','31410','7/4/2019','5:27','hEcCqlkcU@gmail.com');
INSERT INTO prenotazione VALUES ('3/10/2019','0:12','24/10/2020','10:9','tS009Mi','3/10/2019','6:3','24/10/2020','18:44','9031','76649','10/5/2019','3:14','dXAoqNP@gmail.com');
INSERT INTO prenotazione VALUES ('17/11/2019','16:52','27/11/2020','0:30','Gm487Rb','17/11/2019','20:13','27/11/2020','11:48','9044','34246','27/1/2019','10:2','JvQxZ@gmail.com');
INSERT INTO prenotazione VALUES ('2/8/2019','9:1','7/8/2020','8:56','zv894uo','2/8/2019','1:31','7/8/2020','17:22','9235','15255','16/6/2019','7:30','urJphbK@gmail.com');
INSERT INTO prenotazione VALUES ('13/2/2019','20:5','10/3/2019','5:1','YD868OM','13/2/2019','5:49','10/3/2019','8:52','8483','13767','27/9/2019','11:13','jMEJIPLau@gmail.com');
INSERT INTO prenotazione VALUES ('20/4/2019','9:41','17/5/2019','20:58','cS143hg','20/4/2019','5:40','17/5/2019','10:27','2594','96995','19/5/2019','18:24','tkAIrNP@gmail.com');
INSERT INTO prenotazione VALUES ('21/3/2019','2:58','7/4/2019','9:12','JG253nb','21/3/2019','9:0','7/4/2019','1:21','2175','54712','13/1/2019','4:27','rTFsj@gmail.com');
INSERT INTO prenotazione VALUES ('20/5/2019','22:12','21/5/2020','9:46','KI043aX','20/5/2019','6:9','21/5/2020','23:12','7177','18930','15/6/2019','14:31','mDmqGH@gmail.com');
INSERT INTO prenotazione VALUES ('27/3/2019','22:45','4/4/2019','16:6','HN489KJ','27/3/2019','12:28','4/4/2019','0:39','6877','40638','1/5/2019','9:53','inBWK@gmail.com');
INSERT INTO prenotazione VALUES ('20/8/2019','11:5','4/9/2019','19:19','JG253nb','20/8/2019','0:10','4/9/2019','22:40','8507','92648','4/4/2019','9:11','mDmqGH@gmail.com');
INSERT INTO prenotazione VALUES ('27/2/2019','21:52','15/3/2019','15:6','kh335dE','27/2/2019','10:8','15/3/2019','12:20','5105','92605','6/8/2019','22:43','FMSvHT@gmail.com');
INSERT INTO prenotazione VALUES ('25/4/2019','5:11','6/5/2019','16:12','zv894uo','25/4/2019','16:12','6/5/2019','3:58','1278','73384','22/3/2019','22:50','mDmqGH@gmail.com');
INSERT INTO prenotazione VALUES ('1/9/2019','18:33','5/9/2020','1:53','zv894uo','1/9/2019','0:30','5/9/2020','15:40','8463','73240','9/1/2019','7:49','CefVVD@gmail.com');
INSERT INTO prenotazione VALUES ('8/8/2019','22:54','19/8/2020','17:40','aT649Nm','8/8/2019','0:22','19/8/2020','17:45','3587','25431','1/4/2019','9:19','rTFsj@gmail.com');
INSERT INTO prenotazione VALUES ('25/9/2019','17:41','9/10/2019','11:47','bW588lo','25/9/2019','0:0','9/10/2019','21:32','1962','67187','8/4/2019','9:57','yAftTa@gmail.com');
INSERT INTO prenotazione VALUES ('6/4/2019','4:29','29/4/2020','21:19','oK021iv','6/4/2019','14:34','29/4/2020','4:28','8369','34840','11/5/2019','22:44','UKoUrDHbd@gmail.com');
INSERT INTO prenotazione VALUES ('12/11/2019','23:12','7/12/2019','1:52','cE022ru','12/11/2019','8:4','7/12/2019','10:48','5239','94227','16/5/2019','7:6','vkHQljGVN@gmail.com');
INSERT INTO prenotazione VALUES ('4/8/2019','2:28','13/8/2020','13:38','Zr964rF','4/8/2019','21:27','13/8/2020','17:20','986','60304','7/11/2019','1:17','vkHQljGVN@gmail.com');
INSERT INTO prenotazione VALUES ('26/4/2019','15:21','8/5/2019','22:40','Be217RT','26/4/2019','11:1','8/5/2019','11:53','3817','66076','2/8/2019','20:54','znivQ@gmail.com');
INSERT INTO prenotazione VALUES ('6/7/2019','13:33','11/7/2020','0:32','VE488lu','6/7/2019','1:19','11/7/2020','3:7','4019','94850','6/5/2019','7:44','UwvNCEfX@gmail.com');
INSERT INTO prenotazione VALUES ('22/8/2019','21:21','27/8/2020','15:35','DY444gj','22/8/2019','13:50','27/8/2020','11:47','101','39377','25/9/2019','14:11','eUWaqTXu@gmail.com');
INSERT INTO prenotazione VALUES ('16/6/2019','16:49','20/6/2020','16:9','IY397Ar','16/6/2019','14:36','20/6/2020','7:14','3631','65715','7/10/2019','10:45','urJphbK@gmail.com');
INSERT INTO prenotazione VALUES ('17/5/2019','5:34','4/6/2019','7:26','pO227Bw','17/5/2019','10:31','4/6/2019','7:24','8879','97910','4/9/2019','17:30','jMEJIPLau@gmail.com');
INSERT INTO prenotazione VALUES ('7/1/2019','15:37','29/1/2020','1:47','dS725tT','7/1/2019','9:19','29/1/2020','0:47','5956','97863','9/7/2019','0:11','dXAoqNP@gmail.com');
INSERT INTO prenotazione VALUES ('14/1/2019','20:6','20/1/2020','2:33','tP811mq','14/1/2019','23:35','20/1/2020','18:8','9851','98289','24/4/2019','23:0','HuaFtClI@gmail.com');
INSERT INTO prenotazione VALUES ('25/8/2019','22:22','18/9/2019','8:2','xa282vM','25/8/2019','4:20','18/9/2019','2:28','8579','97441','5/11/2019','20:47','UwvNCEfX@gmail.com');
INSERT INTO prenotazione VALUES ('1/10/2019','13:51','26/10/2020','6:15','dR263yd','1/10/2019','14:41','26/10/2020','17:44','3724','42979','21/11/2019','13:30','vkHQljGVN@gmail.com');

-----------------------------------------------------------------------------------------------------------------------------------------------------------------
CREATE TABLE privato
(cf VARCHAR(16) PRIMARY KEY,
indirizzoResidenza VARCHAR(20) NOT NULL,
professione VARCHAR(20) NOT NULL,
genere CHAR(1) NOT NULL,
email VARCHAR(20) NOT NULL,
FOREIGN KEY (email) REFERENCES utente);
		
INSERT INTO privato VALUES ('bOvSAGmJiwBqgySK','BfPHFxPIalhuKegsCQAb','hIOosRqpbKsBbQhjOUTA','M','KBUWdx@gmail.com');
INSERT INTO privato VALUES ('gGgWRzcGMMKNiPFT','CpwhCQFXObltTaxfZNPM','EzpmuXBuOrELBpyddieM','M','dXAoqNP@gmail.com');
INSERT INTO privato VALUES ('IasSFVfKEhupwtVq','NdjDKsSDphUWqDynkikU','nXJORGDZhbKtCqgVwwGr','F','kfCcIrHC@gmail.com');
INSERT INTO privato VALUES ('ynbDlvuQFPHUCvxZ','fltbLcJCJXNkkAuEAwxj','dDetOrWvkEcFctkntIbu','F','WMvOahc@gmail.com');
INSERT INTO privato VALUES ('SqHQzLDxHORMyQwo','WPrwNRgZOYotiGJCAtru','KmDNDpwuuOVnvuQVOLax','M','znivQ@gmail.com');
INSERT INTO privato VALUES ('txBkmtIRCLxjqKFG','UtOyHCzVAhmLnBVAqxwQ','MXhlAeerXNOVJwCWwtLo','M','FMSvHT@gmail.com');
INSERT INTO privato VALUES ('FxYDHQEgYrHqbGQd','rPNWvUUUjFVtbvskhFPF','csMZqsKhrLjJzbAFKjHg','F','eUWaqTXu@gmail.com');
INSERT INTO privato VALUES ('qgDLKDPbZQgojlIF','cqgqEzfZZoyaSSsaLQtY','PowkVVUIAPefEIvFEKSb','M','Xatkgs@gmail.com');
INSERT INTO privato VALUES ('OwzkQwFnNqXShSUG','EprWumXHwYiTbtWuAaSe','mXLzGwDNQeDxOOPZuPAC','F','eUWaqTXu@gmail.com');
INSERT INTO privato VALUES ('jSoaGTHTsDeODYGU','KXfLykaVbdftJcKxhnVK','PESWuEpvwpUpcZjQZHRR','F','eUWaqTXu@gmail.com');
INSERT INTO privato VALUES ('ukBNHrIQPsfJsbyg','pKILAqaVatvgGmnYtquk','BLiOcAVWAAoVYIDdVhYG','M','UwvNCEfX@gmail.com');
INSERT INTO privato VALUES ('FgKdMYoaYbUBoSxm','dSwjJnFeveYQvzfvSwJQ','YqGcjZsWtUEtcnzqXkcr','M','KBUWdx@gmail.com');
INSERT INTO privato VALUES ('RIyYbUZCAdZUXRpM','cTCllVPkyJyZEoSoTztj','BXCQvpNyuRSPanLpZXVi','M','FMSvHT@gmail.com');
INSERT INTO privato VALUES ('nfUdNnfrEotDhHJo','ZZKZjsDeXABkwqFmlohi','FwprJAiAcMztdHdowouy','F','znivQ@gmail.com');
INSERT INTO privato VALUES ('nEyhbWdhlzrgGaEA','VOehHmTgnjOQHMDGdZoG','uexRGZlnNOctCtjiclqS','M','inBWK@gmail.com');
INSERT INTO privato VALUES ('ynSvonehAwYwtrnR','AkmJqHAwdYRkSCusHYas','zLREKYyrnkYHvanZFXnv','M','rTFsj@gmail.com');
INSERT INTO privato VALUES ('IJcseHPVoywBHYiR','jrKUNpdRxsGchXjbYWgp','MfOMdHgmlGhTeHDMrzJB','M','NcuPm@gmail.com');
INSERT INTO privato VALUES ('iqYqStwWHwfKAuUn','DeGxnYDjlRRIcUkWsuZC','JLQlrHFulsEdyOgiSrtk','M','vkHQljGVN@gmail.com');
INSERT INTO privato VALUES ('QCztqTGwZfCVdFDY','ddxCwdPQexrVmFbYvFwT','OVcmbEGTIumXxGfqxOSc','M','jXEeZPU@gmail.com');
INSERT INTO privato VALUES ('eekEkklJqmjtDWKB','YPaCIaINrrMqdzEJQqIe','NijRCubYsgFqYyOBKoaz','F','jXEeZPU@gmail.com');
INSERT INTO privato VALUES ('hccGIqQbYurXFQyv','ZTPpaGdOxHmyNfdtkOyJ','PzatbTxjOeqqqoXtwmAu','F','dXAoqNP@gmail.com');
INSERT INTO privato VALUES ('ypJoSONLIigkfFHN','HDCaVgGyjILSLeFWcezN','tKhQhUEcORodsDZomoGb','F','WMvOahc@gmail.com');
INSERT INTO privato VALUES ('wygAuBfocgzLxHbI','tGPmtjVPiZKqeVGPpCVh','JyQIbNMyeDfXvhIzjKKd','M','inBWK@gmail.com');
INSERT INTO privato VALUES ('cITOxDMfjEYIXzgi','JXpTpngpCKFGEKolMRJd','ZsYwfOWMRdCkoYgjSgLl','F','znivQ@gmail.com');
INSERT INTO privato VALUES ('aROmbBSGFfCutWHN','aUYzEhRQFBlwYMXPkYCk','ejGuTBcuIVbNkqDWQGfg','M','tkAIrNP@gmail.com');
INSERT INTO privato VALUES ('UgepNTAAEwQfIgsZ','AeprJPFIyCeeTtyIQOvu','xNzGseVNZzpFDsRJjulX','F','mDmqGH@gmail.com');
INSERT INTO privato VALUES ('RZRYWHnnWdziBjXH','fVOjKuwzAUczdPdZuQNH','SxGJCRIRxKeAJJHpvRsQ','F','Xatkgs@gmail.com');
INSERT INTO privato VALUES ('RcUWlQBPaBFRwnxZ','AoyCMYWmWApItEMLpeWK','EakELJrDLNTfSvgnRTPW','M','HuaFtClI@gmail.com');
INSERT INTO privato VALUES ('oHonLUAuWuGLgkXU','XJeKlObbEEsPBwJfgPzA','oHxXGygywQGiyYCaisfA','M','dXAoqNP@gmail.com');
INSERT INTO privato VALUES ('jZISEelIaGuxNycB','RxPeZpkQoIKAPmLmaGFL','plnxJCnUQhBAPYaUGooT','F','dXAoqNP@gmail.com');
INSERT INTO privato VALUES ('ZCZOWYEzPZBNrcHK','DbjcSbhfQwvwIxCXiRXW','FaZTLttGHLBtjDayXKEt','M','dXAoqNP@gmail.com');
INSERT INTO privato VALUES ('cMMtNMqrcFyGAWzv','hIsxXdHhubfCnqXzCziA','gGbGhwrMeZNUzqLsdOKV','M','jMEJIPLau@gmail.com');
INSERT INTO privato VALUES ('XkIqfvYsrhgoHAWt','YcFgazOZiTCdUQGMeXmN','YXabfrrxvSzeFnLjYcIn','M','rTFsj@gmail.com');
INSERT INTO privato VALUES ('pdGotaikukxKakMd','XygkskyrfjIpoACVZhXU','TLFAXLtZNQaDwyAgwrxR','F','HuaFtClI@gmail.com');
INSERT INTO privato VALUES ('AdMWUTPEGzMWdguS','HobXFCjuqvLXBHRLtCwz','naKqKjeXyKwKvmgWMCdT','M','inBWK@gmail.com');
INSERT INTO privato VALUES ('rRSOsYUWuRJhiMgc','TKGxupudgUiYtVoxVZkL','LjmIWMlqfvQWuowSuHYl','M','ZMuNavi@gmail.com');
INSERT INTO privato VALUES ('jhDXLyhBOuXcGWMv','ypiyqVLnClHuQdKilKxd','rpNFzOrDbCOlNYkuYCSx','F','jMEJIPLau@gmail.com');
INSERT INTO privato VALUES ('waEYjLHPBWpdIIVM','KpbdbzbBWLqYmOOJVlcW','UBeyjtBsrJItIOFxLqAw','M','hEcCqlkcU@gmail.com');
INSERT INTO privato VALUES ('YDVdppwbyGotULxR','ONaBapcqDFazTFAnJwJp','GgquTgaDJUZWCIAmCjek','F','UwvNCEfX@gmail.com');
INSERT INTO privato VALUES ('WHdmtUglULjrMgkM','LMGsTGsOztlOZEDbVrxo','WMcOjIcNztehgOYoKJrb','M','urJphbK@gmail.com');
INSERT INTO privato VALUES ('twoXnseuKuPkJORx','RkcqSsuYzCOORDmyRgOx','VdjdVNOdduiIDkyGkaEC','F','NcuPm@gmail.com');
INSERT INTO privato VALUES ('WqCBYRRGkCMVCKTE','dDhbmQNnJgYxLTiipixq','MecBHndIiORZgobGhinW','M','WMvOahc@gmail.com');
INSERT INTO privato VALUES ('qqUWNNOeYSLFScBf','hPfxYUafQyOmsxSbJPMw','KChlRoloYXLDkaDPxNwg','F','uunVY@gmail.com');
INSERT INTO privato VALUES ('cJmelJoCmFBTknHv','uRTLNzwMCIBcrkeQXrmN','kkblekzxcSTCKczhDenQ','F','dXAoqNP@gmail.com');
INSERT INTO privato VALUES ('LIYTUophGJTBCjLb','sqPDJwgBPXYoYsehZwlc','tpPLCJuUQEQtRHlfkbDU','M','rTFsj@gmail.com');
INSERT INTO privato VALUES ('IcMMamLkwXARNvzr','DONsTtbARcTyGrslSaur','ZAPbSdtYZbnfVjQjkGFn','F','besdgS@gmail.com');
INSERT INTO privato VALUES ('PCiGLcEPpvTHjPOs','urdwhsrkSNabjfSCrHth','idzKiezgYdgnDVDZEnRi','M','uunVY@gmail.com');
INSERT INTO privato VALUES ('LaOGeYaGQPBkalJQ','kaScSNiOHqIEsWLlZPqE','UlvAPJtdHtwWGsrDXzpg','M','UKoUrDHbd@gmail.com');
INSERT INTO privato VALUES ('KwQEfRpGLnihVDem','FyCmBiWKrvjcRFbWTuDL','RZdLJLrWkDFFvobLPmLs','M','FMSvHT@gmail.com');
INSERT INTO privato VALUES ('nZYvXFVUNNMzcorx','sOcZBlEZUNAxgtwlyZHh','sbcdPBKHNgqTIatEsjoT','M','mDmqGH@gmail.com');
INSERT INTO privato VALUES ('FVuiPXWcQbLcENVQ','oEhyZYOJzeEGXzwKnCgX','pSBTYfflXVAADIhWAQHD','M','yAftTa@gmail.com');
INSERT INTO privato VALUES ('bbzUCSijlauNmHlZ','mOeGYExBrZZLvajuuJGP','LhdmWOHpeUJKCUAqumXC','F','smPekbo@gmail.com');
INSERT INTO privato VALUES ('qaMMQVFDiFSQSnHj','CpRyBvKufrqVWnuEtpFE','BQdvlqTtBtSRuzJSVtfN','M','hEcCqlkcU@gmail.com');
INSERT INTO privato VALUES ('jWsXQHHjPmmLhFoL','sShfCfBEmQkGSjUssQgW','DiVqnEcsUCfwGHTquEkZ','F','LPgmn@gmail.com');
INSERT INTO privato VALUES ('KjeMCeLdBdXgsMej','afMVuVSFTrEmvQKsnhTU','DWfXsJtsbhCilBIgINcy','F','CefVVD@gmail.com');
INSERT INTO privato VALUES ('zhAlGpUxgyrFKdZx','VBjlMzGVbBXeqwDXjwwP','NsTEBmQSKMsNZdlQVUMy','F','HuaFtClI@gmail.com');
INSERT INTO privato VALUES ('lbKGphwIWOebtGFg','LfyaOGryKXCzhVlEdtna','CoqWOPjgaHqdsicyvdfP','F','JcgZYle@gmail.com');
INSERT INTO privato VALUES ('dvYJLlmIqCFLuENR','SfZacHmvurokjfNfWddw','msYcliIHjJwQIoYtvXYX','M','rTFsj@gmail.com');
INSERT INTO privato VALUES ('PNNWykdXJojTLRXD','ruiTzLJzYUfYCwiJNjMy','NvJTbmigZQbcMqApVpYe','M','LPgmn@gmail.com');
INSERT INTO privato VALUES ('pGAXYfIjHwMAojkn','iEwJifPcbBGSBoqtIvYx','YXEmjdUotphqzlybLgUg','M','jMEJIPLau@gmail.com');
INSERT INTO privato VALUES ('zfkbquPpMepjrRus','MLDgPMddrXflZMIFogge','XzofvPXioLBtQtslBmYY','F','JcgZYle@gmail.com');
INSERT INTO privato VALUES ('fuAxZWKGziBTMQWJ','iyMEBDuAGzGHbgrJskWC','WmfeOePyGhUYDVlZwYoV','M','besdgS@gmail.com');
INSERT INTO privato VALUES ('bPRruDMhAaUHjxJo','JaTvPCBQeecMpuuWkEkn','UOtkjkaBzleKSjlLscxs','F','JcgZYle@gmail.com');
INSERT INTO privato VALUES ('KoQuOTtBleKeWeMh','SEaZLnWKMpNmAPqjhfYJ','MGteafIJEaRRgTRvtnNd','M','tkAIrNP@gmail.com');
INSERT INTO privato VALUES ('gKuIlfhexChiEyYJ','weuUgUJgXaKoKEwDuHBf','SdRxGQvJeHWoMdgDsgut','F','hEcCqlkcU@gmail.com');
INSERT INTO privato VALUES ('GoJbYZVfdbIMiveS','SOZyythJZoQfPtRDmGSM','AZePXmiHZjcNaBsjxhzg','F','smPekbo@gmail.com');
INSERT INTO privato VALUES ('YvBxTwVXnJLrZUKO','pWQQHsIFZxgvvIPfbvAa','jlhXIFiZPQRTTOHWFwhg','M','mDmqGH@gmail.com');
INSERT INTO privato VALUES ('qRAfAyRpFzuSKfvq','XXHvgrPruMtnmkNAQazn','JJVzBteppDanEjzcLBIP','F','uunVY@gmail.com');
INSERT INTO privato VALUES ('EChIylKbsQFXXStT','NACYImGejvEpwzyPSPtr','NmruMBoiNuznoLkEvisP','F','hEcCqlkcU@gmail.com');
INSERT INTO privato VALUES ('whSWjsRRbeXEZNzC','ftgsAkQuxSfHMoKAIoUq','lHitFaApoMPKBpiBPSpE','M','kfCcIrHC@gmail.com');
INSERT INTO privato VALUES ('XTBAgPsVKOMxTgWb','hmewWBtbUHoCTOUgpwEp','qcuSkPopbTfCizyDkRRe','F','besdgS@gmail.com');
INSERT INTO privato VALUES ('GpanXkFfzrrUrGEA','DzcdmcRCAbdhJooAdpAy','hZoDuSlGzfQMiTdqkeBE','M','ClwMwa@gmail.com');
INSERT INTO privato VALUES ('ucaNRQQPjYRFgLWe','sNtbfgpdOBxFNtuEvjJf','irtoHHCERIEcJkaDLCCW','M','UKoUrDHbd@gmail.com');
INSERT INTO privato VALUES ('DBkNFBmUDFpkMtyg','ZulShHfEFSAWDxSSDXmw','nfWChccAjUvhlwuvBqbP','M','dXAoqNP@gmail.com');
INSERT INTO privato VALUES ('IUjTaHbIQHtYenYa','NSVcnDUCAyJwHKtBwxcR','vOxmOiSqTodIhaYYQhCB','M','UKoUrDHbd@gmail.com');
INSERT INTO privato VALUES ('IKUPSlXDfRiLYTZJ','nKhMRTeYnPzTKFPmpZKN','LmwhrPgswMidTNMRwjfP','M','WMvOahc@gmail.com');
INSERT INTO privato VALUES ('WFPduZOBnfxIeDXQ','KrKKePxAxSnSRCRfFenJ','beSpaALOdaQYZuqVNYYf','F','FMSvHT@gmail.com');
INSERT INTO privato VALUES ('JKtpVHDeoLROyYbW','ZoDyCWBPZWLWTUgktLkb','vtPdnlMfsPwJUGgsdvUo','M','uunVY@gmail.com');
INSERT INTO privato VALUES ('QtByjRQgSDagFFhB','oYWzicTdrWNBltESeMBp','IXjqUmbGHnTxmoxJfYVJ','M','NcuPm@gmail.com');
INSERT INTO privato VALUES ('eMAfIgffoNkCdaiu','pVgydlxnSmYeznYvzqUz','PWhtbkQTTwHcSeYCrKAj','F','eUWaqTXu@gmail.com');
INSERT INTO privato VALUES ('VKHaENeAawQYPlzK','vAnYkGkXUPHgCwoNJwNO','QpwkKxHEvFtnuPBAtvOO','M','Xatkgs@gmail.com');
INSERT INTO privato VALUES ('EPYmoIBwchQLpWwU','oDMzhiHGhwgnGKLyDOif','kJdDsGaPuCYPyYiOnLMS','F','yAftTa@gmail.com');
INSERT INTO privato VALUES ('bTmxSSxiSGwXmzfg','QWMlTSLDwuTTgwltWlmB','zAtklVummJQFqHKwPexy','M','inBWK@gmail.com');
INSERT INTO privato VALUES ('rwrwKSRxHRFhBXpx','JBAYSEmPmpyRuihuDTfJ','UiAVUUeZHdlRnqwzXBuU','F','mDmqGH@gmail.com');
INSERT INTO privato VALUES ('lmJkCBCxJrmqSuvc','aRiwBCQcnmdfsJWQVdXK','RJzydtcJEHWySMLGWvGL','M','ZMuNavi@gmail.com');
INSERT INTO privato VALUES ('upYmfpGaglTmeHEy','ggzIJcLGiMhYOUGQmrPU','HHqpTMQyqioQAGhycJil','M','hEcCqlkcU@gmail.com');
INSERT INTO privato VALUES ('FzisyuJXxgzNZubj','klUueiufQGabYGLAYrZb','XxiIBAUWCuGbXEYpMuNn','F','KBUWdx@gmail.com');
INSERT INTO privato VALUES ('xXEJKkGhyPJpRUnM','QSFZlFeOYHplsRXfcVXV','ujJvqKbpgIEPKYjwENUm','F','hEcCqlkcU@gmail.com');
INSERT INTO privato VALUES ('YSVSPwMMcmFHIZax','JWUIyQSwcRIzxyJfQbeu','YNEJMkEgoJPZCiQcGxpv','M','HuaFtClI@gmail.com');
INSERT INTO privato VALUES ('JVhsmvTThxZuhFfP','ZlVsiNXDOvUdyyDdCfrz','OQLobfLAYogxfQekSsKH','F','yAftTa@gmail.com');
INSERT INTO privato VALUES ('PmjvIvZeXbpluzWl','oakRLLDjZvTkSGSHryEH','PUDRQOzMVNWUyQgYVwrb','F','znivQ@gmail.com');
INSERT INTO privato VALUES ('EACFgUJDbuNblCIT','nDxAJfDICCEgYnAnQYAS','pNcHrfelgJJHsyqKNqrj','M','eUWaqTXu@gmail.com');
INSERT INTO privato VALUES ('zYZCtHPUERGSsXUl','CFdmECnEplQMpMbTbIlE','tLBzhpNQdeFCirLEDtPx','F','ZMuNavi@gmail.com');
INSERT INTO privato VALUES ('qTdtXXwqbUfzCKQp','XXViahCcbPFBtsHkgJQB','mNyXLrRcMgvMntfJbBdR','M','kfCcIrHC@gmail.com');
INSERT INTO privato VALUES ('FiLVlSzjTTJICOWj','RRBpQXqnAEtiURWXzumT','hkmEqEDXTqLvJPONGoir','M','KBUWdx@gmail.com');
INSERT INTO privato VALUES ('lZCpBvPSnQgHfTXY','zITHcaJmZDTFlSygQCOD','SqfIOeQgBnGfUDsKGFZg','F','WMvOahc@gmail.com');
INSERT INTO privato VALUES ('KSDPCDEbOblrwOef','frOtkSzRbPhArUnzzgcX','vxJQvNmORCEzpaoZVpaE','M','urJphbK@gmail.com');
INSERT INTO privato VALUES ('UrmiiMdoCVyYZNhm','UNPnQJUDbxIMyVBSHovF','bwcJPPlQcuatMIcAhsLO','F','jXEeZPU@gmail.com');
INSERT INTO privato VALUES ('btpsdbebCZJEtlFR','WzJDUFUdkAnJDfIaiQcR','UvPYNthbTSdScJOpuBSq','F','KBUWdx@gmail.com');
INSERT INTO privato VALUES ('myYmnlwFyyGDXzxS','xAeVtUTGFDuQeDFBALNM','dMELixIcvwtgzdjrHWzd','F','tkAIrNP@gmail.com');

-----------------------------------------------------------------------------------------------------------------------------------------------------------------
CREATE TABLE azienda
(partitaIva NUMERIC(11) PRIMARY KEY,
indirizzoSedeLegale VARCHAR(20) NOT NULL,
ragioneSociale VARCHAR(20) NOT NULL,
nomeReferente VARCHAR(20) NOT NULL,
cognomeReferente VARCHAR(20) NOT NULL,
telefonoReferente NUMERIC(10) NOT NULL,
indirizzoSedeOp VARCHAR(20),
dataNascitaRapp DATE NOT NULL,
luogoNascitaRapp VARCHAR(20) NOT NULL,
cognomeRapp VARCHAR(20) NOT NULL,
nomeRapp VARCHAR(20) NOT NULL,
settoreAttivita VARCHAR(20) NOT NULL,
telefono NUMERIC(10) NOT NULL UNIQUE,
email VARCHAR(20) NOT NULL,
FOREIGN KEY (email) REFERENCES utente);
						
INSERT INTO azienda VALUES ('80593473200','lyNdGeNVwYbEQSIzoFwu','gfwvObusIBSRwNUDUSvG','plftCRfrFfjmEnpVnyMy','DRsGcLnWeIKMgZagomcv','5132332017','TQmipXtlpJopdRNSoTio','19/4/460','OUWvzoGPhYQXbNNiRYmr','OgwAVxjRPPTbLomctCQN','WgrCIIkhVhucnLsOtVbv','glvRQliybWcBvdUmzGrG','2651318098','vkHQljGVN@gmail.com');
INSERT INTO azienda VALUES ('93988152395','RDYuvSbZxmZkrWQTmsxt','kqvEFeHmJIytVcffEMcS','fAFRoRWZVRwhnoaEanGh','uKjtLcpDHpeAFzSCOTrK','6105762751','sHjCadEcaWyKVYaSaoPk','3/4/689','eRkOPkukIfPGVpIBaCbI','QpxBNHBHgkpbDTguiOas','fFEKcbzEKJROFyzVhMcd','sXFwktZhSllueYQCkUVH','0974561875','Xatkgs@gmail.com');
INSERT INTO azienda VALUES ('42267332361','NFnlsMiCyIsUdkrSuBva','CrFeEqteKuIYhlzPHtlO','LaljpKNdrQmwnVtfJQSb','PZClvtXhrAKAEQVHqNLT','6597707417','nVWUUGrayoHNaGCryjZd','7/9/387','dsDUrZeETXBqkpZlyrHB','myIubbXERUoxvDaLvuYI','zLHhNqEyQAafTofOIvMW','uXOinXiIlxzYpTdicDgs','2529341717','KBUWdx@gmail.com');
INSERT INTO azienda VALUES ('17848981043','IkTHGutoELypsuOOjkIg','mWpDpzPKDsWVzYUCtUFV','BroywGbuhzwKhOAZUcGU','oDLgykxwGWtWAPFSpPoK','2163727085','rgrutCMkKMmcWLbWOaDt','1/11/1391','uOcvwIoUlLRmYCmAKmlt','BzMqixgTiUNUXTehhCsN','OyLRYgZMFWRZptrrPzzz','IXNowvDvoOTeNXQUtJmP','3251207649','kfCcIrHC@gmail.com');
INSERT INTO azienda VALUES ('88462325344','JlYUZIHXWrJPritrhPeJ','eCWgVlGDoXAGdwjfplOj','vDhpwiYjdFHiPppBoisV','bViqrIkmoNOprSoqdxvu','4942122959','vyHJHYPXvtqzAjUiBSEX','15/1/1587','ULRRQofdHCBqqskXEGAc','PunFAHAVcmcVSebkMHZW','IOLvRFdHMnPGPflhFVgU','JUSVXdSzDGUmxnNyMcJD','2089720603','ClwMwa@gmail.com');
INSERT INTO azienda VALUES ('33275221733','XpretxkIlQtWUnzzSeoa','kGcKNOfnPypIfEnsyArm','fdgBOBnnHZLRHiVYWcho','FCPDCPWDZldxAnHLZVVg','4142892944','XGWCkcTrxvdajoyFlAIu','23/2/503','JBqQVxBwyGDQgbqLFJQp','UYacyYEPqOPmayxXhkTk','pvNUYNExssZGCmJexsdo','SjYWGenCTKwEejTqvIjD','8834971794','NcuPm@gmail.com');
INSERT INTO azienda VALUES ('42770569398','CvcdeYNgrcesfCONwMah','byLybZdFRWfgrOPuiNJs','VBdwtIcSboGqrgADrlML','GQgEGtIvPRaMiuBdiheU','5425205696','HHysWPmNnZHItcJCKAuW','22/11/1210','rNOAWyWvGPQdvOzyXGWM','XECPQZWCgqIENOHLxAAw','cUojBAMipmcJRPkXzTiU','tzpIQvYjLsxzdlFyOcpU','9729660280','kfCcIrHC@gmail.com');
INSERT INTO azienda VALUES ('18607089623','beTaWxbPiKcloBMhMCgN','GMlJopZqlxVzozFVeQCs','RowpLthjcMnzypTAMPOa','AiYhHRRktzQfXFApgwQB','5627622270','CMkaNTolOpzXTlOABGfC','20/6/1067','ShTpRJAAZyTvjoFPRWkI','ejXgjFdDnLpdGAVrkXor','lqfuBLNDrmhqzgNVhCff','ElPIJaVSJonFlHtdpHJX','3406680958','uunVY@gmail.com');
INSERT INTO azienda VALUES ('69527342516','IrAzDEapaeTIvmewJLdC','KnQSdJPXuRtGyKvmhBCj','qtlXlPFBKLyVUQwzBFqC','AokFpduZviDDpJqmYhju','6438451899','ACWIxRlcFwnPzzfdFZac','13/4/1185','QECgEqITyEHpkZGWIHjI','PKudeAxCrnBYcTTRhkjv','YuGEOFKDsxvkJtKtpDXr','VgKHYvKAyfWYyHxTRLQw','4084775305','znivQ@gmail.com');
INSERT INTO azienda VALUES ('35210351703','PVZgRZnGgVeRdVUapSfa','PcsYKVqhXHrllJQleZrb','hBerxnMWsEeRUnRhxSxm','WKsOpcZkaXOJERwwgYen','2652209343','eZBfiXQGEBzsPJpSSSrb','13/6/1973','XKcOPUtnsFfJdxBFYDcU','tNvtGKDPpiwsacMbIcYL','rpyNchoaehhNmyWpzluy','UwQsseCnIXBhDKWukwrJ','4246727015','Xatkgs@gmail.com');
INSERT INTO azienda VALUES ('55792444460','WSPeEPzpyFqHlZhJJVkY','zRXtxRWLIiaJcdTaDVvZ','kAJrrUOFyIEMpYxolZwH','TbucuGfnvkQfqtgciTHe','2408571180','zQVHDwWqLuLIzWzheFEu','5/2/256','xiHNcwRioEMhbLPneJxZ','hHOuauliNQnCMvxvHnfm','hxCbRzvpTlMPtzUCNNxT','ECdiYbyFHpBqpatLJuhV','1139622798','jXEeZPU@gmail.com');
INSERT INTO azienda VALUES ('54761069134','evWtZyBdSbkegmtxUDSE','oIPGVCisORxKbzfVVmUe','xeQwBJTejPtUbzFDYXUv','EyaTmfFxOAPllhtFQjMV','3734866844','VGSnSgpASHoRzfKNSyVa','21/5/683','FXdgCLSvoPfIncIHpTvC','zkSInMwluhuRalvSuJxp','xAxlIOwVeAoNpmqKJxHs','bAshWSKyHlPIGChCtRMO','2988888635','FMSvHT@gmail.com');
INSERT INTO azienda VALUES ('99215960504','AtdrBsAkRrOEmlJcjlvB','ZmpaccifxGOUqPKNZyna','bJPobHhMvlkDanpDLElN','VdecmlEZSAYJTxGIZwoh','4141928371','WLZSrOKDfqORqPiXqiwN','13/11/1523','FfPuWpAdpwcIXEQzeYPt','kLhcfmChJCEkTZCiiviP','CvTpiVYtYzggJihUivLg','QtZqrhcKMgiFozSjgEou','5706710098','jXEeZPU@gmail.com');
INSERT INTO azienda VALUES ('72012000237','kspwIacrnFKvPSbpjtXM','itXPOBByzxUWibacUAzn','WCEiGBJVcUsuuSMpIiKh','UHrPzSmAGMXYsyKDXmVr','2389113242','wcLEYsqpLXuzNPobtCqs','14/8/1903','TnjOkZDqapMJsIVZJjqE','vGMdflCuuscjlOzbBEMo','lqpgIkOdsMWxQzGOqNor','GrpGHFJXiIuPnPhSaKgD','4696408923','UKoUrDHbd@gmail.com');
INSERT INTO azienda VALUES ('30216183520','RBeFmKJweuKitxlLFhrQ','CvWpsDzmkNyOMwrtRBXo','KcrkgwNHZEdAAmZmMnQj','FlcIgBwrsXmtcarRPuPS','2336304336','rKGfqbcDTdbggJaAQgma','22/1/907','pSiOMYHCyJHtQOuevUBX','CDBBhPcQvkycadrZnXSM','oqEpDcmIEyrNSUNUVKsj','bSupJZLwstAiVKSshWPL','7784866415','hEcCqlkcU@gmail.com');
INSERT INTO azienda VALUES ('09225170583','uXOhXUVPajENvrTwHVjs','rcuMADEJwycMaBuObBrC','vZYtweaxeBLkjQKWdwqT','dYqDiGMkluPfaZUmGMBq','9416676713','NcOqdfVzscYYygYBrgwX','16/8/658','TePANhTBjfECGuDTFziQ','umfTLbTzsUnPpoEJNbGk','lpgwsGKSmTRlVzquNSAk','NSRVwBVDNJRxyWfbOQvx','4338912318','yAftTa@gmail.com');
INSERT INTO azienda VALUES ('22500032085','GJxbjKIjPmsXKQDYsjFX','sQVyZJAyeUoZFkcdnKWZ','XSLFrhMJnuBZOfSoQDIZ','CzZZYRBgtBahLNPrygDu','7442687384','yyrPspUbDWYYHVutPSCZ','23/7/1551','ydJFoVWESvyonAtKOghP','DbQGGWoPCCQAvzIMFgYr','xfAJoXxnaaDvaytDLkRt','QMSMbBBKGzMSBGGlrSdb','5331256070','dXAoqNP@gmail.com');
INSERT INTO azienda VALUES ('77130659635','CZHQEdlvQhgnlrGvnagU','LFtmZRNghyaKMuYOjqpO','TTaTiiVzHqOItwEEBxlp','pcVFsnznnLPOjQEjHbQz','1058209557','UYkRuzCNmZpzTNiSRAYY','24/3/503','RINWNlTYjeKUpNLKmfWr','suSatjWReCVOAXtRvdvC','aDyHFYBsgwUnvCdBsGSr','ViQLsEdaYIPbsVTKLpkg','1413575985','NcuPm@gmail.com');
INSERT INTO azienda VALUES ('72680915799','RCaZkWwcmqTvJiYSNUQm','lpayzoSqsisEaqBAMrvQ','mxuyxlizMCyFfpCngduV','yjiVhpFqazlPSXVFCeCk','5078978730','sDWZtdxmFRDiYpGxdDsV','4/8/639','faUdpOWLyXbxrqUEZJCS','rwmfqZhKzTyVeIVdTFsx','scYuBDXYsTOYTnWalyvr','tdMqXBRhObIFzEDksEyh','8957067831','UwvNCEfX@gmail.com');
INSERT INTO azienda VALUES ('41338862004','YvPehKuHBMGDFxXsDtbP','xrItNQifkqRJgLOdTeXR','HkAYxXoGPrxCbGZSKfEc','PszwiRyGbYQHhnhdlYZU','2673513325','ToExnMokpwSbRXrlvoHJ','27/2/356','mcoBKoUtpPVjcurgGFNq','liNCPzJWmTFpSJHyxXVz','fNwiTObdWbyzRAqrzZhF','EfKCXAIyxGJCDNrdlEfV','5402936383','vkHQljGVN@gmail.com');
INSERT INTO azienda VALUES ('44909734085','imFXVVdMNVVfsNzJcRGA','jIHFfjPRYjBSahTZDBmB','gyzaoZdgggmxFzwMWqQx','CcFcaPVKgmFkrnOZaeZn','9896436535','qMHtqVPXEbHyXlsEbzDI','13/3/1638','fKEkPjXHTPGXUzVbhiPU','WMMqwktCnZigwinsYdWJ','cbSyXIYhqjIMOossQDtN','NXmXfbtcHFmiYCPGETcn','9715953742','yAftTa@gmail.com');
INSERT INTO azienda VALUES ('94451380071','ErcBbGGyBUZAiorkUPdJ','QKbadPQeDcxROjYIvaCz','OsTQfUjOfXFDONtvxlSB','pJIeMWagDrTtnHXzUpTG','3365401345','DAzxlvgDcbOjwcOVNKJQ','16/7/1561','QjkrlKEOTpvdtWhFahyW','pWihyNzxqmlzkbIMLjDA','dKmcJFkqdSAhmzteyNaj','ObHiYNtItwMRozpuMTSW','0978838180','inBWK@gmail.com');
INSERT INTO azienda VALUES ('46103806671','vaqjFePNFvIvMueHEXnN','ftVLUjbFkAxxWmEHwxrW','aeavVDyiZjfjttTCBqFo','plmPkrmyaJdvbeMjIkya','3423407064','tNXtrneMyvoKXjpLewda','1/6/203','TVaAEBedHfESczSpwwTa','OGowHnrtrGNtpAzQgCYP','zcUSHFHqGphaWCUWHfSY','cCKeetyHoMdafJqNSgMp','6343432223','besdgS@gmail.com');
INSERT INTO azienda VALUES ('79544650287','YfQyuolSmOrPdhNeDOyN','EVUaMyShEgoHKONaFuUl','jkBPYDmnAuGRSuCmiiPu','HZsVumxnBGRDKwpPovNp','6194186033','mCCohziNZcunAanSZLyq','24/6/628','YOprrshwqEMNNLvMtztW','JkNqtHqElVNaNUlCEbXN','KidxDeULebdlZkABgIlS','uNiNsrfkvhKBgtfUyxkF','3927234708','smPekbo@gmail.com');
INSERT INTO azienda VALUES ('27708421737','wCOucXoUdBNfkFbvmnDP','pVcqDslVYKTQbAtCPrne','LcchMGpDBmRgpuNfydkr','CqhOvsXtEeEZQudmqSai','0608594648','FHpezujmipyEMPWdCdQc','15/11/1705','wFPnoWqZhmDJGLMEgTUM','ipneFimLydPJKzJGfEtg','knfxgXOpDFSrHOweNYQX','oCowpVSjwBfxvhJojyyn','1927442362','UwvNCEfX@gmail.com');
INSERT INTO azienda VALUES ('31729192505','ZuYiEqDGTKAHRXLkieEk','cQCcBjzIUuGvNGQaZhos','OULQiGBdTUDNEaCkgNCs','LzzsWlFFXJoLGLuLYkIk','6703191585','NQZBDrmldeubiSrQkMdf','25/11/243','WnMWCKDuNfijHuxVwxvp','uTOipoOrlWMkFbQnCCkH','KqUomLuBdvjtclfqINxx','oYseWrgMqAJuXkXcGtRI','4910272407','jXEeZPU@gmail.com');
INSERT INTO azienda VALUES ('87646517813','MVIJuRCymUlylPztdRmF','FPgJyMRMCRNWUSCtFPTw','vYDfnWpzFZyafpTvpQZt','jgctYLMtUmMneEhPsdHR','3085699082','OCeedzUTOCOFiEhhnWhp','11/8/1232','zGXxVycrOfwOyfcOOyxH','OiAYtxzhfsaUaTAxNfkB','ertwgmPFnNrbfeRdDDyW','vHGakoimJeFxPJfheDDQ','6700372949','vkHQljGVN@gmail.com');
INSERT INTO azienda VALUES ('70201104034','TaReTSNFnszhusHezlak','sYnyXWeXSBRiCGsBRbZx','nuJAtAJKaIqgCkoKzhDD','LWkvbGqeezIkNbKsehHR','0373178121','EodvsdKjxHzcpRJWSKkF','18/2/1529','nKREfhIzsHSeHNSXHwVy','jucLYreojCRGGjAAQdQr','UwKdQayOenQviKnVHfSb','DtBfSOEpQcXMtrPkGwgb','1492481373','WMvOahc@gmail.com');
INSERT INTO azienda VALUES ('33735746960','mFiGyKQYgwIwIdMAeJMd','ZWQvjNxzqycKGpQdjRed','uxrKYaWnBHrGQmXRMAHb','ayGHnuNEcAnToIPwyhMC','2892157784','MNoLoQFAMxidjfrshxzh','21/8/1387','oqTddiIMvBKyqRQtspUq','wgXvRsOTxSWYFeKWXabN','VPnMCMXmXrVaOgpvyZPg','kboNyLsdnVtjVuOJvent','2002370225','smPekbo@gmail.com');
INSERT INTO azienda VALUES ('03925141809','jbKBuZAYIohvsEJWsCKF','VTrLkZXBeDwlSBxpJHKa','PClDhirXwfZkikOxGnKB','KWzskSCSyRqzjflhUYjK','1850039919','zPETGAWGXKNmEQzghOzr','23/2/790','GZUDUqHwXqFelcxpxhac','UPfOebTPwmIFIqZnJmRH','GyqLyTfNNQBEpIqnuXsb','ppVdPliJBCvgkjjkWfkI','2794376491','Xatkgs@gmail.com');									

-----------------------------------------------------------------------------------------------------------------------------------------------------------------
CREATE TABLE conducente
(numPatente VARCHAR(20) PRIMARY KEY,
cf VARCHAR(16),
categoriaPatente VARCHAR(20) NOT NULL,
numCartaIdentita VARCHAR(9) NOT NULL,
luogoNascita VARCHAR(20) NOT NULL,
dataNascita DATE NOT NULL,
cognome VARCHAR(20) NOT NULL,
nome VARCHAR(20) NOT NULL,
indirizzoResidenza VARCHAR(20) NOT NULL,
partitaIva NUMERIC(11),
FOREIGN KEY (cf) REFERENCES privato,
FOREIGN KEY (partitaIva) REFERENCES azienda);

INSERT INTO conducente VALUES ('vVzKoFaZVYURGhYHEUsw','bPRruDMhAaUHjxJo','HADaKHiyrcYkemDZZeVB','flckdodjt','MHqGLkPLUMxMvzESZlKq','5/4/1970','hfbTVmmfpYspRXTVuCMb','kpLLNbdCCcnFBBcZhvQV','HDJGyvxMSPWUohMhMcrT','80593473200');
INSERT INTO conducente VALUES ('ZpHsCAibMEMYhoCKRvGU','qqUWNNOeYSLFScBf','lvSskmcHKMNePnsbUXDg','JfCTScAqn','QxHVjqXigCuuBsACLiAS','21/2/1998','fMWkjFjcufdtNCCnigiH','garEHtDjLGfEcOwbSrcG','oWHXpaiaXDVNGSftDDvE','93988152395');
INSERT INTO conducente VALUES ('gHUQEJApoKDJiiLepfbW','qqUWNNOeYSLFScBf','GGhPtGmlODwRBbgPfCOO','GNlDoOyfC','WUObgoyUIWRLLSVYJzLD','21/9/1954','LurcpGPyfzypkKnptETG','JQikvpHCmXISkakulSNQ','qbhbEpcrQwtBeRcULlVr','42267332361');
INSERT INTO conducente VALUES ('mgvorCXlhPlTPwxFCDJu','PmjvIvZeXbpluzWl','qZaZpJGsbLUfHTESzKkx','FCJxGTvqG','rBgGjAmSnvXsfqWBwgrT','12/8/1985','kGjNqmuMRLRuijOPYgVj','nHnRzUOzixtLkMUrauIc','BADMVlWbQDTUwOxfwFjL','83613884487');
INSERT INTO conducente VALUES ('wtHcEaxzjDVIEXUpzspA','KjeMCeLdBdXgsMej','CySijICgonGckJqlRMuo','McmVGUDli','kYDWKpjKLUkzEjsIacXt','23/9/1982','FkVsfSzYcNQTxsJzbQPg','cnpMVaaTxtMSiNorHLUt','hJpSCYFkKItHvVxizLGU','83613884487');
INSERT INTO conducente VALUES ('vprYnfzpCffmXoiMzRvW','IJcseHPVoywBHYiR','dzmhlphLjbTGlRPmCoMH','OwavwXStO','AnSYLPwwuuWBDjwrNqeU','10/2/1981','rtcIVrQwGIJUuoAOnZvV','PxBHkgTetEvbttwsBxvM','WcHlRCVVcExtvCmAoWoG','46106474251');
INSERT INTO conducente VALUES ('UeNztADKpxMcxlPNKrnz','ZCZOWYEzPZBNrcHK','VCIkKRWQYizrRzzeezOu','QmSpmECdu','UxKHmuXDTiLRWuhWlkJq','1/11/1998','EJkmFwUIfGSXqnMoiVeO','yFpjfJCKUesFqcIYnsNv','sIeaWkQtCAQgBiqTBbsK','27006538184');
INSERT INTO conducente VALUES ('PetiGZvHWmFqHDVNGmXs','QCztqTGwZfCVdFDY','JsDjYyVmccOPsnZUDqQv','PmWBOLbos','xnGkhssuuXwAUhySwZxP','15/10/1982','hSJopWoETAksXDVFUcVK','mUZwmvbOwiyIztTuSEBQ','wjTGPtRdCPvByJZqwxEd','20096762316');
INSERT INTO conducente VALUES ('WyZURTQHxGKEdtgXYpID','RZRYWHnnWdziBjXH','UHdjPrngvTgwZEuBFHfW','IkHkSBPAL','FFHjTHVlHTwCXvxmtnbN','28/8/1998','VuUOdjABpzIOHjMPjCLX','AFIICqHKwYFdRkFMDRNT','lEqxMyhLwaxiKiMMbwaA','72969863540');
INSERT INTO conducente VALUES ('lrIAMfDZAVuTRpCkZAHc','bTmxSSxiSGwXmzfg','gUgjLBYYuIxXnphzRLJS','LHwfLUhPd','rpKtBbtcHRnWYXgiQFpO','12/7/1982','mvhbJerSSAQySJEtZqVf','ioMoSiUlmotncETcYYJz','WrMkiakGARXHfelYFQLK','41964662003');
INSERT INTO conducente VALUES ('HSFhXpRjvmpAiYBbiTXo','AdMWUTPEGzMWdguS','BeyOPPUFnKkaulsGAwlu','SgjtTFIRn','ktRVVcXUSsZSReQOqdqU','9/7/1950','dYzGOfsetlTlqSrwdIfv','KvbQxoGayjlpQMUhVPFo','yoRRofTkkXvawLlWNkoJ','41964662003');
INSERT INTO conducente VALUES ('XcLiaMAYeDgMboeElJfi','hccGIqQbYurXFQyv','TjuvoRaOgMbEiXBEzmiW','JWUcNFHAx','qkjpxctAewwkezZvrjdP','28/9/1997','cBvnHhOIvGqHsYikXnqA','ZKiRHBdEZvFLivMZAATa','gXUQXWfJedUXKfFDuFkW','82717395609');
INSERT INTO conducente VALUES ('XTLifNNUYWImyyoyMjqX','oHonLUAuWuGLgkXU','AryZMBpFnKCjUSmUemJz','edyXJxEvO','EDkRtCMJzdWGiFKSyCGE','16/4/1983','MoCSXHijsMPlXAJPWzQe','GoNRNXtstUIclPyFGDrN','SYohPSujQKSwBiQrpftw','46106474251');
INSERT INTO conducente VALUES ('TozCgYBdjnRqdHIMbZCb','bPRruDMhAaUHjxJo','XlqNFdnYNLZesOnljDNf','uSrFniOQr','pOuVmVlVajiraepENUNn','24/4/1962','dhvsuZIqYmFnJWrhtjtM','zFtilGpJXeyWkfHCYIml','ftKuvBjlETkSfhkYDqFR','13803566426');
INSERT INTO conducente VALUES ('AghmcWTFBcmbMQhgcEJG','XkIqfvYsrhgoHAWt','eiXUTTYiXrvkXvCdiTMS','EaXavTEuS','yRaGzgHJGXaughqNTsWT','22/8/1986','ArhXsjkQVfTSiXaqLzLz','xDPMWdfVcHEOiSxfHmeb','XgKkMSoOUNXHmlTpqLoQ','20096762316');
INSERT INTO conducente VALUES ('VTYHukgLpanrtSkMbshq','qqUWNNOeYSLFScBf','aDruSautTICwrXIQGwHU','NKUMSseVj','kBEulcRlfqXAhqftyiRK','3/11/1974','AnZbTSIwVBCqhGBafMjK','VFwpSrDXZCFkCHENnTfp','DtHGyQelCntEKbngbpQz','20096762316');
INSERT INTO conducente VALUES ('trHBWgEdgmsZnyAhBEkS','LIYTUophGJTBCjLb','kFZduYYHxgLLkmmbmhOn','nBXRqCanw','GhLtmDpebWhcDzTNAyCg','13/4/1972','rrOnaKknXKOKwtOqGCOw','tIWsQsXvHMJuGMtaLFld','eBBFGpjSXDOsHGwGFZgI','86954858233');
INSERT INTO conducente VALUES ('ISXuZclaIoIlPnMqxPOh','YvBxTwVXnJLrZUKO','pcgWyKZwosTTDwoECvQN','kDyrqrBBi','hZiUEqArqjUrBAdyrpYz','1/2/1990','CVIZWFhTdyATUlIdfVEJ','YVmfmuhNGCBxQUtZPbXS','lXAcUxgdccaCDlWXxIfy','82717395609');
INSERT INTO conducente VALUES ('qEUMplWmVeLwEJErOmhw','qaMMQVFDiFSQSnHj','yDCzvnvEtorivOJvvTPf','MVkotIROZ','EStZShzvGgjZtErsTiDq','24/6/1983','mqKiNMAlUndWYEQItjTR','cNNTlfeOmtlsoiCVUGhz','JuTYwyiHerdSfwvnxHkF','41964662003');
INSERT INTO conducente VALUES ('LDqeqPWCSIVJellPLksR','VKHaENeAawQYPlzK','CyfVPcSGYvqNwbOzXgtn','xZHWmgieW','WUpdeMtxilQDnwMlJoif','7/11/1988','pGQqSPmeRBmkXEztEEhv','hPxOgHjzEcNvIINVsBon','jwmeiBvVwWweVKzHuEtu','57636973766');
INSERT INTO conducente VALUES ('kdiXhWfkWJfbCPbiQCxq','WFPduZOBnfxIeDXQ','cphqgSlqcUERmbKEIRQk','xwMXBIJgJ','gvlVKhIvyIbLLvNVNCGv','4/7/1993','zEcakIzKmwOAQILeWDEw','BkuBdqGxQEAkRJTMQUTl','rfidodKzRapxnqLImAKu','63344005043');
INSERT INTO conducente VALUES ('QxuvIBoRuqfckQGbktwH','RIyYbUZCAdZUXRpM','jZCeKNsFqjpUFjlrrGaQ','DcquseTtM','lmvAqCgTEniuPTQxAduV','2/8/1971','IngvPTcXWJhrFszeazDg','RsSnFJSGyKCfaSEZpECU','oPKjdrwiQyMMbeMCByqY','83613884487');
INSERT INTO conducente VALUES ('iFLeimPvIQqvfkNxbjUs','VKHaENeAawQYPlzK','MkAKMwqNPDacZIBhyNTq','VXgyjssTn','yNaLrVZmJHxudGkUQLEP','18/8/1986','YlRNVMrDMHavndPsvmUA','HuqsPlbBeRUCMSzNRdcr','QBsgCUjUxRYNwoPeSsEQ','27006538184');
INSERT INTO conducente VALUES ('DNwZyDskGVuYibgykUPp','gKuIlfhexChiEyYJ','UvnctpNHlpJazxcdvhAK','RskHIFtjs','KMHmsZUQFFkOZHdroyEt','3/7/1976','IkzcahRjoHgHOWSNrqsH','nvRkeWYftjbMUmBOOnqy','zzteBsCUUdwcnwxXiNar','86954858233');
INSERT INTO conducente VALUES ('VaoyQuDIbjuycgBIUQfi','FzisyuJXxgzNZubj','kadHvdiPuGKIAzEAuBaV','ZbZRvWWNC','xzlhDOiZzjregOcDxXYR','28/1/1969','PcDzpiqWnDRcRuWIJMWU','vxwrvXhOmFiSsInfmqiI','gHfnIqKjMhsMWCNMrAhz','20096762316');
INSERT INTO conducente VALUES ('DXMFhVbbbqSdiVWBtdec','IJcseHPVoywBHYiR','ySkAQwlHJprWNmTFQfzE','QSJpwbYgI','OZAmDPqFTETZwiTMxlJO','21/10/1970','caiuyxnjcmmoomomWJqv','ZhybxAnZzTVRmXTHwjxK','EMgPlfWjgDFJRDhJqpWE','22482833426');
INSERT INTO conducente VALUES ('owkHihSgZpZgMklcfmvo','qaMMQVFDiFSQSnHj','TDypctIkzzfwBaFtoHOC','esNmTYyJH','knMRqkNWalLtNaaFUSZa','25/7/1987','sObmFDVXpzPgOfuYSNXI','IXUuflaJhPFAnPiIDXOd','NPXMVlKGISByKiDrVUfa','46106474251');
INSERT INTO conducente VALUES ('BNXQraFWFuqjpnnpTRsn','FiLVlSzjTTJICOWj','HkpdYvyjWQZzhKjPuaQx','fNecilMvi','ipEAjEsYNMzpjQpCntUO','17/9/1963','qJLCAUugKaNqpfzCoKKJ','MmqXDxRqwsmLPVgDJvtQ','zEOCyUFLSGJZudWHLgBR','22482833426');
INSERT INTO conducente VALUES ('QnSbZScreXFzvzRcmXSV','PmjvIvZeXbpluzWl','VpSgWZWUBIabBfeyROnv','WmzHcRqav','poAmqZjMficdfAhpbAmA','23/2/1985','RuFtMtSCSWCOpXPfaoeR','YntCulFzJhMCQLdkdhkj','JlwKPIRZXsRBnIDubUVk','46106474251');
INSERT INTO conducente VALUES ('XVyACdbIDtHynhNmgRYr','PCiGLcEPpvTHjPOs','TzojDjlLsMwDyBzSuzgy','vPiaDkTUj','AzNxGmqkHbLGHqExRqsj','26/6/1982','yAvHFyjDUrodDLVLxdLZ','LPcZwbrFDrCzbiKXEHEM','bLXfBExGXYpjjxQIFbkV','72969863540');
INSERT INTO conducente VALUES ('VKyylqbFyBmEZqYmzjKM','ucaNRQQPjYRFgLWe','eVGXEvqrwcBtKoDxUGfx','wOsemGSWS','ttNjKyXxyjXzXyyAbbMd','20/3/1964','kOPrSwuUGduSmtuIPiDQ','QkmwaFBNhqIRRrMrxRUC','NnZYxjnMNlEuPbAvzhVB','82717395609');
INSERT INTO conducente VALUES ('WtwdhJMSCRRLtXzeZYCy','OwzkQwFnNqXShSUG','jqUmCgWVzWSfPIYsbBWM','KQovVZbkr','CPeESJjCyJgEaDEByWJZ','27/8/1977','jopFHiBhzcRdNgVNtXzk','PzzoTXwdKcWnSdmluSxS','SfBjxXkhJTvIqRAOKAvt','82717395609');
INSERT INTO conducente VALUES ('fSaTQefvSATTxpGyCVSt','btpsdbebCZJEtlFR','JRxDmLBFskKgJdEaDOSE','NZCcyYJwl','gruFAdFZrvqywkwkgtyx','28/6/1999','LHKOFjWNXjThFmgORFND','FcYYZumpWvaIxPQWPHOW','MilPzdJKWuUnFDleSONx','46106474251');
INSERT INTO conducente VALUES ('JnkmHITtSBBlHGwiZevy','SqHQzLDxHORMyQwo','DYoSgCDNCoBYbYhqyYwC','CjxPeCmZc','uZGAGVqQfXxegfqWlWok','20/11/1986','UJjHFCXYJBmKDMrMGxYa','UTjqiulwkpccgPJcUIhx','LlbcHWSRCloarsTtRfQu','47483700813');
INSERT INTO conducente VALUES ('nGHqZuKYTgSqIrRhdFFi','YSVSPwMMcmFHIZax','kGTvNVDpmKLDKxjVNHWz','mgZCuzVMI','vGoVsGdrWIvFXjBSYTLO','6/7/1951','fDiCfejXOksSFopaGyzb','DlEHxprAHJmrYVeJnCeG','kBoAJiCHAOZNsAyADlhk','82717395609');
INSERT INTO conducente VALUES ('YvPwRlpKksWEkThiVVpx','XTBAgPsVKOMxTgWb','GgDxhjDLtkzJzdWTpklC','pOoTvNGPc','LtTxuwPmjzRRQclEcrZK','14/7/1965','OsgFojhUkDryDxVnTUKA','AurnRZegWTdtZEavONEi','cAWBacvZmQsmJSuMJDNS','47483700813');
INSERT INTO conducente VALUES ('URCTPwwbucoEEvbRrKDh','gKuIlfhexChiEyYJ','IIcrlncZcIisSIjvutfP','xHuGjPbZx','TKYhgVJNIPUaRYXjYNCu','28/11/1968','auxwDCOEdSHjOZKjYsNq','SjSTfgrngTuVYExCcziU','MhAWTJZRZINIkpyKdOvv','46106474251');
INSERT INTO conducente VALUES ('QzeDesmoCTcDoSPrURQX','RZRYWHnnWdziBjXH','PABRTxHtTNuyUDMbREpt','XCHVJBEMp','kWgaUUFlczbEXPGXXRSY','11/3/1955','RLXSkjlfVbyCbxIZSWyi','yJRcOTcbAXZXGygASXam','rpSEYHhqhAsUkJOMYTTs','27006538184');
INSERT INTO conducente VALUES ('xwLMtpmPuJZioxUyCTSD','oHonLUAuWuGLgkXU','pGmkbxVLpQBEdFdArSJw','ILzjXUrap','tddumJoEaIyRCGSSPMoq','19/11/1996','TMnGLgGYRoSJtclPgNDk','aXMzgodKnVVEsIaQOKok','HykqXQOJgtYKMEppinfH','20096762316');
INSERT INTO conducente VALUES ('PArWqyfZzIrTpHDDMbbp','wygAuBfocgzLxHbI','tufNefcCrNSDrMjtdSqh','YadyZPmxm','jOXbDwVwESIbTQIAWqKK','28/6/1987','JVvzEamJRcIDdpovJaEy','cqTmLpwCXxZhLioUUkCL','epdUqTLkbOYPaBMpTmPz','22482833426');
INSERT INTO conducente VALUES ('cCXATQSnfDGehFvqHPzk','FVuiPXWcQbLcENVQ','aoaGYlyibWPrScxluYsz','arLlIBKws','tYFDfbIsmyTMKhsYjDpB','23/5/1989','qudiBtRMzPLkWBsNoWDV','vkyEUQjZmCOMKWVkwhKx','rxavvbSDycdjTnHOFDqS','91101653728');
INSERT INTO conducente VALUES ('FHAUzoJQnKjvCorzaeMd','LIYTUophGJTBCjLb','pesrDDkhLClyVzuLsCPp','zaxbNKyEA','OefMvbkLZulRPkRtRCbp','27/11/1967','mktZvHGuLmlowSNzbZmP','UteAjNIKPGElPxMFDRXO','MDxBaqkfdUooNZgcCqgM','57636973766');
INSERT INTO conducente VALUES ('lipuCnnWocRzhuaboFQS','YDVdppwbyGotULxR','OoaqWbGoSLJldiTQbXcq','TPEUBcicT','YWFCFqXXqKkqeEaxeiFg','8/7/1981','FZBZAegMvVfqoJBITdUk','xvssSSKOdfZsWEuHFsUk','kXRsjHLHaSFBotULLkUr','83613884487');
INSERT INTO conducente VALUES ('WdNHWcxFeWGXZMeicwAr','aROmbBSGFfCutWHN','IjpYxMxHDMTKQjDYJPjo','VfyrEKldY','SSuCVjeMyrofZsEloisb','14/6/1977','fZmjyGUkrEHcDmwDbolW','OKDoKgevlchIWZoCtPTf','rGQfDDJmgFwHpJywtBdQ','22482833426');
INSERT INTO conducente VALUES ('eKPPCkAEoHDTSAnHwggK','wygAuBfocgzLxHbI','WNzbffzktZgsKGDUJQOD','pKRmGEBZu','utBDQovSYxhptZzEMyWl','24/7/1992','MWJkXYJtfadgseoIAztN','EyzRYKLRTFQZyMVjicXq','nyFEvNxAFfRHgLKLIVnY','22482833426');
INSERT INTO conducente VALUES ('kcLEREWSTjDJpulCLvBp','twoXnseuKuPkJORx','OwrQoIsLqssMwfFEVYaX','NqRnCBkyy','NAigjdwBJWBvFBpWfWMP','27/10/1996','tEBsGLNUUDAVCuLBZsti','qgvVjaQOniwALwSNCqmE','PgdxyiIaiuglCPIwKiyO','83613884487');
INSERT INTO conducente VALUES ('NhuxzZSWpDgGmblgSlhk','nEyhbWdhlzrgGaEA','oCjzaORKYVJELUaLxQIO','KDmkqQGpH','PPajaSKxMKXgvGvfJrSR','12/4/1968','NompvkrHxgFzeXamHGsb','npnBGOovbFfwooxghmqU','opsDWvFYJfKPBRxsWJfc','13803566426');
INSERT INTO conducente VALUES ('eMqESKFtpQsglkiejHcj','WFPduZOBnfxIeDXQ','jMjTGVQpzsZNBFRxvRKM','ZsbcIPBst','RUUphLTSYpdenQUSmcKA','10/4/1955','YJUvmSwZrmbJBAkoevgf','IlrqnZBDLsMJiyWCzhrY','SGfXOAvuQTPjEqBjsySS','27006538184');
INSERT INTO conducente VALUES ('JlUNabOYBWsVzwDcRqce','QtByjRQgSDagFFhB','JpOypTdcbTvrAdfopRSf','bVPAjukDe','QlngEkcLZkDbVLWcnYQq','26/9/1984','OBTpuGATBtPnlqvDOyuh','CUUolYnxiEahaphDnZXU','DuCRYrRdRYbHHMzEpAuI','82717395609');
INSERT INTO conducente VALUES ('eUSSeyjdQjNBggoLBjeF','oHonLUAuWuGLgkXU','YHxYWlMdiunDbSlCvRnr','kSQtQRtyp','DfTLixrknDIbPXyQUUDO','19/4/1965','RDhZqILmnZIVoHZUQXqh','mbtaeksKpBPBrTOdoXGh','SxsdHaOILgLjQCHXJfWa','72969863540');
INSERT INTO conducente VALUES ('sYYWTbtSgMGiUHmhoyGk','twoXnseuKuPkJORx','MzrqPIqRZxlrRxMQWQJJ','vCssnvrJi','fXsCnBmuDibqSAEpqGDl','17/11/1970','rKqpGcZzfbYcDKkEjzbu','eRiWrCBOhzAfexYeqGrl','gMxyLfhmAwmWFwBAFlid','46106474251');
INSERT INTO conducente VALUES ('WKCQScVdVINfZCCKxVYG','PNNWykdXJojTLRXD','SsolEGvfVaDMxuniMkoz','hTPgdHRzM','PqvqFBBtHVvguONLQfBz','21/5/1977','cEcsVTQCLdbkLPICoeUs','TrMICLUadoCaJAXKhcoU','JOjfWuMRNuwlkKYUYunc','20096762316');
INSERT INTO conducente VALUES ('FTuKljvpZFplFrdXmkbP','QtByjRQgSDagFFhB','QkOIouxCVtSEOyFbcPfH','PYDUaVsoK','EYzHTdViUtXWYIHKoQQz','15/3/1968','fCqfaKudyqEuRfgRfWEu','GWVtlywswDiAOsHsfXga','ncwqLDoWOjZdzHkAEXkF','41964662003');
INSERT INTO conducente VALUES ('lGYWPrKbobPANmjINZrw','bTmxSSxiSGwXmzfg','aWATGMtOAxLGUhwAbjTH','XjkhpdaMt','IkSRudJcsllzGfwWtkBs','26/8/1959','HMyrUgvncBfURbWPaoTU','arrVKZjrsXVHRIzzYecG','psFodBExAjdqiwlhobLD','86954858233');
INSERT INTO conducente VALUES ('tWqqcpqjlVBaAdyODlpT','QtByjRQgSDagFFhB','xIKXxGrtyOUfmzPfTgkw','UQCdNZdeL','ciezumHDsoegDbQqVAiu','25/7/1977','mitiZjEFFfKHgajeyegk','DDQYWKVYOfXEojVFSAXX','lXhClMrARjINLyigWdaU','41964662003');
INSERT INTO conducente VALUES ('KPwwwiAOiwbIkKhBSPiK','IasSFVfKEhupwtVq','PJmzJZACMttMltKvQBQd','akxMiNbZV','rMZJkkfRfsKZFgUaHGpF','20/9/1970','fzIRcPHRUTRbqIAyoiMA','qyUZUglcuiVySMopTDfE','LoNWFpHtCADXQPdZuXKZ','47483700813');
INSERT INTO conducente VALUES ('SvfzbknuDJAilHVaTCmr','FzisyuJXxgzNZubj','EgCtfbKRzGujlAiHkwrP','uNkegLwgn','cRhhzjTEsvCfRSMnzglD','26/1/1960','ZFaZjsPwhwvYzkcMdhKQ','XYudpEkdunToliAWuBDU','SBJyHHJJUQUyHIcCVJiq','41964662003');
INSERT INTO conducente VALUES ('MViYvGPjDjUIcuYbAiTW','VKHaENeAawQYPlzK','CIQsIXRvwdPqPArwGJSD','SuNlvPTvq','TdgSBRrYwAyfFPxrVJVn','16/2/1968','VlFLdWILogYsTLiTNWrZ','whGMGdHLLooYaRfytIku','FZyWJaoTmtMNgMVISnny','46106474251');
INSERT INTO conducente VALUES ('yVonsAVErjRYZCLhuuFg','KwQEfRpGLnihVDem','YbSFvRmOJhrrEVhOulNB','YOOapCiNn','fxdxTrXDlVCWJbcxZXfi','4/3/1978','EiwFBtStFueQTeMAdUOz','UHmaxziJUvtmyFikCAQK','HOFBMkhQiAWMJtQqNsma','41964662003');
INSERT INTO conducente VALUES ('cubgiahsOlxuqAcuwJbS','bPRruDMhAaUHjxJo','ckbgkRkEGhjOKZNBCIEZ','jEiCJwuCV','falOgQdIdQXnEZzGCEvK','15/1/1995','aCJlRYuWXwpOabTQeOOc','UCyQSRoPwgmtAMRhpBym','IrohhWkOgpZEPFaXuFIs','86954858233');
INSERT INTO conducente VALUES ('FUzsyZIqcxGrMywFMygK','KwQEfRpGLnihVDem','SxOBWiAfULMszRWIIgsM','mQGzPBHzE','fyCllpMLMmdBsWxokgRw','6/8/1970','rAmDYRzhctXESwYfjelL','iKUqQfEtpQynKoeqXvgY','kXQviHIjtnTQwDjAjbBm','72969863540');
INSERT INTO conducente VALUES ('wTaMEjOyBkiQTfOVfGCt','QCztqTGwZfCVdFDY','zWiTxkgSYbyJfzGfhIDI','VnrxZsCWt','bEDxwwRAvFWJtcOlUSZp','15/2/1981','knZTSWHJhkPFzcecDdNy','DnrfobyzVflNUewowpEW','hBLHlNKIqwZOrChrNbrX','63344005043');
INSERT INTO conducente VALUES ('jHlJiZjSzaZOkQNBIQyt','QtByjRQgSDagFFhB','mErXQbKIHvGLYiUDXxVp','uiVaBRnlE','itYrTNLUqdYQOqeSvcEz','27/6/1958','ZXYJvEDRAulftaUfriLy','PnoyYBMaRfAlztWCKuKZ','SmAVZXvoakRjWcBSDHvm','91101653728');
INSERT INTO conducente VALUES ('KQxyGviMSvohRycbLvKj','OwzkQwFnNqXShSUG','nqLoGtnDxdYfQsELdOEc','ymvCugpMQ','lLzCFpTkfvWSorceUIYh','11/2/1986','irINWRqIlrNPSTzZWItx','vqJLCaoEaHAvQybNgWdq','ZpzqUqxRskeHCCYBzurG','46106474251');
INSERT INTO conducente VALUES ('dmmvWNgeHeYlVLGbFbMg','IUjTaHbIQHtYenYa','OryooqyfGYuLjVqRSXbO','QCvQbXwPG','jgJVHKXyKVimANOPAmDT','19/4/1953','wTewiKYInsPwMMbTuVQy','CUFagoKNnPTCVraMlwDt','zYbcOvKvENhDmZRFxzVs','36718549490');
INSERT INTO conducente VALUES ('ZyaqtFLBduZpLbWRBoXR','QCztqTGwZfCVdFDY','GoxVtwXdLNeQCWWVXKQx','WJLxekInJ','ConKRKcaMGwuLiFrApUR','12/7/1980','QPtMsPQSGdNIsHhqoZKG','XHdnXLibLSHcDsRJLyVB','yIqVTfoOHkSQpYeNuwHo','20096762316');
INSERT INTO conducente VALUES ('hAupyONRXbSKoIMtpggh','EChIylKbsQFXXStT','wNiJitaJXbnWkaTHKuGR','wGtkxKFJv','jijeRAMRKWKlgjwyOQpJ','1/3/1966','IvybtkXnBXxoOoqKcKhX','xYPfHxMrRtEmWFaVamwx','IufBtczaHSQgPKgfDprN','22482833426');
INSERT INTO conducente VALUES ('ewvnUGEmMeRyLPubybiu','IJcseHPVoywBHYiR','DfqpPMRKnsnbijbivdPm','pomMhIakK','OUbslICooNJECmjrlnFA','21/11/1956','giuNiVXXvEBxxbyLKFVF','oOHHYdcwOmBwdBnWCuMD','MeDfgZmJqUEdhKeblGza','82717395609');
INSERT INTO conducente VALUES ('GcvoecSiXbWkgDxNbrkv','IJcseHPVoywBHYiR','yKFfWpgbPjbbqkRrDHcd','vyukJFils','OtMJPzfiqZQfMOesRaUZ','28/1/1961','sfpUImYzJlKVGtRoPRcC','tcQoALipvMtDUIHtQhVB','rawUYsWwZlphIRcVyLTv','63344005043');
INSERT INTO conducente VALUES ('UyNXHZPJAjMcWGlCowio','RZRYWHnnWdziBjXH','eDsDgdMPNRvqQmsDuWIb','ESWIFCUox','iMAzOSNLbsbobCJFxJHg','2/4/1950','tHCQtPShnHwjrrSwaRZH','DIotBSmuYgnKjJwSjmft','XnxXWgRcIgYkyMFKEhTk','63344005043');
INSERT INTO conducente VALUES ('oFEOluOPKldrDnIqiMvz','PCiGLcEPpvTHjPOs','dxXEMCtmNnkciinbXZdO','ukDBQkWbR','UPDVLIXwztSLzqsrbwhj','28/2/1982','AeXNvjBhSWkxODBnbuBn','QAJFrzFmwhERdQaPEUai','rbdtrYftrWjfOIfDAztQ','57636973766');
INSERT INTO conducente VALUES ('GYBxtLPnLrNgKrASkVHU','qqUWNNOeYSLFScBf','WZrpTXfbBjcPTDnaOCGG','AhxOfOYJx','fYhHRiXMtUrwbvwAqYXR','13/1/1997','gusvETKDbntqdHqMrrJd','PGmVSoVmgAwDykuLbbym','AiIwnYrFCzkvOPpJDGbr','91101653728');
INSERT INTO conducente VALUES ('dqnfPbRJJVfcYjXTVYhi','KwQEfRpGLnihVDem','uGTgOktOylBpwUmCEfQB','NhAzmZXkh','jadHypeahvetsNoZqOpP','11/3/1958','FozPmcKtyAzScDpIvCOy','lHevceDhMbinuazZfJHH','gtBEhPGGMysmWtUViuoE','57636973766');
INSERT INTO conducente VALUES ('aSUsludfVPtOPojFzcOx','lmJkCBCxJrmqSuvc','TEZQBXGAVEEoJTBKswiS','UaxXKuTzz','cAvzOlXcVtihlEvwGKbt','21/11/1983','RtkbpaRTBOnBSknhcWoh','zzomRUXxVWVIsYRasIYs','gNZksgOSSXpnKDYivuvO','41964662003');
INSERT INTO conducente VALUES ('znJpMGGLgFCbTjnuEQgs','LIYTUophGJTBCjLb','vhmDIVExVoNsQABhBDBS','HFdYrErAr','rqMNNJlSQghiiUbHHqSn','11/9/1991','WDxLMrVWGyNlZrPMbvoT','RRPKyLDqkuDrywScvBAJ','zXlgGhNqTinNepZKPVhV','72969863540');
INSERT INTO conducente VALUES ('chTCxDIDJWwdusupuUkj','ucaNRQQPjYRFgLWe','TsCJgqyZCIFHhlCmVmVY','SQBPVbQea','gwULhJBDYDTrGzDqlgDf','2/11/1968','cSNXjxEAYZaHcjFzztlP','eGSKbjPwwjOteojvhENw','bETJoCzTDuTFOWtfcbNu','13803566426');
INSERT INTO conducente VALUES ('rfzKheRgTZRHFNeuVuqx','gKuIlfhexChiEyYJ','jIwygfAEqTDDLeauXYYy','BMcgDOyGE','lwJDvYKhSqnAXVODxlkI','27/10/1996','lIckrWbgxxGAbiVpcCxK','NEQWdCKAQyzNALteCGOC','LecTVdblcUIVGHoiSnOu','13803566426');
INSERT INTO conducente VALUES ('wPdRPZOBdgjKtFqLQiGY','WFPduZOBnfxIeDXQ','rVhSRUNQHaQGPKnajXMm','NBBuGBosl','NevvrLeECzvMKRePkNZi','9/10/1993','sfhOGQKeuRJRRHteLPGj','cBuyNambwxWeBCmmHRRf','rRiXbNCIebTZNpxWkmSu','36718549490');
INSERT INTO conducente VALUES ('uDzcTtFcHSOjotiFzoRk','YvBxTwVXnJLrZUKO','olYFUFdbykCbIPzuZXGS','GAOpupWAS','RlLFmswGYJPdQqCBzmiF','21/2/1964','SerPYgoIplNzWpNoJRfB','FOYJRaXrAfwfbMQZLsyv','qRRjJlbghrkhHnLGtODv','20096762316');
INSERT INTO conducente VALUES ('hlRukzmclbAEnOivWbWi','PNNWykdXJojTLRXD','tGEiZTUUHbHiVzgFLaNO','ZdlBMLRjo','cQIRfryqskoMsGSzJuqz','2/7/1990','xWwMmYDBetZqTFQEyQwW','bZNoazxLEleHmzFOnGKF','EqFlNBubTBMVOjzcdmUt','72969863540');
INSERT INTO conducente VALUES ('QRYyCOGaFENEUaggiDNE','KSDPCDEbOblrwOef','VGWOIGSKdVinmshSiTjA','wseMRbClA','MIISOZZiKmzcZLMKLlhD','28/8/1986','bXzfMNXQSctcbUZJpTXj','QHshzUSvimFTfhPUkhla','DFKTqEbAPOUguwRVdaLB','27006538184');
INSERT INTO conducente VALUES ('VEWVtqhmUhKHdYGprKIJ','XTBAgPsVKOMxTgWb','WglIkCisVWSBrJMUsSaj','CPjAwTmcg','CWgmsGdNSWonkXZpGoHA','13/6/1992','ftlxbEdllyJULbPTpvMt','cngGEIcUnqXfBlmPcGmh','zpKLAvKucNSOGdXSIrrS','41964662003');
INSERT INTO conducente VALUES ('ncJvUOdXKAppZocmZurE','jhDXLyhBOuXcGWMv','rgqUyyxEGMvjtzTOKEqg','LFFFOZnFO','kTyPPVBaEppffSiUDkfb','12/2/1968','IRFDwmkjgNrSbCWvPKVu','nyMQVXmtZjtcoxHpfCVS','EXQgwzazgMaWWqCNlpgA','83613884487');
INSERT INTO conducente VALUES ('vPNRPbudVqICDQdxWwBn','bPRruDMhAaUHjxJo','LrzNpAqubAhqlYsmCoHV','UgSFLGVfu','xSIctukINkgsfuoyRcKT','23/6/1958','kWBTfNkaBsXcjzRGjKvE','oajqVvCAxzqwVigpgGeu','vPeoUglgpSalHhbtCsJU','46106474251');
INSERT INTO conducente VALUES ('PoGnQsdEjyarsTKrduCw','PCiGLcEPpvTHjPOs','iWjIwkowAhOEiFiBfhXv','HzQSKXaLW','LzAdPqcKSGNigHcwiHhm','17/10/1952','nNrtXEUzHsyRHEVVrJdg','RXcqBSldliAVaUguMwNW','BQnJUcgbQMGlhUtXGOdR','36718549490');
INSERT INTO conducente VALUES ('WZcbpHpCrTwWQcWAmtFF','XkIqfvYsrhgoHAWt','KwqZDBfsbpMhMQGnspKH','gjHHoTOlq','ewWTyqzuDIHHLYEGXevf','11/1/1975','kCBVKEkcIWMCdAIiPXnv','KiOcqqojabQMTLVRCAXJ','mRPGkEKOFNTroKhiZRux','63344005043');
INSERT INTO conducente VALUES ('YllpmAhxbRUURdSyixNC','FVuiPXWcQbLcENVQ','fRevhQXVPQngEsfUExVl','BSXruhhcf','JVwtGwywzEnDQebAkBlI','22/8/1968','JhkRsrwDrPsnbZUXuxzf','BjOwoDxbaOGbXYZDxVbn','yQfZEwbPNhEzfkfoyfyG','83613884487');
INSERT INTO conducente VALUES ('lsfgeCFaNhhedKbmsMhj','PCiGLcEPpvTHjPOs','uoLhmflTbXVEfmLlNjeX','tfLsQgJPP','TeKOuPZOXLEAuqrIyhMs','18/6/1960','xuEhAnMykViurUtDnpKT','tmfIlGFenaHJVRoCqvKN','dIZnBBNbWHFtQKxlWpcE','36718549490');
INSERT INTO conducente VALUES ('UtMyRpeyFkdaQXrJiMrg','zfkbquPpMepjrRus','PMbXutRZibhSjXAetrvI','VaMbxNeBt','qtayXyRosExCWujnWyKJ','21/8/1950','vHBENoJjKCxQyJigVQha','nHUaiQqVcALFOXwBqteu','iwCOTNcsoEWEVGZGwuuY','36718549490');
INSERT INTO conducente VALUES ('cnxSnMshTgGtcWIrgMtB','PmjvIvZeXbpluzWl','oYADlLAlwOnpFvooHyXL','geQlcUkpW','PkZmsTmYYYYMAialnONb','16/9/1985','ExhKnwGYGRmjAiZkyiPn','pkHOYGFZbhfOJQhWbDnr','JWfydFZHyNqXQqpGKQCR','57636973766');
INSERT INTO conducente VALUES ('HLZFMpaYcvFPPEnbEiFD','hccGIqQbYurXFQyv','ybfhiRkWrWjWxvTRqCBe','LQEHFzJiM','ghHXjhbJIVLttexKpaBC','18/6/1981','VEXnGXGcetxXntyiVeNB','AoHvRVsvJWSwSltEuSyV','TOubtIFdfdYkINGDZELb','63344005043');
INSERT INTO conducente VALUES ('tJkdTePKkqMMXjkrdpGh','YDVdppwbyGotULxR','QAPXpXkKfRdXuXtIsZcp','gcSgmBdLQ','wrNVoTuVLkTyWNMZdkdH','21/5/1979','ZfReQYhOLMEqeJeFLMTd','iMDZKfwgpwHWZFBhHrsx','axQyCLkfmyAUdLrejrnu','41964662003');
INSERT INTO conducente VALUES ('ZGBegBBOFdFUqtvenklS','OwzkQwFnNqXShSUG','KuNKwNzjlbjrqBaAEBlR','vFfAloNJY','HZnqQCcpzRtHLBTCXcpZ','12/3/1977','GywqSTlUrpBEzNijRGlC','RlyfJmIwxPFSQjATZJvs','qQmhplxcIHtkTbZIVqhJ','86954858233');
INSERT INTO conducente VALUES ('fFTYSeaIFfuXXjEzNNUw','QtByjRQgSDagFFhB','LTloeiXVtZWYFVCAwUiq','ywuSwyyWG','PfaeOVMxrFWFttniyNuE','14/4/1972','xpKmFXOgfYGmiDhQRDHl','egwfkwHZVjlcvbRepwfT','TAAPmOELxUJndsjyPXAn','82717395609');
INSERT INTO conducente VALUES ('oyFfXkxeItTDHVuJVMGB','oHonLUAuWuGLgkXU','zxVKpArIebSsNAiYpUwE','UjkpPhChO','duwCvCGvkSOkohDbOYKs','24/1/1973','JpwEliQJrCybwuRgIKBa','ayBfpoKjcXRoMzPLrmAO','BTTRHhxjymTIIHINDcae','63344005043');
INSERT INTO conducente VALUES ('VAgsbRnxHewLJvMjiVXF','hccGIqQbYurXFQyv','orcncvEEtRakBXKAerCK','oEamhJjKd','WfSmLPxQhOWxOrwxCyda','5/1/1968','AUzmqvrjpHyWMLmQHhIZ','pFOhgORHmSvEMKdAOFDX','cFMgwCIELFIgbaOgFlud','91101653728');
INSERT INTO conducente VALUES ('GTUmdcJORZhDzglQmNdh','OwzkQwFnNqXShSUG','FFonBiYfBFpgnjFfSkmD','PQrnbvTpi','dUaZKvkDYgkBTXNNusqj','15/11/1959','ARjpZbStAFPSBGQSpipu','EMdsrqhCddaOnrrNbqXa','VyXBVHewGSGpNwPHodSC','47483700813');
INSERT INTO conducente VALUES ('KpsEbqlTsvbNxzAeXCcO','FxYDHQEgYrHqbGQd','pNBsPTnEtomRDjDsuWCk','cvOHecOsn','BDpSbFLiXGtKftQkSpfh','4/7/1984','QQFUYoOLkocMbQDSCmTV','jmEYmLtqsKwrqhfgaysF','ZQsjoEVPlTfRswFiNdAj','46106474251');
INSERT INTO conducente VALUES ('pBDwmOUCPJDKuaNHaRsf','LIYTUophGJTBCjLb','bauJmSvJwAGhoIkKlmtf','wcGGzhEOF','PYQXyIktAGuIUJfUlgPr','22/6/1954','drMBKvLUpQkKHgKjRwJq','NwpIEDrqrpOMmIvkfjuc','kOLqRoOCzkWPAubCvOMy','22482833426');
INSERT INTO conducente VALUES ('lrNtsjZfXLWTofQFjZZg','AdMWUTPEGzMWdguS','BqsZRjfZcmmcnkOLjxnt','UpckXsqcP','niGKhpWiqnjRSvmodhiI','14/10/1951','jSwBcOnRmmqCTrBGHPXN','nFpxTZToVOcAnRofzOwQ','IfffxYjbcXpblUgrPAqq','91101653728');

-----------------------------------------------------------------------------------------------------------------------------------------------------------------
CREATE TABLE tariffa
(nomeModello VARCHAR(20),
produttore VARCHAR(20),
supplementoGiornaliero NUMERIC(4) NOT NULL CHECK (supplementoGiornaliero > 0),
giornaliera NUMERIC(4) NOT NULL CHECK (giornaliera >0),
settimanale NUMERIC(4) NOT NULL CHECK (settimanale > 0),
oraria NUMERIC(4) NOT NULL CHECK (oraria > 0),
chilometrica NUMERIC(4) NOT NULL CHECK (chilometrica > 0),
PRIMARY KEY (nomeModello, produttoreModello),
FOREIGN KEY (nomeModello, produttoreModello) REFERENCES modello);

INSERT INTO tariffa VALUES ('HCjVbANjVIjbhpjGlpFF','GVlCvRGVwWpbXNxBTffJ','1','1','1','1','1');
INSERT INTO tariffa VALUES ('UfUaiXeecXYXECpEWJUa','XsdrOtkskynphKjXDlqp','2','3','1','2','3');
INSERT INTO tariffa VALUES ('TUnBYhBInZkBHAdkMEkf','CXxLFDYlBZFWstHBEVpB','1','3','3','3','2');
INSERT INTO tariffa VALUES ('ycgsgYPZONNvdmhhTBdY','EYIdJAWxfzTSRyamZVdf','3','3','1','2','3');
INSERT INTO tariffa VALUES ('cKKPkJbxnZXlhCuqXRlb','SXKycHnOLFEHXowJHjBe','1','1','2','1','1');
INSERT INTO tariffa VALUES ('jRhAGobIbSEvrZcFSYwI','YizcodwJYshBuHCoHtkO','3','3','3','1','3');
INSERT INTO tariffa VALUES ('UNtxfTVjXibVaPaItIUP','lnURQbvRCXTkIdQxClWW','2','3','1','3','3');
INSERT INTO tariffa VALUES ('TxQCIezvXjzKtCIaDaZW','UgfMQrMyJqnWAqkIoExn','3','2','3','2','2');
INSERT INTO tariffa VALUES ('jRhAGobIbSEvrZcFSYwI','YizcodwJYshBuHCoHtkO','3','1','3','1','3');
INSERT INTO tariffa VALUES ('WNKEDTWkhTzZieOluUcj','hVnBJuoWDNzdYeEAUhyI','3','1','2','3','1');

-----------------------------------------------------------------------------------------------------------------------------------------------------------------
CREATE TABLE rifornimento
(dataRif DATE,
oraRif TIME,
targa VARCHAR(7),
litri NUMERIC(3) NOT NULL CHECK (litri > 0),
chilometraggio NUMERIC(6) NOT NULL CHECK (chilometraggio > 0),
PRIMARY KEY (dataRif, oraRif, targa),
FOREIGN KEY (targa) REFERENCES vettura);

INSERT INTO rifornimento VALUES ('20/10/2019','15:14','oZ159Aa','2','3');
INSERT INTO rifornimento VALUES ('6/10/2019','13:23','XP044tM','1','5');
INSERT INTO rifornimento VALUES ('20/7/2019','7:0','Sg664qb','2','1');
INSERT INTO rifornimento VALUES ('26/5/2019','9:19','kf005Rp','1','4');
INSERT INTO rifornimento VALUES ('19/10/2019','23:46','tx872OJ','1','3');
INSERT INTO rifornimento VALUES ('19/2/2019','16:21','Xj396JE','2','1');
INSERT INTO rifornimento VALUES ('2/9/2019','10:8','kK012nO','2','2');
INSERT INTO rifornimento VALUES ('11/3/2019','3:31','xd019qZ','2','4');
INSERT INTO rifornimento VALUES ('15/3/2019','17:37','tx872OJ','2','4');
INSERT INTO rifornimento VALUES ('4/2/2019','19:2','xI320Hc','2','4');
INSERT INTO rifornimento VALUES ('12/6/2019','3:31','tq346Br','2','4');
INSERT INTO rifornimento VALUES ('9/9/2019','12:17','Jp544dF','2','4');
INSERT INTO rifornimento VALUES ('4/11/2019','9:45','aT649Nm','2','3');
INSERT INTO rifornimento VALUES ('27/7/2019','20:6','kK012nO','1','1');
INSERT INTO rifornimento VALUES ('25/8/2019','8:40','rz917EL','1','2');
INSERT INTO rifornimento VALUES ('8/7/2019','0:31','Pc939iQ','2','1');
INSERT INTO rifornimento VALUES ('4/1/2019','15:19','Zr964rF','1','3');
INSERT INTO rifornimento VALUES ('21/5/2019','4:13','Pc939iQ','1','5');
INSERT INTO rifornimento VALUES ('13/7/2019','10:43','ZK724SF','1','2');
INSERT INTO rifornimento VALUES ('17/2/2019','11:27','LZ953pK','1','4');
INSERT INTO rifornimento VALUES ('24/3/2019','8:28','rz917EL','2','3');
INSERT INTO rifornimento VALUES ('27/3/2019','7:27','Jj792dp','1','3');
INSERT INTO rifornimento VALUES ('2/8/2019','1:52','Mu877MR','1','3');
INSERT INTO rifornimento VALUES ('28/4/2019','4:9','jw193FM','2','5');
INSERT INTO rifornimento VALUES ('1/11/2019','17:54','it450fR','1','4');
INSERT INTO rifornimento VALUES ('26/7/2019','18:53','rz917EL','1','1');
INSERT INTO rifornimento VALUES ('13/7/2019','20:2','Xj396JE','1','1');
INSERT INTO rifornimento VALUES ('6/11/2019','4:29','XP044tM','1','1');
INSERT INTO rifornimento VALUES ('6/11/2019','23:43','Dt190pH','1','3');
INSERT INTO rifornimento VALUES ('9/9/2019','0:20','tS009Mi','2','1');

-----------------------------------------------------------------------------------------------------------------------------------------------------------------
CREATE TABLE incidente
(dataInc DATE,
oraInc TIME,
targa VARCHAR(7),
luogo VARCHAR(20) NOT NULL,
danni VARCHAR(100),
dinamica VARCHAR(100),
numPatente VARCHAR(20) NOT NULL,
PRIMARY KEY (dataInc, oraInc, targa),
FOREIGN KEY (targa) REFERENCES vettura,
FOREIGN KEY (numPatente) REFERENCES conducente);

INSERT INTO incidente VALUES ('27/9/2019','1:36','Zq804TM','ZbftBgKQMLndBldcUZPB','BxgEJGJaryDlMKiFepWMHNGfoeUULAuCTGeQUWZufmrqHJOZwDBNzslRvDZxAkFfuQjeQwXZnUeTeSiaJBJrjnLgQYPAGreXTcoU','uwCJmqwduHoNqhxThfPkZpTNjCKjbYheXItafQoIoGPQwHINaytEPKZXcvDKigpRXwqZviEaAdQIqzLanrGuuRqMcZZdiYAiFDDi','wtHcEaxzjDVIEXUpzspA');
INSERT INTO incidente VALUES ('27/9/2019','7:15','MG596pL','xYBpoFBnxqksqjgLatjs','hidtNDBlDFaxYyLntXQzHOYvOGssREnEauAgqRaXHYUqjqMQZbZbhwyVqvvcNDPhTrVxsdHstBYFZTMbVSOywlAbihgtgsofwFud','PMILNviXsFBkSdkzKPUoQgvrewwpMlIOPELcXrMidrGBJjRplLLFdgRkFDFqcVPJHJSsgVPJsAQwUVUOlTmkhOaZbZDChqauCLIE','dmmvWNgeHeYlVLGbFbMg');
INSERT INTO incidente VALUES ('19/1/2019','0:1','Wf109MK','QyhJmvOuwalhzaPkcHsR','miDqgoPxghxMZvxeCrQttLYqvNDTlEqQRrUbaVYTdoBzjUmCFWUvfTRFWPUlKVuTaKecLoODpLmiQcsKdiKexTanhgRcXSPBrrNZ','NmtFOBrUnVPtriSedJAiiybEMWzuHSbzkFZvvKvlNaGvLmbUJfjQuQAvAtwLCinaTTJfiiTUplRIPmjrzxcxaBKuwRwDFkOPCcrr','YllpmAhxbRUURdSyixNC');
INSERT INTO incidente VALUES ('19/5/2019','14:4','vz178bu','VEYKkQUlkTfDfXERBkcM','IecsSNBMeihHcfoHKbYybWdVdLTWhdhxQGyHHumqHVYROvPJJzensSUlOeIBuuOZFcGuIiZUfxzlXyjTklRBePVPwzIclykayghp','jMiwuutgoNfmDlBzAiwBVsBolTIiwkErrZErCCnzuHsdBulYCTwUJqsnHDOBWotFgQCDDdlGfIFKToSQdVGfGUibgKqKQRKlgNkc','uDzcTtFcHSOjotiFzoRk');
INSERT INTO incidente VALUES ('15/5/2019','0:29','SF998LQ','ggziZxUvKvssmWjmEpyS','hQfsadOQXeAsNQCqZvRmXQtdkcAXtudeptUGnwgKzVocLaoXsGYmwYanIyYRiKuwdNHSkoYIkPLXzRhaDYFLKBKFHwTXSRyxjTke','RCQLDDVpVlDlLyMkWRpSIfUMAViqXpHooWPWvEpNpSgNnZCiSTFDoFdKtUwvniXZzQVnpcrBRqmcVCymlAbcQOIBQdswCJxLKcqj','dmmvWNgeHeYlVLGbFbMg');
INSERT INTO incidente VALUES ('6/9/2019','4:24','kf005Rp','ssvLrpgOXHFIuAtqJaSQ','OjxqqvXxAAlYUwfTSAwsGdNgvUaRICWjrsrpttfuyRNrPaHXuNPqXSQGIdVjAyAWyGoZffDbRfTRYbIlQHUXPPjOkpizmFyWrsTy','BYBXFLVoUCQOWTDixDRlAJpBhzcIwunjbatnfneyaNSnpZDxiMavdqdQuPbpIPyAMxeQegznEdhCWJRSAWXsCRzQNhtdaIXBSMRH','qEUMplWmVeLwEJErOmhw');
INSERT INTO incidente VALUES ('3/8/2019','3:25','bW588lo','dNxCiDniBrbWgIgopzjf','zkrIDOgaZMytkpHkXfygKolmiKnfjBywxDWhsUXyPGGhbdPJAXofIwYlHWOxRGdaotfegniTUCYeMWcRYTIKcGyKctWjkErbpvix','ZAfrFCxVQCrMwqEGCPBAeFtmuNYcmicTFqOnvqFnwoXEFeFbXkpDzLwscnOWQQJlWNQdrXJdXxfoKWvpSqGWmyaEioZMxxqxGUuW','rfzKheRgTZRHFNeuVuqx');
INSERT INTO incidente VALUES ('15/2/2019','13:7','dS725tT','LqBhSvrtuveDMcBXvQLA','ZCqIGOPRJslcJvRJgSuysTynuEzFlDgCXXjdlGOiqIaerIQJlslEjkkxugIBhdPtjoJVWSLIYZBhguEWCTHsPXcGEddtAIWhYSNw','EdrICQZYMhrDUtbTSUYFcqnqKpXFlZAkWoqNJDaAaYgCIOdYzlaEbSMJBIuwGdJZxcsfaiAlLclMmdiqsROwNsfDfRnquHGltOrR','pBDwmOUCPJDKuaNHaRsf');
INSERT INTO incidente VALUES ('20/8/2019','6:30','ft430Ek','bkcAvOmryxtEZarRGYcc','LkHKbwoBnJJLUIuIIrboXpRRXvgUcXQHzKBQckHJzJTJwpfOZdrfUtvkQjVrvJMdYFmehGixPmDXbmPKhkymGIUBiCHgVgimxdeg','WvPNQqphKCDTVJYeWjxnvONhHFxlNODBTqFRhgyaVCbFUULOjNkJmAfIeQuLQdtjOxJRjwkVnkWqdmSkIZyamEDabQHiWwmJDsTZ','NhuxzZSWpDgGmblgSlhk');
INSERT INTO incidente VALUES ('11/8/2019','17:8','Jj792dp','GRAQFekEwyPSuyTlTtOf','eaUMsBGuchpEMMYaDzawcQUYoTTljmRvGtizTbtKiECOmjDbYmokhSBnquXhcCsrYYmACodQSnAmhNapSFtqtjvbgtOVgFDPoTfQ','rUwDAHVzhyUEmlcbbVcFjPyIaOywcAoErAokBicJOVOiJrVLcMaNJukUQAixnevvfLXxgbFYNwimCirxIqtMXwPHvUfKfrknMggE','eKPPCkAEoHDTSAnHwggK');
INSERT INTO incidente VALUES ('7/1/2019','0:17','gA773qO','iKGCUlgwsYBjgUwfLXXD','jcpDZGdtgMKSkqTRtTBNJBHvgTOjqgetytPQIdEleKDByueTgYyvfvqPKvjXOLHuduZzIzlKSuaZkghQWMrBEVgwsoJsOhjPAlaX','HOcowKVSFokfdYBrXlbqREEEzEiodSSEdZYsLShvZzFWVthzApZCbXdhqZZWuaxjsEhwlPEfhjnnclsJidbmnUhBFljSLpUllUzz','JlUNabOYBWsVzwDcRqce');
INSERT INTO incidente VALUES ('22/8/2019','22:42','xa282vM','RsfASBBfOysczmpCJjHo','xmBsCxhBWUHKfWGHqFlBHOVFvCBPxuCoeZxbQUnBxOhkKuuNLaAFRzajGfdYVMADkvnzbcKyScADexCkHlpqnbalvoRrFrbpHfcZ','kwhWOdYtPhsWKNSNVgDtXDpOnACFETSzzHGOJcXemTljdlSbizyvSDsSDAPYKXGXJhvMztnhRtBZyNPIorCgfMXfQAphVuBTyVjJ','GcvoecSiXbWkgDxNbrkv');
INSERT INTO incidente VALUES ('8/10/2019','19:48','Zm347nd','gFheYMnWszCBpKYxjlir','iOuAyyZctTodbfXPXihPnkFbFBivdScEXuMIVaEuPtMFPXDIaFJxewDdknDBmhPwWcdDwHLuWaJvyMCqHJALJQUGfqYTJLpmxfgi','ZgObpecLwwQKJrlEiNWXfkVobtHOacQVPWyergRGvpPoMPAFsNBRwoEwmNhYbRKRTrVQhcTjSboyYqIhJaGaHRbeeCimnzRvqgXk','VKyylqbFyBmEZqYmzjKM');
INSERT INTO incidente VALUES ('22/5/2019','15:47','Zq804TM','zquQpEknaLGEdyCqlsGq','wefHxnDezSxUeejbVXkVuNHpBaCNucHubjtxCynMnLHxDdZKkqOWVTysqJUkpRwxquledwOwUQiBNGBTwZrZobyVVAUwOWOlWaHM','XrPyhhrOSnJEGWulCinmfIgmAwqitMfqfSUeKmpHQmdfGDOXxySXTYlcOEbSXdaovYWekxQRoEyzqoZnbhrOpHPmQcyPgBJpCOGt','ncJvUOdXKAppZocmZurE');
INSERT INTO incidente VALUES ('15/11/2019','10:1','Rs191Fm','zfOAwvwZYUGRnNjemRzX','tjrdDfWeSwEBePJOuFUAvwGQDgpTmGmuDMDJuTqeOyCuPtCFuBhoGakHgguPVlQgVDmvaGyHyyVbsNjoiYOxwBltMTplrgQnfKsA','YTitjxxgUIKRDuOvjnXSsSlYLTvzEOlfVIsbMcFnUqujclgCqzKoeAgBDWDnqEtXTvPkJfjKztTXTLllKGUFLwQowzhiDUUxhEep','cCXATQSnfDGehFvqHPzk');
INSERT INTO incidente VALUES ('16/1/2019','15:19','KI043aX','ASykTqvubeEjaBMpergI','FTjuUeofxBPnxQopRCdNLREbcTZQLBacvENhRXfmcDnejASdhAQmfyCniZbyYYDxeekxBUkRUsxhHaCeMUzYaxbiyjQjMjHApLAD','kvwfldmccewHmXtetGBHmukgqISoFFpWAVJpteYocHVDVPtTjfGXweTfJvIKOQDqKfFEtgNTzfUEYweMavdpbgJMJQlLvjPRROqo','QnSbZScreXFzvzRcmXSV');
INSERT INTO incidente VALUES ('5/2/2019','1:24','Hd360Ik','LFOTvoTEdlBGwQbCKPOB','dVaTaPOOhPVHNKtxMmOesXSzsGjJDuoXCVSqMyfgbYHZkmHqOmuJwvWEKYuuZrWwbQafZiABjMipNWlyecNqpHaVtrzsdTwYjpZm','ztzHHUuKhOpECgjFTaOotYWcoNkjjZDrwSCCrawIpTpgvWGUMtwowWMjmRhruyrFodWoxkXLGgkxXWGwWrWbuhCusOSpWFJDLGay','XTLifNNUYWImyyoyMjqX');
INSERT INTO incidente VALUES ('15/4/2019','22:54','oZ159Aa','LNajgtDlDzVgEnYEkqRV','KRfiUpvYmbRJNIDQbtEIuzNHmFtbLUDbMXLsqYVRuTVVboCSboeXKUfsaMswhWgImizVCrzUEEDYIMhQjzMmgjCblGJvjVbSGGQX','JeEZhYFUvJoTuFuZTkWnSaRvvbBYIVFnQCKqmfMsyGgvZYGFIkYbbWZFoUyUuTfEhknwiJavgeVjGheErUGEchhreqnZEnSygnQT','dmmvWNgeHeYlVLGbFbMg');
INSERT INTO incidente VALUES ('12/3/2019','16:55','wB979iB','YGswcAelRGIZtjKizzjA','xBIxMrLfKnFElBcgQbEokKcBPUtzJKKpFTKXfztucQVfkCdKTiEGoAZlxYQkngjLgNLoCNZRnpyAfhTIHvlfXUoUoGSAMdDvlntR','qUyrfrtkZdoaLULdRTimPSsJRvVASsCenkZcLmttqUPPcBQgoZDutSazJzVkSfxhLepKmXWWkILxOtufeoAfzCjFiwTHSOjWeRpe','YllpmAhxbRUURdSyixNC');
INSERT INTO incidente VALUES ('16/2/2019','10:11','Tq119Vh','eEKgIKafxaemwRpNxbEO','tatlCzGVFRhkVMMfJDFZVXMRZMhPqGniDcFaoMyWPvKzZFPpAFpXDUFpMSfklcbcqtXFSKaDHNTXOGBlrRboUvavcLIqHaStDChx','inCveTnRIYZDaXedaWZvzwCaaMmOLMXjTuaRPqEJFfotXCnjqrIHQpKSKdwUCCpyvbrgVvbXNYunfmAwIXSYuFKVtHOraYCAeLrr','VKyylqbFyBmEZqYmzjKM');
INSERT INTO incidente VALUES ('8/11/2019','16:1','Ry301rL','yRwlQROhLDjEOFXUYjfj','pyFimYjEqmxGTOVBkJgFistUwGYnCbRnLbBXNxCVdTcLmDWwwkLMKVDOlULCohnZbQUTefilrjXsaNJpHtAYnLJkMEZNspnwsmTZ','vlJyAbLWLvMRoINLxhgrBMXOmliOctaQYYKsfyKUYqbtuQATozRUSLViuRpTzYejDninxGjzpvjYWjqoEwcdSFYztCOoXqoRVJNV','VKyylqbFyBmEZqYmzjKM');
INSERT INTO incidente VALUES ('10/2/2019','15:36','Dx807gB','fBrQsIMPcGWQXVbkuVUK','iwrrgetteIjnWKDJFQorZGVRayucpRhPIueqTajhRCLWQQwhYTccOHesJtXOkhNZtMkhCvPSRlGSJXNVftORCZziYgMZTBuJRqjS','PJrJVPIWwdHnjPmQetXhfIDKmEoBJEuziBFvwajkqkaJgEMgLGStdmbNJyRNpyHysEIoeGZGFvqecWvMWzaLHvAEkoUvKsnYunmu','kdiXhWfkWJfbCPbiQCxq');
INSERT INTO incidente VALUES ('11/10/2019','19:47','tq346Br','YUqiotuWBkcnDDbsyURd','OkHgfnPfcGtUMTGwjmOvDHbjAGmKbRhiEaTrxBUjVwFgcHVcErZKQUOHFdkRQwDJwdLMDpLbyUuFlZUUYPIZkTVAVRGjwWjPzTiX','FuHGzthbEWQCZtdyuqJvDiEtDQRCBfVFrRiAKMbblnvAQdNzFmVIBblKPvwdaNWZjfMpHHtnycZmQvOYGAzWvVWvxAWEIeybRIvx','YllpmAhxbRUURdSyixNC');
INSERT INTO incidente VALUES ('13/1/2019','7:51','Mu877MR','KMVPxrSbLvtXowYaHdEg','LKBIntiLqFsCcYSiMjyMPocXHxlkqLnrEwBnYIEhlSSCZEYNpDhnpxZAHruZlFMPAbWEKvstudyRFzDTPqOhczKFxYsqVFgckDPF','JvPeekxACAkbHeoIluKcLFSsmIiIcFTUkoHVGXorugRvGFApeZEWSWFswEnLkzsnAEHApdmHgfZNhWszcgrulFdYHWjzJIojrCQU','qEUMplWmVeLwEJErOmhw');
INSERT INTO incidente VALUES ('23/8/2019','15:46','tq346Br','lPSprxGaaNiFFrrgsDuW','IwxgeTHcMOCjjYipJLSlORnNVmESKieRNWabHHqIeZRcVQzYCbuNQQlSDQwmwDCqMwsSsBpYkCtRQgeuSFwDRwhUCNEkKdHrAHqZ','xypgpOEFUKBwTqmJbUjhOULGbvmhXRlIKRzoLzLfNrTCeidGnMhRWIeUsHZtuoxLQjodwDvyykNsWUkYIwywjnJDIHnPfpVzBqCe','PoGnQsdEjyarsTKrduCw');
INSERT INTO incidente VALUES ('4/9/2019','18:21','xI320Hc','VgmuktSZpHVXmWUJldbC','nreKXONFyIkqdypfcSUYjcEwmYvBfSioeciXhPjzSjYCdtVTKxVMMRWesUhWqtdIyvwHXGrdIsWWPBycitKBNrHHhywUKxuUbDgc','poDyKVQygkfnPcTDPYNdnKSKsxtlObutkVOFfiEgLiKoTKsMGbKIjvEOKVhNHqokIgaKheFXgZaCTdIDvHSoJYifNNTTnnQzKLig','NhuxzZSWpDgGmblgSlhk');
INSERT INTO incidente VALUES ('14/3/2019','20:6','wB979iB','hjFpACerTpVOYugxncpN','EPSJrYISHkBVRmXLrgigcOMjCXjyvLKlvPwUmcVxqIcSGSREBsQqmQiGoGbPkNbtJxYMAJSzYUmWNBTZPcLJbjcmihPIMStBYphg','MLAKWWGOPDUCLNEtxSJuawaNHhuBDugciOxAWTwDWjfAWkLMZhnDJPyTbBfGAWWqIeESdmiOsbPNsJFVllpyToRAGWehAthpLrKR','URCTPwwbucoEEvbRrKDh');
INSERT INTO incidente VALUES ('4/6/2019','15:46','Dx807gB','VFAQauBvyMdNROiYGEvY','OJLIOuwjIQukckmpgYgbvtcwqKiacqmbvZlsEofIeNuxxrkWLTwjmvCepqPjIIIUCYwpTaGiLrIzozfrEGQbIiKoKEdsaZQHWIDS','TcIZiVROAMStIBFkHKFIZdmXkBFqecAxTTqlcNrMtJLqUYDqpCiEcBBbLHPXDoXJIGfSmNDxnATnHdswJeRQHUmJGDnGVSdrTNHY','sYYWTbtSgMGiUHmhoyGk');
INSERT INTO incidente VALUES ('9/3/2019','9:51','Wf109MK','YQOBSZaCngQsNLMdyQMW','FtzOVOzBJtZnOCYhmaLJJnnKWSmpnqcPSgPQGvyzOyMOiKQsHymAbSNdoaNnFdKlEhynfzKmRmrbhVhyFVusordUzfxjhbCWnnPU','zieAwBwJopFYmXKJTgJIeCmmMHgvAjICmkqFeJRlRygTXMhZEgupFGfwSBeJJuWdbjlDYHDOpYfRkVOlSsejDJxwfmwBfTXaLACg','NhuxzZSWpDgGmblgSlhk');
INSERT INTO incidente VALUES ('9/1/2019','0:49','tq346Br','lbDasHuVJMttsgQWlkgF','kNazmaDQagSQtXBwxOdzFiXDcqCWnoJUAGedCeySaMcYZzYjDDmFWBibAGwXPNgvyzVGqICkUsCfjcRPbfVxJymRTJGKyPHPawyf','crFGnAoNWHsltsGEGrFCfkhhzjOKPXmOjsEiztwWvZNWUgCXUolZeEteJQMGsDaIrcEaiqEnOFgjcXzcjyURPLEuZFaaCkmePWnD','WyZURTQHxGKEdtgXYpID');
INSERT INTO incidente VALUES ('21/8/2019','18:51','VI944ux','PfqyQAJYglKeJmIggfdq','FgbTSuCFVaCzCcfyEhOBHlyGrQdZmyyMbYeMBDoRuptcEYFVnJBQnKJuAwVVjteXkKLPuaEVNcCFOsJcFlsLsSejceOjFLWYUyVx','AYhZGhjjQdSEhgmsJirRNqiOBLuyLItMgHAzERsIjWusBZbGWUlMTBHnatYfjifNAneCXrTdhBuwonMnduZOZnadTQnhoXrxZAjb','QRYyCOGaFENEUaggiDNE');
INSERT INTO incidente VALUES ('20/9/2019','2:26','Jp544dF','HzxyGCDwckOktgdWNrFJ','UmimWORPNImuplSVniEyyxQRXTCoXTQNDbJyugjhKObWtTNgcpUHOWpTJbdGZQmchewYBwBeuhPQuZGeOFYQyzFVLNLDyGbdCYPl','huyhDsoLfQYfMRpQekCrHbhIayAeQHhkdqCbAENyUznuGwboiCiWHohtOVovsgiXaPhdhTyvjqXweOcXDPYgkejlDGpmLBxvjAnb','GTUmdcJORZhDzglQmNdh');
INSERT INTO incidente VALUES ('27/6/2019','20:45','Jp544dF','ysPZjwmwKFAMlOTyqJnr','apPAEQqzaPnOsASgLNZPUUFZKpPXQevfhNUvexrSKuYHkAdQxXRCAcnNoEjTgjjxKSxMekQrAkBIhROoYsdoKfZreobjYcqhYjtD','BFfrFnEiIiJblNteTsLEoANrQYHDIJXTbFBKsEcEPxhzefMxtmNsfVEvSxAVwFumAGKhDFkYKWAtSvIXrttYLXBLliMdqTPzSjDX','JlUNabOYBWsVzwDcRqce');
INSERT INTO incidente VALUES ('7/9/2019','10:2','XP044tM','sLtVGjoAJgXxahKcLyzS','xjaRqyvPAYUlFaDogJjlJaCkEYQJxMLeUUntvOegheYvMmiBMzEXPrRorQoTgRGAgWOkqYXWuRZaBHVavAizMlocnYbGCXKWnrhz','rjWBvrLQsrapdWyeQuNYQCnbORPQZKrqeuyEjkypDaZuXWFowCUGSuFPVCaMTTjypUzFPfElKspmTBRegdPNJVgRZDKGgyUKUtOv','pBDwmOUCPJDKuaNHaRsf');
INSERT INTO incidente VALUES ('12/6/2019','23:17','Hd360Ik','abdmJcvKqSrLbgrIQBwr','NvhLgrRlWGtNLUFXBSspFNvghFbzockJiFwvhQdBYXtTKVyrVNgmwJNmDgsyAfXHvymYvAwtayNOYdJSjTZMJoGvxqujknYVllQB','eetSCOCMJUlYiBzQOFDBfJdDsnOHyGCzxILtQvVwNtdJgsGHmUhGCODkDMWODGbGtxNNrqZONrYdPWyRLeLLLmRyGMKBtxAujmTW','rfzKheRgTZRHFNeuVuqx');

-----------------------------------------------------------------------------------------------------------------------------------------------------------------
CREATE TABLE conducenteEst
(targa VARCHAR(7),
cognome VARCHAR(20) NOT NULL,
nome VARCHAR(20) NOT NULL,
PRIMARY KEY (targa));

INSERT INTO conducenteEst VALUES ('gA773qO','RBDkvDCdmxrreMweAwwX','ZJFIGZHpsUbsfmvOqzJd');
INSERT INTO conducenteEst VALUES ('cE022ru','WXVUbswzPygqOhSZEZXC','LcyiXDnhVswASXnjgtLv');
INSERT INTO conducenteEst VALUES ('RL924UW','oERXSooFzOBkzzRgTTLn','gKUQmfYjkFOdiysDfMpg');
INSERT INTO conducenteEst VALUES ('pc590FY','IVrHFfNWdzIWuXrvVqlN','HMbDlvAOcuEBvZqLsYUY');
INSERT INTO conducenteEst VALUES ('jU316RV','LnrRbutpxBHewRktljyS','eEUIHOSsdQPCUgIDSsGt');
INSERT INTO conducenteEst VALUES ('Jp544dF','EWtorTFPZHeeRbYIFqGW','BKAAHzFcyJvYLeMwnGDa');
INSERT INTO conducenteEst VALUES ('Zr964rF','VAKqgfKpbDxgtGtoTfdQ','nIVSfpHkpAQvUxsLuKIx');
INSERT INTO conducenteEst VALUES ('tf049PC','rZxzHRZiuERhtWoyoPVD','ToNqnAUhhWcoohZUyPcg');
INSERT INTO conducenteEst VALUES ('xa282vM','VKKqbCGBmJyQvrIheFDG','mkhcAbyQMxeUYKHgLOSe');
INSERT INTO conducenteEst VALUES ('tq346Br','elyjOQDFOlNgOOJDHPCG','XpyKADHZmcJykutAnFRb');
INSERT INTO conducenteEst VALUES ('Jb158Ee','fvVtiYWwTdVUecdnwxCf','GryEsiJbOLQjFbPNzdXw');
INSERT INTO conducenteEst VALUES ('KI043aX','OljlSTdyWtthiyVfiiWS','pUHTIjscaBSKBaMTCmio');
INSERT INTO conducenteEst VALUES ('nF771uO','BIsTWczAPKtMeHOSgouK','KBtBAbfIGnVvqAEvHIRr');
INSERT INTO conducenteEst VALUES ('wg035oL','tiNgQkCQDXbuQqxJGZpW','jKmYYmlgjfiOARgbVCYC');
INSERT INTO conducenteEst VALUES ('rK458sb','DihfVMZAGuJksODrPsVK','pDNHGCXxGasemFfmrSAB');
INSERT INTO conducenteEst VALUES ('kf005Rp','TCDeUqkKLUkYForOIOZV','otFOCYZZKiuMrBQPWKNp');
INSERT INTO conducenteEst VALUES ('Lx104Us','xDAXCmtSGsBgAebKMRkW','bKsKFkXMUvOaxBTzgZyg');
INSERT INTO conducenteEst VALUES ('Gm487Rb','TzXeQkxqBXqZFnSJeCNj','rxbxZesYIxiLdKvWWbTc');
INSERT INTO conducenteEst VALUES ('Be217RT','xuavuKHbzoojnhDUoMjc','kWqMqjIMPOnwvcSfcfwr');
INSERT INTO conducenteEst VALUES ('oZ159Aa','PxxJzdYgMNZrOwPGbbct','DmDhMbHmPxyohCcShSFl');
INSERT INTO conducenteEst VALUES ('Ry301rL','zLVsWyLiRvAZYPrkqraz','sdGgfVMLDdLzhzOVuTug');
INSERT INTO conducenteEst VALUES ('vz178bu','cTyfczzUbpYjiqfijydC','ZlnPSnwFzYtQLVVLlXMB');
INSERT INTO conducenteEst VALUES ('eK757uK','IryJWZSVAnGQpYLELesm','CncuzMruDliOFoyriCnm');
INSERT INTO conducenteEst VALUES ('Ch571qE','kzHbvQaAWgfhJBgRUutW','CgLdkWAQgDfikHrQQvgc');
INSERT INTO conducenteEst VALUES ('zI157uH','uvrNetfuaGZYDMjapgUv','pIETNDFushLIpRDPyuku');
INSERT INTO conducenteEst VALUES ('Zr964rF','EgiXOwRTmbFhRqfWVHAx','jOJVpGotSlNfXJosiYjJ');
INSERT INTO conducenteEst VALUES ('HN489KJ','IQSpnCFdfBiKKAELPLZH','SokbQfORUdrElwVLGelT');
INSERT INTO conducenteEst VALUES ('gi328GZ','oYxHKUKeGNARuQZsFWYD','XdoIGMPVnKIMJFVuzCIV');
INSERT INTO conducenteEst VALUES ('pO227Bw','HKGmcMfqceMWmvlGdhEs','WUqbhknijcpVyfbfauxa');
INSERT INTO conducenteEst VALUES ('tP652LO','qKbWUzZCkksiJPjtxroH','GbgVdUtwyGrfoMVwLRMb');
INSERT INTO conducenteEst VALUES ('tP811mq','TFbJkeuclnahSFwCwTlJ','CWLAMgwIZSAVIlMYYWac');
INSERT INTO conducenteEst VALUES ('gi328GZ','COgYzsnORBWroCAoyNYZ','vkWcRYyxJmtlXyFxaLxz');
INSERT INTO conducenteEst VALUES ('Hd446JU','ksWxGPaXVNdzjkmzDlvb','XkBRkTsHYKGBSKJLpjlH');
INSERT INTO conducenteEst VALUES ('ZK724SF','kihOeqMqjcwdWFLfXQoA','EzcYRyHfSjVTNXEHlCSa');
INSERT INTO conducenteEst VALUES ('zO456oG','AREwCKbUgNndugjKjtrr','yuDievJbGdtlPrzVnzAx');
			 
-----------------------------------------------------------------------------------------------------------------------------------------------------------------
CREATE TABLE coinvolge
(targaEst VARCHAR(7),
datainc DATE,
orainc TIME,
targa VARCHAR(7),
PRIMARY KEY (targaEst, datainc, orainc, targa),
FOREIGN KEY (targaEst) REFERENCES conducenteEst,
FOREIGN KEY (datainc, orainc, targa) REFERENCES incidente);

INSERT INTO coinvolge VALUES ('Jb158Ee','15/4/2019','18:21','Wf109MK');
INSERT INTO coinvolge VALUES ('rK458sb','4/9/2019','15:47','dS725tT');
INSERT INTO coinvolge VALUES ('vz178bu','12/3/2019','16:55','oZ159Aa');
INSERT INTO coinvolge VALUES ('Hd446JU','3/8/2019','22:42','Wf109MK');
INSERT INTO coinvolge VALUES ('zO456oG','27/9/2019','4:24','SF998LQ');
INSERT INTO coinvolge VALUES ('xa282vM','9/3/2019','15:46','Jp544dF');
INSERT INTO coinvolge VALUES ('Jb158Ee','7/1/2019','2:26','tq346Br');
INSERT INTO coinvolge VALUES ('jU316RV','9/3/2019','23:17','oZ159Aa');
INSERT INTO coinvolge VALUES ('gi328GZ','5/2/2019','1:24','oZ159Aa');
INSERT INTO coinvolge VALUES ('Zr964rF','5/2/2019','19:48','Tq119Vh');
INSERT INTO coinvolge VALUES ('tf049PC','27/9/2019','23:17','Dx807gB');
INSERT INTO coinvolge VALUES ('Jb158Ee','11/8/2019','1:24','Jj792dp');
INSERT INTO coinvolge VALUES ('Jb158Ee','11/10/2019','18:51','bW588lo');
INSERT INTO coinvolge VALUES ('pc590FY','10/2/2019','16:55','tq346Br');
INSERT INTO coinvolge VALUES ('wg035oL','15/11/2019','19:47','Rs191Fm');
INSERT INTO coinvolge VALUES ('pO227Bw','4/9/2019','7:15','Ry301rL');
INSERT INTO coinvolge VALUES ('KI043aX','27/6/2019','15:46','Jp544dF');
INSERT INTO coinvolge VALUES ('HN489KJ','21/8/2019','3:25','KI043aX');
INSERT INTO coinvolge VALUES ('HN489KJ','21/8/2019','20:45','MG596pL');
INSERT INTO coinvolge VALUES ('oZ159Aa','22/8/2019','22:54','Tq119Vh');
INSERT INTO coinvolge VALUES ('zO456oG','23/8/2019','10:11','Zm347nd');
INSERT INTO coinvolge VALUES ('Zr964rF','21/8/2019','22:42','xI320Hc');
INSERT INTO coinvolge VALUES ('HN489KJ','15/4/2019','2:26','XP044tM');
INSERT INTO coinvolge VALUES ('tP652LO','13/1/2019','15:47','kf005Rp');
INSERT INTO coinvolge VALUES ('wg035oL','3/8/2019','9:51','Rs191Fm');
INSERT INTO coinvolge VALUES ('jU316RV','15/4/2019','20:45','wB979iB');
INSERT INTO coinvolge VALUES ('rK458sb','16/2/2019','0:49','Rs191Fm');
INSERT INTO coinvolge VALUES ('oZ159Aa','15/5/2019','19:47','bW588lo');
INSERT INTO coinvolge VALUES ('tq346Br','7/9/2019','15:46','Rs191Fm');
INSERT INTO coinvolge VALUES ('zI157uH','15/4/2019','15:46','Zm347nd');
INSERT INTO coinvolge VALUES ('Jp544dF','8/11/2019','19:48','SF998LQ');
INSERT INTO coinvolge VALUES ('jU316RV','6/9/2019','22:42','Wf109MK');
INSERT INTO coinvolge VALUES ('KI043aX','15/4/2019','0:29','MG596pL');
INSERT INTO coinvolge VALUES ('oZ159Aa','16/2/2019','15:46','Dx807gB');
INSERT INTO coinvolge VALUES ('tf049PC','7/1/2019','22:42','Zq804TM');
INSERT INTO coinvolge VALUES ('zO456oG','19/1/2019','0:29','Jj792dp');
INSERT INTO coinvolge VALUES ('zO456oG','22/5/2019','10:11','ft430Ek');
INSERT INTO coinvolge VALUES ('ZK724SF','12/6/2019','19:48','MG596pL');
INSERT INTO coinvolge VALUES ('pO227Bw','11/10/2019','1:24','gA773qO');
INSERT INTO coinvolge VALUES ('Hd446JU','11/8/2019','10:11','Ry301rL');
INSERT INTO coinvolge VALUES ('zO456oG','14/3/2019','15:19','Tq119Vh');
INSERT INTO coinvolge VALUES ('Jp544dF','16/2/2019','15:47','xa282vM');
INSERT INTO coinvolge VALUES ('KI043aX','3/8/2019','15:46','Tq119Vh');
INSERT INTO coinvolge VALUES ('gA773qO','22/8/2019','22:54','tq346Br');
INSERT INTO coinvolge VALUES ('Be217RT','8/11/2019','22:42','Hd360Ik');
INSERT INTO coinvolge VALUES ('tP811mq','20/8/2019','4:24','vz178bu');
INSERT INTO coinvolge VALUES ('eK757uK','14/3/2019','15:47','KI043aX');
INSERT INTO coinvolge VALUES ('HN489KJ','5/2/2019','16:55','Hd360Ik');
INSERT INTO coinvolge VALUES ('pc590FY','15/2/2019','19:48','tq346Br');
INSERT INTO coinvolge VALUES ('tq346Br','19/5/2019','0:49','oZ159Aa');
			 
-----------------------------------------------------------------------------------------------------------------------------------------------------------------
CREATE TABLE testimoni
(telCell NUMERIC(10),
nome VARCHAR(20) NOT NULL,
cognome VARCHAR(20) NOT NULL,
PRIMARY KEY (telCell));
			 
INSERT INTO testimoni VALUES ('1098080989','tCdJQlqbBXOPaMKYWzmB','anHdAOnBMgObrNOCPotr');
INSERT INTO testimoni VALUES ('6049327919','xMxeUWQAqchMecnDAHON','UqGFImpenKUiBozXXZDJ');
INSERT INTO testimoni VALUES ('7625477216','YCuPRovIHvTYFGSCKRLo','MrlBBEuAAblhwOCxLFxj');
INSERT INTO testimoni VALUES ('0421061048','rFpNMppYVQyGtRDvbukw','UPnhfWYPbimvOqanXebL');
INSERT INTO testimoni VALUES ('0326855641','krPQiUdwNAtKEUqNZNDq','CLeOrAqyxAwUpIPlDyyu');
INSERT INTO testimoni VALUES ('5817748109','HuShUYnYWTprAurQexfw','cKZfcUkyBsVYvrZLLyjZ');
INSERT INTO testimoni VALUES ('6822243598','rtrrhlbhIyxFMzTyQvzl','OJFmtcMLymZQYlfiuhjW');
INSERT INTO testimoni VALUES ('8117632513','JWEZpaFThrVFpdjlOqqS','qYZPJmWEIXjVrztgUqdq');
INSERT INTO testimoni VALUES ('6340657828','YepCQSjDBrqZsnPoKOOP','qCbqzQwGGzAjcOwcYjkb');
INSERT INTO testimoni VALUES ('6079667417','PqUTyupwqJWASwoGdDqq','nVBtCLsOnQxeGqDtiWRL');
INSERT INTO testimoni VALUES ('3218995218','dntABGljDpHavzppLmlB','idOhNDECBqHfKrcNZMDs');
INSERT INTO testimoni VALUES ('3947562347','udpBwARUjhqYILdVUYpb','sJxlBaLNfuPOkwcmgjcY');
INSERT INTO testimoni VALUES ('8246281914','jemfuxxIOwsJfVkNuItX','cRrSNpbQsZjdBcimmiJx');
INSERT INTO testimoni VALUES ('0089252765','WfxBRJCavIXwpHuQBjHe','zHtJKsozWyCXcCKNgDBa');
INSERT INTO testimoni VALUES ('9889753110','DWcwggcTcHXasYqQSrRd','gTaeYnNwaEKVTDtjuzmQ');
INSERT INTO testimoni VALUES ('0009127090','liYqZkdEAuNjlYiQfDhq','nqqTVKMlTxZVlqJHekKS');
INSERT INTO testimoni VALUES ('2148695099','tOQWZJpSRtRFrKJmxYiV','gFdnCqNsEQHimoXOTVOv');
INSERT INTO testimoni VALUES ('0416992288','wuPQZMVxctyaxdigvupM','oiGOiqICkyglPKMcyyYM');
INSERT INTO testimoni VALUES ('0345861551','EZXHaYZzvWKQTVJsXjVs','lmhIrsaoAScjdGCSTwMW');
INSERT INTO testimoni VALUES ('4157318939','eTTaYiCPbslASdTRhpuE','trowNeKsujTyaVFsnoQS');
INSERT INTO testimoni VALUES ('9632690073','qTQzMAsJtQVIEAGPiYAp','hTsLjCuopyUDRngLCBVa');
INSERT INTO testimoni VALUES ('8738554593','nGDWRjKZAPXjkwWmiYDB','CxGmNoQjmSQyzYNFfVoE');
INSERT INTO testimoni VALUES ('1519358022','hxmVhqoPYUHcSAWacsCd','okrFuyUuVPnPmuVxFdnW');
INSERT INTO testimoni VALUES ('7174087617','IZJrzQaVybDHNcuGtTGP','jHbToHJbZsaBaUKZNszh');
INSERT INTO testimoni VALUES ('9399688321','XHWyAVncjFnrpHiawRYU','yTxfCCqhgxHswAleyvVh');
INSERT INTO testimoni VALUES ('1709257526','MrmZgxihLHgdhFZAHSPl','gTgUDRNEEHVHtDrLONdo');
INSERT INTO testimoni VALUES ('3796450998','GsPxbhERCeOVXOWACTXu','qrApGsoqQViSZYckqhWs');
INSERT INTO testimoni VALUES ('4201669049','qsgJjuGxegHIacwHcpTx','YBSRFLKGxlXJKmKozvEY');
INSERT INTO testimoni VALUES ('6747225508','UVcJjyXncsKxpgTbgaEe','zXTibAOHtPAfOOYyfsve');
INSERT INTO testimoni VALUES ('6889521030','FTIjkStedeXgneecjAGf','jICxhtXaSGwQjhDmFzrX');
INSERT INTO testimoni VALUES ('0306980089','vDhDPyONxIGrDEuJqXma','nTLIRsElSDXUPrbIXtKO');
INSERT INTO testimoni VALUES ('3076668912','QIUKHKIggvXQUVtqXAYQ','pzprzsaZEyQthECAFpnA');
INSERT INTO testimoni VALUES ('0156428942','RMQFpmsHoaVCBXXLzKFz','rgJpZCJhYrVpjWxuOWWc');
INSERT INTO testimoni VALUES ('1320237115','yaBBmdtkuzrXbgDUDhXp','bqzNALUnrwAaLPKCCvaH');
INSERT INTO testimoni VALUES ('8078980729','TnvhUFfBtJNqAWGuZuqO','ygnKyhVXfsnzXWCiZjrK');
INSERT INTO testimoni VALUES ('9463682953','vUbeswoqKKWEUxUnMPcK','QVROyccAptMUqrleLNow');
INSERT INTO testimoni VALUES ('0245027799','aPIpMTardRhTfqoTwvNZ','iDKqfSSkmyrPwhYDpkqU');
INSERT INTO testimoni VALUES ('7801413666','CxDecJuSUFxBQgVcwoie','URIkmVVGioSdwcTOekgJ');
INSERT INTO testimoni VALUES ('0557708266','THQGgeLURLcTIfozdVhc','atMjNgjHFYrafgwJfvzs');
INSERT INTO testimoni VALUES ('1053766728','seXlsjWlnllYeOOdjtzr','wCyuDlkALBMzgkPHWXcn');
INSERT INTO testimoni VALUES ('3270998909','lWDzfrTNwyunPyBZbUVD','EKzsyMyrDSPekKnAXaba');
INSERT INTO testimoni VALUES ('8339585544','DfdRJRWAEqhbzfUMIJkK','LkWygcrvcqDFzpvnNVNw');
INSERT INTO testimoni VALUES ('5446865265','GKeRwGxHmSLIFjlniLYC','iAxUkqSsQnmmyvChPSyb');
INSERT INTO testimoni VALUES ('0724418108','PJIiWckvCgJKXYmNOBEU','zQeaOLGbzLvIrBpCJyrw');
INSERT INTO testimoni VALUES ('8098294985','oPncBUEGleNxmGUYYEVT','KnSYnYfAQpSMDiGASfvK');
INSERT INTO testimoni VALUES ('2188096021','MJhKyAwIHgGOeKrOzdww','UlkjYKNVawoSEqInmekh');
INSERT INTO testimoni VALUES ('4470621371','uHOVoTSnbcIUOsQBhNfP','YOZoVJwpsHVAPTSOBYNE');
INSERT INTO testimoni VALUES ('4824205176','bKiQZnTZdOKlmrccNQVs','VABXwciuWsbDtofSbpvg');
INSERT INTO testimoni VALUES ('3729257194','QCXhVyrzgvjlvQqNszch','zXPHefLmoaWhebMkvuJV');
INSERT INTO testimoni VALUES ('1258303771','FoednLQCxAeibRyacZoL','gyQGPIHlmqRDarThixkm');
			 
-----------------------------------------------------------------------------------------------------------------------------------------------------------------
CREATE TABLE testimonia
(telCell NUMERIC(10),
dataInc DATE,
oraInc TIME,
targa VARCHAR(7),
PRIMARY KEY (telCell, dataInc, oraInc, targa),
FOREIGN KEY (telCell) REFERENCES testimoni,
FOREIGN KEY (dataInc, oraInc, targa) REFERENCES incidente);
			 
INSERT INTO testimonia VALUES ('0089252765','9/1/2019','19:47','Wf109MK');
INSERT INTO testimonia VALUES ('1519358022','15/5/2019','2:26','dS725tT');
INSERT INTO testimonia VALUES ('6889521030','21/8/2019','15:47','wB979iB');
INSERT INTO testimonia VALUES ('4824205176','5/2/2019','18:51','ft430Ek');
INSERT INTO testimonia VALUES ('0724418108','19/5/2019','6:30','SF998LQ');
INSERT INTO testimonia VALUES ('7801413666','19/1/2019','15:46','wB979iB');
INSERT INTO testimonia VALUES ('6079667417','5/2/2019','22:42','Dx807gB');
INSERT INTO testimonia VALUES ('9889753110','22/8/2019','15:47','MG596pL');
INSERT INTO testimonia VALUES ('6049327919','9/3/2019','22:42','tq346Br');
INSERT INTO testimonia VALUES ('5817748109','5/2/2019','6:30','bW588lo');
INSERT INTO testimonia VALUES ('1258303771','3/8/2019','15:36','Mu877MR');
INSERT INTO testimonia VALUES ('5817748109','16/2/2019','15:47','tq346Br');
INSERT INTO testimonia VALUES ('3270998909','16/1/2019','6:30','wB979iB');
INSERT INTO testimonia VALUES ('6889521030','19/1/2019','22:54','XP044tM');
INSERT INTO testimonia VALUES ('0245027799','7/9/2019','4:24','Ry301rL');
INSERT INTO testimonia VALUES ('0009127090','11/10/2019','22:54','tq346Br');
INSERT INTO testimonia VALUES ('6889521030','27/9/2019','1:36','KI043aX');
INSERT INTO testimonia VALUES ('9632690073','13/1/2019','19:47','Zq804TM');
INSERT INTO testimonia VALUES ('3270998909','6/9/2019','15:36','wB979iB');
INSERT INTO testimonia VALUES ('0345861551','4/6/2019','19:48','Zq804TM');
INSERT INTO testimonia VALUES ('9463682953','15/5/2019','15:36','xI320Hc');
INSERT INTO testimonia VALUES ('3270998909','8/11/2019','10:11','bW588lo');
INSERT INTO testimonia VALUES ('4201669049','11/8/2019','1:24','Ry301rL');
INSERT INTO testimonia VALUES ('4157318939','4/9/2019','9:51','KI043aX');
INSERT INTO testimonia VALUES ('1258303771','9/1/2019','15:46','KI043aX');
INSERT INTO testimonia VALUES ('4824205176','9/3/2019','7:15','Zm347nd');
INSERT INTO testimonia VALUES ('3729257194','4/9/2019','23:17','Dx807gB');
INSERT INTO testimonia VALUES ('3796450998','9/3/2019','9:51','xa282vM');
INSERT INTO testimonia VALUES ('0326855641','14/3/2019','0:49','xa282vM');
INSERT INTO testimonia VALUES ('4824205176','15/4/2019','7:51','wB979iB');
INSERT INTO testimonia VALUES ('1519358022','15/2/2019','7:15','Rs191Fm');
INSERT INTO testimonia VALUES ('8098294985','15/2/2019','15:19','Hd360Ik');
INSERT INTO testimonia VALUES ('1709257526','11/10/2019','22:42','Tq119Vh');
INSERT INTO testimonia VALUES ('2188096021','7/9/2019','16:55','MG596pL');
INSERT INTO testimonia VALUES ('4201669049','5/2/2019','19:47','MG596pL');
INSERT INTO testimonia VALUES ('0156428942','7/1/2019','0:17','Zq804TM');
INSERT INTO testimonia VALUES ('0345861551','12/6/2019','18:51','Jj792dp');
INSERT INTO testimonia VALUES ('9889753110','21/8/2019','7:15','Jp544dF');
INSERT INTO testimonia VALUES ('3218995218','27/6/2019','15:19','tq346Br');
INSERT INTO testimonia VALUES ('1258303771','11/10/2019','22:42','xI320Hc');
INSERT INTO testimonia VALUES ('6079667417','20/8/2019','15:36','Jp544dF');
INSERT INTO testimonia VALUES ('9889753110','27/6/2019','4:24','VI944ux');
INSERT INTO testimonia VALUES ('3076668912','19/1/2019','1:36','tq346Br');
INSERT INTO testimonia VALUES ('3218995218','23/8/2019','9:51','tq346Br');
INSERT INTO testimonia VALUES ('8078980729','16/1/2019','15:47','Zm347nd');
INSERT INTO testimonia VALUES ('4157318939','15/5/2019','20:45','kf005Rp');
INSERT INTO testimonia VALUES ('1098080989','12/6/2019','15:47','Dx807gB');
INSERT INTO testimonia VALUES ('1098080989','19/5/2019','15:36','Dx807gB');
INSERT INTO testimonia VALUES ('6079667417','8/11/2019','15:46','Wf109MK');
INSERT INTO testimonia VALUES ('0156428942','22/8/2019','22:54','Jp544dF');

-----------------------------------------------------------------------------------------------------------------------------------------------------------------			 
-----------------------------------------------------------------------------------------------------------------------------------------------------------------
--0. Vista fatturazione
			 
--1. Interrogazioni semplici
	--Si decide di selezionare tutte le prenotazioni con penale nulla
	select prenotazione.targa, prenotazione.dataRitiro, prenotazione.orarioRitiro
	from prenotazione join vettura on prenotazione.targa=vettura.targa
	where prenotazione.penale='0';
--2. Manipolazione
	--Si decide di cancellare tutte le prenotazioni tranne quelle avvenute nel mese di aprile
	delete from prenotazione
	where dataConsegna<'31/03/2019' and dataConsegna>'30/04/2019';
--3. Interrogazioni di analisi
	--Si decide di selezionare tutte le targhe (con i relativi parcheggi in cui sono state) che hanno pi di due prenotazioni
	select prenotazione.targa,vettura.nomeParcheggio,COUNT(*)
	from prenotazione join vettura on prenotazione.targa=vettura.targa
	where dataAnnullamento is null
	GROUP BY prenotazione.targa,vettura.nomeParcheggio
	HAVING COUNT(*)>2
	order by prenotazione.targa;
			 
			